"title_description","base_salary"
"POLICE OFFICER","109352.00"
"SENIOR POLICE ADMINISTRATIVE AIDE","64137.00"
"CITY CUSTODIAL ASSISTANT","43488.00"
"POLICE OFFICER","109352.00"
"CAPTAIN D/A DEPUTY CHIEF","227306.00"
"POLICE OFFICER","109352.00"
"SENIOR POLICE ADMINISTRATIVE AIDE","66433.00"
"CRIMINALIST ASSISTANT DIRECTOR OF LABORATORY","145517.00"
"CAPTAIN DETAILED AS ASSISTANT CHIEF","240511.00"
"SERGEANT-D/A SPECIAL ASSIGNMENT","135511.00"
"COMMUNITY COORDINATOR","76820.00"
"SENIOR POLICE ADMINISTRATIVE AIDE","58976.00"
"PRINCIPAL ADMINISTRATIVE ASSOCIATE -  NON SUPVR","68085.00"
"SENIOR POLICE ADMINISTRATIVE AIDE","66398.00"
"CAPTAIN DETAILED AS CHIEF OF DETECTIVES","241116.00"
"POLICE OFFICER","109352.00"
"POLICE ADMINISTRATIVE AIDE","52800.00"
"POLICE OFFICER D/A DETECTIVE 1ST GR","149518.00"
"POLICE OFFICER D/A DETECTIVE 1ST GR","154751.00"
"POLICE OFFICER D/A DETECTIVE 1ST GR","154751.00"
"SENIOR POLICE ADMINISTRATIVE AIDE","58707.00"
"POLICE OFFICER D/A DETECTIVE 1ST GR","154751.00"
"CAPTAIN D/A INSPECTOR","215791.00"
"CAPTAIN D/A INSPECTOR","215791.00"
"ADMINISTRATIVE STAFF ANALYST","201324.00"
"COMPUTER SPECIALIST","143197.00"
"POLICE OFFICER","109352.00"
"PRINCIPAL ADMINISTRATIVE ASSOCIATE -  NON SUPVR","68798.00"
"PRINCIPAL ADMINISTRATIVE ASSOCIATE -  NON SUPVR","67173.00"
"POLICE ADMINISTRATIVE AIDE","53997.00"
"SENIOR POLICE ADMINISTRATIVE AIDE","59290.00"
"CAPTAIN DETAILED AS ASSISTANT CHIEF","240511.00"
"POLICE OFFICER D/A DETECTIVE 1ST GR","154751.00"
"SERGEANT-D/A SPECIAL ASSIGNMENT","135511.00"
"CHIEF OF PROFESSIONAL STANDARDS","241116.00"
"PRINCIPAL ADMINISTRATIVE ASSOCIATE -  NON SUPVR","80448.00"
"POLICE ATTENDANT","48893.00"
"CAPTAIN DETAILED AS ASSISTANT CHIEF","285448.00"
"SCHOOL CROSSING GUARD","44584.00"
"POLICE SURGEON","169340.00"
"TRAFFIC ENFORCEMENT AGENT","48128.00"
"TRAFFIC ENFORCEMENT AGENT","48128.00"
"TRAFFIC ENFORCEMENT AGENT","48128.00"
"TRAFFIC ENFORCEMENT AGENT","48128.00"
"TRAFFIC ENFORCEMENT AGENT","46234.00"
"TRAFFIC ENFORCEMENT AGENT","48128.00"
"POLICE OFFICER","57976.00"
"TRAFFIC ENFORCEMENT AGENT","48128.00"
"TRAFFIC ENFORCEMENT AGENT","46234.00"
"TRAFFIC ENFORCEMENT AGENT","47185.00"
"POLICE OFFICER","55942.00"
"TRAFFIC ENFORCEMENT AGENT","48128.00"
"TRAFFIC ENFORCEMENT AGENT","48128.00"
"TRAFFIC ENFORCEMENT AGENT","48128.00"
"TRAFFIC ENFORCEMENT AGENT","48128.00"
"POLICE OFFICER","55942.00"
"TRAFFIC ENFORCEMENT AGENT","48128.00"
"TRAFFIC ENFORCEMENT AGENT","48128.00"
"POLICE OFFICER","55942.00"
"TRAFFIC ENFORCEMENT AGENT","48128.00"
"POLICE OFFICER","55942.00"
"TRAFFIC ENFORCEMENT AGENT","48128.00"
"TRAFFIC ENFORCEMENT AGENT","48128.00"
"POLICE OFFICER","55942.00"
"TRAFFIC ENFORCEMENT AGENT","48128.00"
"TRAFFIC ENFORCEMENT AGENT","48128.00"
"TRAFFIC ENFORCEMENT AGENT","48128.00"
"TRAFFIC ENFORCEMENT AGENT","48128.00"
"TRAFFIC ENFORCEMENT AGENT","48128.00"
"TRAFFIC ENFORCEMENT AGENT","48128.00"
"TRAFFIC ENFORCEMENT AGENT","48128.00"
"POLICE OFFICER","55942.00"
"TRAFFIC ENFORCEMENT AGENT","46234.00"
"TRAFFIC ENFORCEMENT AGENT","48128.00"
"TRAFFIC ENFORCEMENT AGENT","48128.00"
"TRAFFIC ENFORCEMENT AGENT","46234.00"
"TRAFFIC ENFORCEMENT AGENT","48128.00"
"POLICE OFFICER","55942.00"
"CITY CUSTODIAL ASSISTANT","42898.00"
"CITY CUSTODIAL ASSISTANT","38712.00"
"CITY CUSTODIAL ASSISTANT","42898.00"
"CITY CUSTODIAL ASSISTANT","42898.00"
"CITY CUSTODIAL ASSISTANT","42898.00"
"CITY CUSTODIAL ASSISTANT","42898.00"
"CITY CUSTODIAL ASSISTANT","42898.00"
"POLICE OFFICER","55942.00"
"POLICE OFFICER","57976.00"
"POLICE OFFICER","55942.00"
"POLICE OFFICER","55942.00"
"POLICE OFFICER","55942.00"
"CRIME ANALYST","63667.00"
"CRIME ANALYST","63667.00"
"CRIME ANALYST","63667.00"
"POLICE OFFICER","55942.00"
"CRIME ANALYST","63667.00"
"CRIME ANALYST","63667.00"
"CRIME ANALYST","61663.00"
"CRIME ANALYST","63667.00"
"POLICE OFFICER","55942.00"
"POLICE OFFICER","55942.00"
"CITY CUSTODIAL ASSISTANT","42898.00"
"CITY CUSTODIAL ASSISTANT","42898.00"
"CITY CUSTODIAL ASSISTANT","42898.00"
"CITY CUSTODIAL ASSISTANT","42898.00"
"CITY CUSTODIAL ASSISTANT","42898.00"
"CITY CUSTODIAL ASSISTANT","42898.00"
"INTELLIGENCE RESEARCH SPECIALIST-PD","74204.00"
"POLICE OFFICER","55942.00"
"POLICE OFFICER","55942.00"
"POLICE OFFICER","55942.00"
"POLICE OFFICER","57976.00"
"POLICE OFFICER","57976.00"
"POLICE OFFICER","57976.00"
"POLICE OFFICER","57976.00"
"POLICE OFFICER","57976.00"
"POLICE OFFICER","57976.00"
"POLICE OFFICER","57976.00"
"POLICE OFFICER","57976.00"
"POLICE OFFICER","57976.00"
"POLICE OFFICER","57976.00"
"POLICE OFFICER","57976.00"
"POLICE OFFICER","57976.00"
"POLICE OFFICER","57976.00"
"POLICE OFFICER","57976.00"
"POLICE OFFICER","57976.00"
"POLICE OFFICER","57976.00"
"POLICE OFFICER","57976.00"
"POLICE OFFICER","57976.00"
"POLICE OFFICER","57976.00"
"POLICE OFFICER","57976.00"
"POLICE OFFICER","57976.00"
"POLICE OFFICER","57976.00"
"POLICE OFFICER","57976.00"
"POLICE OFFICER","57976.00"
"POLICE OFFICER","57976.00"
"POLICE OFFICER","57976.00"
"POLICE OFFICER","57976.00"
"POLICE OFFICER","57976.00"
"POLICE OFFICER","57976.00"
"POLICE OFFICER","57976.00"
"POLICE OFFICER","57976.00"
"POLICE OFFICER","57976.00"
"POLICE OFFICER","57976.00"
"POLICE OFFICER","57976.00"
"POLICE OFFICER","57976.00"
"POLICE OFFICER","57976.00"
"POLICE OFFICER","57976.00"
"POLICE OFFICER","57976.00"
"POLICE ADMINISTRATIVE AIDE","42288.00"
"SCHOOL SAFETY AGENT","39206.00"
"SCHOOL SAFETY AGENT","40502.00"
"SCHOOL SAFETY AGENT","40502.00"
"SCHOOL SAFETY AGENT","40502.00"
"SCHOOL SAFETY AGENT","40502.00"
"POLICE OFFICER","57976.00"
"POLICE OFFICER","55942.00"
"SCHOOL SAFETY AGENT","40502.00"
"INVESTIGATOR","55437.00"
"TRAFFIC ENFORCEMENT AGENT","47621.00"
"POLICE OFFICER","57976.00"
"POLICE OFFICER","57976.00"
"POLICE OFFICER","57976.00"
"POLICE OFFICER","57976.00"
"POLICE OFFICER","57976.00"
"POLICE OFFICER","57976.00"
"POLICE OFFICER","57976.00"
"POLICE OFFICER","57976.00"
"POLICE OFFICER","57976.00"
"POLICE OFFICER","57976.00"
"POLICE OFFICER","57976.00"
"POLICE OFFICER","57976.00"
"POLICE OFFICER","57976.00"
"POLICE OFFICER","57976.00"
"POLICE OFFICER","57976.00"
"POLICE OFFICER","57976.00"
"POLICE OFFICER","57976.00"
"POLICE OFFICER","57976.00"
"POLICE OFFICER","57976.00"
"POLICE OFFICER","57976.00"
"POLICE OFFICER","57976.00"
"POLICE OFFICER","57976.00"
"POLICE OFFICER","55942.00"
"POLICE OFFICER","57976.00"
"POLICE OFFICER","57976.00"
"POLICE OFFICER","53790.00"
"POLICE OFFICER","57976.00"
"POLICE OFFICER","57976.00"
"POLICE OFFICER","57976.00"
"POLICE OFFICER","57976.00"
"POLICE OFFICER","55942.00"
"POLICE OFFICER","57976.00"
"POLICE OFFICER","57976.00"
"POLICE OFFICER","57976.00"
"POLICE OFFICER","57976.00"
"POLICE OFFICER","57976.00"
"POLICE OFFICER","57976.00"
"POLICE OFFICER","57976.00"
"POLICE OFFICER","57976.00"
"POLICE OFFICER","57976.00"
"POLICE OFFICER","57976.00"
"POLICE OFFICER","57976.00"
"POLICE OFFICER","57976.00"
"POLICE OFFICER","57976.00"
"POLICE OFFICER","57976.00"
"POLICE OFFICER","55942.00"
"POLICE OFFICER","57976.00"
"POLICE OFFICER","57976.00"
"POLICE OFFICER","57976.00"
"POLICE OFFICER","57976.00"
"POLICE OFFICER","57976.00"
"POLICE OFFICER","57976.00"
"POLICE OFFICER","57976.00"
"POLICE OFFICER","57976.00"
"POLICE OFFICER","57976.00"
"POLICE OFFICER","57976.00"
"POLICE OFFICER","57976.00"
"POLICE OFFICER","57976.00"
"POLICE OFFICER","53790.00"
"POLICE OFFICER","57976.00"
"POLICE OFFICER","57976.00"
"POLICE OFFICER","55942.00"
"POLICE OFFICER","55942.00"
"POLICE OFFICER","57976.00"
"POLICE OFFICER","57976.00"
"POLICE OFFICER","57976.00"
"POLICE OFFICER","57976.00"
"POLICE OFFICER","57976.00"
"POLICE OFFICER","57976.00"
"POLICE OFFICER","55942.00"
"POLICE OFFICER","57976.00"
"POLICE OFFICER","57976.00"
"POLICE OFFICER","57976.00"
"POLICE OFFICER","57976.00"
"POLICE OFFICER","57976.00"
"POLICE OFFICER","53790.00"
"POLICE OFFICER","57976.00"
"POLICE OFFICER","57976.00"
"POLICE OFFICER","55942.00"
"POLICE OFFICER","55942.00"
"POLICE OFFICER","55942.00"
"POLICE OFFICER","55942.00"
"POLICE OFFICER","55942.00"
"POLICE OFFICER","55942.00"
"CITY CUSTODIAL ASSISTANT","39970.00"
"PSYCHOLOGIST","95211.00"
"INTELLIGENCE RESEARCH SPECIALIST-PD","85133.00"
"CITY CUSTODIAL ASSISTANT","39970.00"
"CRIME ANALYST","63667.00"
"CRIME ANALYST","61663.00"
"CRIME ANALYST","59867.00"
"CRIME ANALYST","63667.00"
"CRIME ANALYST","63667.00"
"INTELLIGENCE RESEARCH SPECIALIST-PD","77589.00"
"CRIME ANALYST","61663.00"
"SCHOOL SAFETY AGENT","39206.00"
"PHOTOGRAPHER","51446.00"
"PHOTOGRAPHER","51446.00"
"CRIME ANALYST","63667.00"
"MEDIA SERVICES TECHNICIAN","48170.00"
"COMMUNITY ASSISTANT","39970.00"
"POLICE ATTENDANT","43207.00"
"CITY RESEARCH SCIENTIST","81991.00"
"CITY RESEARCH SCIENTIST","105819.00"
"TRAFFIC ENFORCEMENT AGENT","47621.00"
"SCHOOL SAFETY AGENT","39206.00"
"POLICE OFFICER","55942.00"
"STOCK WORKER","42664.00"
"COMPUTER ASSOCIATE","82149.00"
"COMPUTER ASSOCIATE","82149.00"
"POLICE OFFICER","55942.00"
"POLICE OFFICER","55942.00"
"POLICE OFFICER","57976.00"
"POLICE OFFICER","57976.00"
"POLICE OFFICER","57976.00"
"POLICE OFFICER","57976.00"
"POLICE OFFICER","57976.00"
"POLICE OFFICER","57976.00"
"POLICE OFFICER","57976.00"
"POLICE OFFICER","57976.00"
"POLICE OFFICER","57976.00"
"POLICE OFFICER","57976.00"
"POLICE OFFICER","57976.00"
"POLICE OFFICER","57976.00"
"POLICE OFFICER","57976.00"
"POLICE OFFICER","57976.00"
"POLICE OFFICER","57976.00"
"POLICE OFFICER","57976.00"
"POLICE OFFICER","57976.00"
"POLICE OFFICER","57976.00"
"POLICE OFFICER","55942.00"
"POLICE OFFICER","57976.00"
"POLICE OFFICER","57976.00"
"POLICE OFFICER","57976.00"
"POLICE OFFICER","57976.00"
"POLICE OFFICER","57976.00"
"POLICE OFFICER","57976.00"
"POLICE OFFICER","57976.00"
"POLICE OFFICER","57976.00"
"POLICE OFFICER","57976.00"
"POLICE OFFICER","57976.00"
"POLICE OFFICER","57976.00"
"POLICE OFFICER","57976.00"
"POLICE OFFICER","57976.00"
"POLICE OFFICER","57976.00"
"POLICE OFFICER","57976.00"
"POLICE OFFICER","57976.00"
"POLICE OFFICER","57976.00"
"POLICE OFFICER","57976.00"
"POLICE OFFICER","57976.00"
"POLICE OFFICER","57976.00"
"POLICE OFFICER","57976.00"
"POLICE OFFICER","57976.00"
"POLICE OFFICER","57976.00"
"POLICE OFFICER","57976.00"
"POLICE OFFICER","57976.00"
"POLICE OFFICER","57976.00"
"POLICE OFFICER","57976.00"
"POLICE OFFICER","55942.00"
"POLICE OFFICER","57976.00"
"POLICE OFFICER","57976.00"
"POLICE OFFICER","57976.00"
"POLICE OFFICER","57976.00"
"POLICE OFFICER","55942.00"
"POLICE OFFICER","57976.00"
"POLICE OFFICER","55942.00"
"POLICE OFFICER","57976.00"
"POLICE OFFICER","57976.00"
"POLICE OFFICER","57976.00"
"POLICE OFFICER","57976.00"
"POLICE OFFICER","57976.00"
"POLICE OFFICER","57976.00"
"POLICE OFFICER","57976.00"
"POLICE OFFICER","57976.00"
"POLICE OFFICER","57976.00"
"POLICE OFFICER","57976.00"
"POLICE OFFICER","57976.00"
"POLICE OFFICER","57976.00"
"POLICE OFFICER","57976.00"
"POLICE OFFICER","57976.00"
"POLICE OFFICER","57976.00"
"POLICE OFFICER","57976.00"
"POLICE OFFICER","57976.00"
"POLICE OFFICER","57976.00"
"POLICE OFFICER","55942.00"
"POLICE OFFICER","57976.00"
"POLICE OFFICER","57976.00"
"POLICE OFFICER","55942.00"
"POLICE ATTENDANT","43207.00"
"POLICE ATTENDANT","43207.00"
"POLICE OFFICER","55942.00"
"POLICE OFFICER","55942.00"
"POLICE OFFICER","55942.00"
"POLICE OFFICER","55942.00"
"POLICE OFFICER","55942.00"
"POLICE OFFICER","55942.00"
"POLICE OFFICER","55942.00"
"POLICE OFFICER","55942.00"
"POLICE OFFICER","55942.00"
"POLICE OFFICER","55942.00"
"POLICE OFFICER","55942.00"
"POLICE OFFICER","55942.00"
"POLICE OFFICER","55942.00"
"POLICE OFFICER","55942.00"
"POLICE OFFICER","55942.00"
"POLICE OFFICER","55942.00"
"POLICE OFFICER","55942.00"
"POLICE OFFICER","55942.00"
"POLICE OFFICER","55942.00"
"POLICE OFFICER","55942.00"
"POLICE OFFICER","55942.00"
"POLICE OFFICER","55942.00"
"POLICE OFFICER","55942.00"
"POLICE OFFICER","55942.00"
"POLICE OFFICER","55942.00"
"POLICE OFFICER","55942.00"
"POLICE OFFICER","55942.00"
"POLICE OFFICER","55942.00"
"POLICE OFFICER","55942.00"
"POLICE OFFICER","55942.00"
"POLICE OFFICER","55942.00"
"POLICE OFFICER","55942.00"
"POLICE OFFICER","55942.00"
"POLICE OFFICER","55942.00"
"POLICE OFFICER","55942.00"
"POLICE OFFICER","55942.00"
"POLICE OFFICER","55942.00"
"POLICE OFFICER","55942.00"
"POLICE OFFICER","55942.00"
"POLICE OFFICER","55942.00"
"POLICE OFFICER","55942.00"
"POLICE OFFICER","55942.00"
"POLICE OFFICER","55942.00"
"POLICE OFFICER","55942.00"
"POLICE COMMUNICATIONS TECHNICIAN","45704.00"
"TRAFFIC ENFORCEMENT AGENT","47621.00"
"TRAFFIC ENFORCEMENT AGENT","47621.00"
"TRAFFIC ENFORCEMENT AGENT","47621.00"
"TRAFFIC ENFORCEMENT AGENT","45811.00"
"TRAFFIC ENFORCEMENT AGENT","47621.00"
"TRAFFIC ENFORCEMENT AGENT","45811.00"
"TRAFFIC ENFORCEMENT AGENT","47621.00"
"TRAFFIC ENFORCEMENT AGENT","47621.00"
"TRAFFIC ENFORCEMENT AGENT","45811.00"
"TRAFFIC ENFORCEMENT AGENT","47621.00"
"TRAFFIC ENFORCEMENT AGENT","47621.00"
"TRAFFIC ENFORCEMENT AGENT","47621.00"
"TRAFFIC ENFORCEMENT AGENT","47621.00"
"TRAFFIC ENFORCEMENT AGENT","47621.00"
"POLICE OFFICER","55942.00"
"TRAFFIC ENFORCEMENT AGENT","47621.00"
"TRAFFIC ENFORCEMENT AGENT","47621.00"
"TRAFFIC ENFORCEMENT AGENT","47621.00"
"TRAFFIC ENFORCEMENT AGENT","45811.00"
"TRAFFIC ENFORCEMENT AGENT","47621.00"
"TRAFFIC ENFORCEMENT AGENT","47621.00"
"POLICE OFFICER","55942.00"
"TRAFFIC ENFORCEMENT AGENT","47621.00"
"TRAFFIC ENFORCEMENT AGENT","47621.00"
"TRAFFIC ENFORCEMENT AGENT","47621.00"
"TRAFFIC ENFORCEMENT AGENT","47621.00"
"TRAFFIC ENFORCEMENT AGENT","47621.00"
"TRAFFIC ENFORCEMENT AGENT","47621.00"
"SERGEANT-D/A SPECIAL ASSIGNMENT","120442.00"
"POLICE OFFICER","55942.00"
"LIEUTENANT","141684.00"
"POLICE OFFICER","109352.00"
"POLICE OFFICER","109352.00"
"POLICE OFFICER D/A DETECTIVE 2ND GR","134819.00"
"SERGEANT-","97894.00"
"POLICE OFFICER","109352.00"
"POLICE OFFICER","109352.00"
"LIEUTENANT","154751.00"
"P.O. DA DET GR3","119980.00"
"P.O. DET SPEC","119980.00"
"SUPERVISING POLICE COMMUNICATIONS TECHNICIAN","79731.00"
"POLICE OFFICER","109352.00"
"POLICE OFFICER","109352.00"
"POLICE OFFICER","105146.00"
"POLICE OFFICER","109352.00"
"POLICE OFFICER D/A DETECTIVE 2ND GR","134819.00"
"LIEUTENANT","149518.00"
"SERGEANT-D/A SPECIAL ASSIGNMENT","135511.00"
"POLICE OFFICER","109352.00"
"P.O. DET SPEC","119980.00"
"SERGEANT-D/A SPECIAL ASSIGNMENT","121048.00"
"SERGEANT-","118056.00"
"POLICE OFFICER D/A DETECTIVE 2ND GR","134819.00"
"POLICE OFFICER","109352.00"
"POLICE OFFICER","109352.00"
"POLICE OFFICER","109352.00"
"SCHOOL SAFETY AGENT","56508.00"
"POLICE OFFICER","109352.00"
"SERGEANT-","97894.00"
"SCHOOL SAFETY AGENT","56508.00"
"SCHOOL SAFETY AGENT","56508.00"
"SCHOOL SAFETY AGENT","56508.00"
"SCHOOL SAFETY AGENT","56508.00"
"SCHOOL SAFETY AGENT","54862.00"
"SCHOOL SAFETY AGENT","56508.00"
"SCHOOL SAFETY AGENT","56508.00"
"SCHOOL SAFETY AGENT","56508.00"
"SCHOOL SAFETY AGENT","56508.00"
"SCHOOL SAFETY AGENT","56508.00"
"SCHOOL SAFETY AGENT","56508.00"
"SCHOOL SAFETY AGENT","56508.00"
"SCHOOL SAFETY AGENT","56508.00"
"SUPERVISOR OF SCHOOL SECURITY","81237.00"
"POLICE OFFICER","109352.00"
"SUPERVISOR OF SCHOOL SECURITY","81237.00"
"SCHOOL SAFETY AGENT","53264.00"
"SCHOOL SAFETY AGENT","56508.00"
"SCHOOL SAFETY AGENT","56508.00"
"SCHOOL SAFETY AGENT","56508.00"
"POLICE OFFICER","109352.00"
"SCHOOL SAFETY AGENT","56508.00"
"SCHOOL SAFETY AGENT","56508.00"
"SUPERVISOR OF SCHOOL SECURITY","81237.00"
"P.O. DA DET GR3","119980.00"
"SCHOOL SAFETY AGENT","56508.00"
"SCHOOL SAFETY AGENT","56508.00"
"SCHOOL SAFETY AGENT","56508.00"
"P.O. DA DET GR3","119314.00"
"SCHOOL SAFETY AGENT","56508.00"
"SCHOOL SAFETY AGENT","56508.00"
"ASSOC SPVR OF SCHOOL SECURITY","95556.00"
"SCHOOL SAFETY AGENT","56508.00"
"SCHOOL SAFETY AGENT","56508.00"
"SCHOOL SAFETY AGENT","56508.00"
"SCHOOL SAFETY AGENT","56508.00"
"SCHOOL SAFETY AGENT","56508.00"
"SCHOOL SAFETY AGENT","56508.00"
"POLICE OFFICER","109352.00"
"POLICE OFFICER","109352.00"
"SCHOOL SAFETY AGENT","56508.00"
"SCHOOL SAFETY AGENT","56508.00"
"SCHOOL SAFETY AGENT","56508.00"
"SCHOOL SAFETY AGENT","56508.00"
"SCHOOL SAFETY AGENT","56508.00"
"COMMUNITY ASSISTANT","40866.00"
"POLICE OFFICER","109352.00"
"POLICE OFFICER","109352.00"
"POLICE OFFICER","57976.00"
"SCHOOL SAFETY AGENT","56508.00"
"SCHOOL SAFETY AGENT","56508.00"
"POLICE OFFICER","109352.00"
"SCHOOL SAFETY AGENT","56508.00"
"SCHOOL SAFETY AGENT","56508.00"
"POLICE OFFICER","109352.00"
"SCHOOL SAFETY AGENT","56508.00"
"SCHOOL SAFETY AGENT","56508.00"
"SCHOOL SAFETY AGENT","56508.00"
"POLICE OFFICER","109352.00"
"P.O. DA DET GR3","119980.00"
"SCHOOL SAFETY AGENT","56508.00"
"POLICE OFFICER","109352.00"
"ASSISTANT COUNSEL-PD","131014.00"
"LIEUTENANT D/A SPECIAL ASSIGNMENT","170234.00"
"ADMINISTRATIVE STAFF ANALYST","100533.00"
"SCHOOL SAFETY AGENT","56508.00"
"POLICE OFFICER","109352.00"
"SCHOOL SAFETY AGENT","56508.00"
"P.O. DA DET GR3","119314.00"
"POLICE OFFICER","109352.00"
"POLICE OFFICER","109352.00"
"SERGEANT-","118056.00"
"SERGEANT-","105606.00"
"SUPERVISOR OF MECHANICS","140840.00"
"POLICE OFFICER","109352.00"
"POLICE OFFICER","57976.00"
"SCHOOL SAFETY AGENT","56508.00"
"PRINCIPAL ADMINISTRATIVE ASSOCIATE -  NON SUPVR","61376.00"
"P.O. DA DET GR3","119314.00"
"INTELLIGENCE RESEARCH SPECIALIST-PD","127849.00"
"LIEUTENANT","141684.00"
"P.O. DA DET GR3","119980.00"
"POLICE COMMUNICATIONS TECHNICIAN","61883.00"
"STAFF ANALYST","87531.00"
"POLICE OFFICER","109352.00"
"POLICE OFFICER","109352.00"
"POLICE OFFICER","109352.00"
"ADMINISTRATIVE STAFF ANALYST","102667.00"
"POLICE OFFICER","55942.00"
"FITNESS INSTRUCTOR","53679.00"
"PARALEGAL AIDE","70247.00"
"LIEUTENANT","141684.00"
"POLICE ADMINISTRATIVE AIDE","48631.00"
"SENIOR POLICE ADMINISTRATIVE AIDE","58758.00"
"SENIOR POLICE ADMINISTRATIVE AIDE","63455.00"
"POLICE ADMINISTRATIVE AIDE","54763.00"
"POLICE OFFICER","109352.00"
"PRINCIPAL ADMINISTRATIVE ASSOCIATE -  NON SUPVR","68733.00"
"SENIOR POLICE ADMINISTRATIVE AIDE","58707.00"
"SENIOR POLICE ADMINISTRATIVE AIDE","62027.00"
"SENIOR POLICE ADMINISTRATIVE AIDE","66398.00"
"SENIOR POLICE ADMINISTRATIVE AIDE","58758.00"
"P.O. DA DET GR3","119980.00"
"POLICE ADMINISTRATIVE AIDE","57773.00"
"POLICE OFFICER","109352.00"
"SERGEANT-","105606.00"
"POLICE OFFICER","109352.00"
"POLICE OFFICER","55942.00"
"POLICE OFFICER","109352.00"
"LIEUTENANT","141684.00"
"P.O. DA DET GR3","119980.00"
"P.O. DET SPEC","119980.00"
"POLICE OFFICER D/A DETECTIVE 2ND GR","134819.00"
"CAPTAIN","157515.00"
"POLICE OFFICER","109352.00"
"POLICE OFFICER","109352.00"
"LIEUTENANT D/A COMMANDER OF DETECTIVE SQUAD","170234.00"
"P.O. DET SPEC","119980.00"
"POLICE OFFICER","109352.00"
"POLICE OFFICER","109352.00"
"LIEUTENANT","154751.00"
"SERGEANT-","118056.00"
"SERGEANT-","118056.00"
"SERGEANT-","118056.00"
"LIEUTENANT D/A SPECIAL ASSIGNMENT","156098.00"
"POLICE OFFICER","109352.00"
"LIEUTENANT","154751.00"
"POLICE OFFICER","109352.00"
"POLICE OFFICER D/A DETECTIVE 2ND GR","134819.00"
"POLICE OFFICER","109352.00"
"POLICE OFFICER","109352.00"
"POLICE OFFICER","109352.00"
"LIEUTENANT","142202.00"
"POLICE OFFICER","109352.00"
"SERGEANT-","118056.00"
"CAPTAIN","160722.00"
"POLICE OFFICER","109352.00"
"POLICE OFFICER","109352.00"
"POLICE OFFICER","109352.00"
"POLICE OFFICER","109352.00"
"LIEUTENANT","141684.00"
"P.O. DA DET GR3","119980.00"
"POLICE OFFICER","109352.00"
"POLICE OFFICER","109352.00"
"POLICE OFFICER","109352.00"
"POLICE OFFICER","109352.00"
"SERGEANT-D/A SPECIAL ASSIGNMENT","121048.00"
"SERGEANT-","118056.00"
"SERGEANT-","118056.00"
"LIEUTENANT","154751.00"
"P.O. DET SPEC","119248.00"
"SERGEANT-D/A SPECIAL ASSIGNMENT","120442.00"
"P.O. DA DET GR3","119980.00"
"SERGEANT-","96477.00"
"P.O. DA DET GR3","119314.00"
"P.O. DA DET GR3","119980.00"
"LIEUTENANT","142202.00"
"POLICE OFFICER","109352.00"
"P.O. DET SPEC","119980.00"
"POLICE OFFICER","109352.00"
"POLICE OFFICER","109352.00"
"P.O. DET SPEC","119980.00"
"P.O. DA DET GR3","119248.00"
"POLICE OFFICER","109352.00"
"POLICE OFFICER","109352.00"
"POLICE OFFICER","109352.00"
"POLICE OFFICER","109352.00"
"SERGEANT-","118056.00"
"POLICE OFFICER D/A DETECTIVE 2ND GR","134819.00"
"SERGEANT-D/A SUPERVISOR DETECTIVE SQUAD","135511.00"
"POLICE OFFICER","109352.00"
"CAPTAIN","194689.00"
"LIEUTENANT","141684.00"
"POLICE OFFICER","109352.00"
"POLICE OFFICER","109352.00"
"SERGEANT-","118056.00"
"POLICE OFFICER","109352.00"
"SERGEANT-D/A SUPERVISOR DETECTIVE SQUAD","121048.00"
"LIEUTENANT","154751.00"
"SERGEANT-","118056.00"
"P.O. DA DET GR3","119980.00"
"LIEUTENANT","141684.00"
"P.O. DA DET GR3","119980.00"
"POLICE OFFICER","109352.00"
"P.O. DA DET GR3","119980.00"
"P.O. DA DET GR3","119980.00"
"P.O. DA DET GR3","119980.00"
"POLICE OFFICER","109352.00"
"SERGEANT-","118056.00"
"POLICE OFFICER","109352.00"
"P.O. DET SPEC","119980.00"
"SERGEANT-D/A SUPERVISOR DETECTIVE SQUAD","135511.00"
"POLICE OFFICER","109352.00"
"POLICE OFFICER","109352.00"
"LIEUTENANT","154751.00"
"POLICE OFFICER","109352.00"
"POLICE OFFICER","109352.00"
"POLICE OFFICER","109352.00"
"LIEUTENANT","154751.00"
"POLICE OFFICER","109352.00"
"CAPTAIN","157537.00"
"POLICE OFFICER D/A DETECTIVE 2ND GR","130260.00"
"SERGEANT-","97894.00"
"LIEUTENANT D/A COMMANDER OF DETECTIVE SQUAD","157713.00"
"POLICE OFFICER","109352.00"
"P.O. DA DET GR3","119980.00"
"P.O. DA DET GR3","119980.00"
"P.O. DA DET GR3","119980.00"
"LIEUTENANT","142202.00"
"SERGEANT-","118056.00"
"P.O. DA DET GR3","119980.00"
"POLICE OFFICER","109352.00"
"LIEUTENANT","154751.00"
"P.O. DA DET GR3","115923.00"
"P.O. DET SPEC","119980.00"
"POLICE OFFICER","109352.00"
"POLICE OFFICER","109352.00"
"POLICE OFFICER","109352.00"
"POLICE OFFICER","109352.00"
"P.O. DET SPEC","119248.00"
"LIEUTENANT","142202.00"
"SERGEANT-D/A SPECIAL ASSIGNMENT","120744.00"
"LIEUTENANT","154751.00"
"P.O. DA DET GR3","119429.00"
"POLICE OFFICER","109352.00"
"POLICE OFFICER","109352.00"
"LIEUTENANT D/A SPECIAL ASSIGNMENT","156098.00"
"LIEUTENANT","154751.00"
"P.O. DA DET GR3","119980.00"
"P.O. DA DET GR3","119980.00"
"LIEUTENANT","154751.00"
"POLICE OFFICER","109352.00"
"CAPTAIN","160722.00"
"P.O. DET SPEC","119248.00"
"POLICE OFFICER","109352.00"
"SERGEANT-","118056.00"
"POLICE OFFICER","109352.00"
"P.O. DA DET GR3","119980.00"
"POLICE OFFICER","109352.00"
"LIEUTENANT","154751.00"
"P.O. DET SPEC","119980.00"
"P.O. DA DET GR3","115390.00"
"POLICE OFFICER","109352.00"
"POLICE OFFICER","109352.00"
"P.O. DA DET GR3","119980.00"
"SERGEANT-","118056.00"
"POLICE OFFICER","109352.00"
"SERGEANT-","118056.00"
"POLICE OFFICER","109352.00"
"POLICE OFFICER","109352.00"
"CAPTAIN D/A INSPECTOR","215791.00"
"SERGEANT-D/A SUPERVISOR DETECTIVE SQUAD","120744.00"
"POLICE OFFICER D/A DETECTIVE 2ND GR","134819.00"
"POLICE OFFICER","109352.00"
"POLICE OFFICER","109352.00"
"P.O. DA DET GR3","119980.00"
"P.O. DA DET GR3","119980.00"
"P.O. DA DET GR3","119980.00"
"SERGEANT-","118056.00"
"P.O. DA DET GR3","119980.00"
"P.O. DA DET GR3","119248.00"
"P.O. DA DET GR3","119980.00"
"SERGEANT-","118056.00"
"POLICE OFFICER","109352.00"
"P.O. DA DET GR3","119980.00"
"POLICE OFFICER","109352.00"
"POLICE OFFICER","109352.00"
"P.O. DA DET GR3","119980.00"
"P.O. DA DET GR3","119980.00"
"POLICE OFFICER D/A DETECTIVE 2ND GR","134819.00"
"P.O. DA DET GR3","119980.00"
"POLICE OFFICER","109352.00"
"POLICE OFFICER","109352.00"
"POLICE OFFICER","109352.00"
"POLICE OFFICER","55942.00"
"INVESTIGATOR","57527.00"
"POLICE OFFICER","109352.00"
"POLICE OFFICER","109352.00"
"P.O. DET SPEC","119314.00"
"P.O. DA DET GR3","115923.00"
"POLICE OFFICER D/A DETECTIVE 2ND GR","134819.00"
"P.O. DET SPEC","119314.00"
"SERGEANT-","118056.00"
"POLICE OFFICER","109352.00"
"POLICE OFFICER","109352.00"
"LIEUTENANT","154751.00"
"SERGEANT-","118056.00"
"LIEUTENANT","154751.00"
"LIEUTENANT D/A SPECIAL ASSIGNMENT","157713.00"
"SERGEANT-","118056.00"
"CAPTAIN","157537.00"
"POLICE OFFICER","109352.00"
"POLICE OFFICER D/A DETECTIVE 2ND GR","134819.00"
"LIEUTENANT","154751.00"
"LIEUTENANT D/A SPECIAL ASSIGNMENT","156098.00"
"LIEUTENANT D/A COMMANDER OF DETECTIVE SQUAD","159762.00"
"P.O. DA DET GR3","119980.00"
"POLICE OFFICER","109352.00"
"POLICE OFFICER","109352.00"
"LIEUTENANT","154751.00"
"CAPTAIN D/A DEPUTY INSPECTOR","204936.00"
"P.O. DA DET GR3","119980.00"
"POLICE OFFICER","109352.00"
"P.O. DA DET GR3","119980.00"
"P.O. DA DET GR3","119980.00"
"POLICE OFFICER","109352.00"
"POLICE OFFICER D/A DETECTIVE 2ND GR","134819.00"
"LIEUTENANT","154751.00"
"SERGEANT-","118056.00"
"SERGEANT-","118056.00"
"LIEUTENANT","154751.00"
"POLICE OFFICER","105146.00"
"LIEUTENANT","154751.00"
"POLICE OFFICER D/A DETECTIVE 2ND GR","134819.00"
"POLICE OFFICER","109352.00"
"P.O. DA DET GR3","119980.00"
"P.O. DA DET GR3","119980.00"
"P.O. DA DET GR3","119980.00"
"POLICE OFFICER","109352.00"
"POLICE OFFICER","109352.00"
"LIEUTENANT","154751.00"
"SERGEANT-","118056.00"
"POLICE OFFICER","109352.00"
"POLICE OFFICER","109352.00"
"SERGEANT-","118056.00"
"SERGEANT-","118056.00"
"P.O. DET SPEC","119248.00"
"P.O. DA DET GR3","119980.00"
"POLICE OFFICER D/A DETECTIVE 2ND GR","130260.00"
"POLICE OFFICER D/A DETECTIVE 2ND GR","134819.00"
"POLICE OFFICER","109352.00"
"POLICE OFFICER","109352.00"
"POLICE OFFICER","109352.00"
"POLICE OFFICER","109352.00"
"P.O. DA DET GR3","115923.00"
"SERGEANT-","118056.00"
"POLICE OFFICER","109352.00"
"POLICE OFFICER","109352.00"
"P.O. DET SPEC","115923.00"
"SERGEANT-D/A SUPERVISOR DETECTIVE SQUAD","120442.00"
"POLICE OFFICER D/A DETECTIVE 2ND GR","134819.00"
"LIEUTENANT","154751.00"
"POLICE OFFICER","109352.00"
"P.O. DA DET GR3","119314.00"
"P.O. DA DET GR3","119980.00"
"P.O. DA DET GR3","119980.00"
"POLICE OFFICER","109352.00"
"POLICE OFFICER","109352.00"
"POLICE OFFICER","109352.00"
"POLICE OFFICER","109352.00"
"P.O. DET SPEC","119980.00"
"POLICE OFFICER","109352.00"
"LIEUTENANT","154751.00"
"POLICE OFFICER","109352.00"
"P.O. DA DET GR3","119980.00"
"POLICE OFFICER","105146.00"
"P.O. DA DET GR3","119980.00"
"SERGEANT-","97894.00"
"POLICE OFFICER D/A DETECTIVE 2ND GR","134819.00"
"CAPTAIN D/A DEPUTY INSPECTOR","204936.00"
"P.O. DA DET GR3","119980.00"
"POLICE OFFICER","109352.00"
"POLICE OFFICER","105146.00"
"P.O. DA DET GR3","119980.00"
"LIEUTENANT","154751.00"
"POLICE OFFICER","109352.00"
"POLICE OFFICER","109352.00"
"POLICE OFFICER","109352.00"
"POLICE OFFICER","109352.00"
"POLICE OFFICER","109352.00"
"CAPTAIN D/A DEPUTY INSPECTOR","204936.00"
"POLICE OFFICER","109352.00"
"POLICE OFFICER","109352.00"
"SERGEANT-","118056.00"
"POLICE OFFICER","109352.00"
"LIEUTENANT","154751.00"
"LIEUTENANT D/A SPECIAL ASSIGNMENT","159762.00"
"CAPTAIN D/A INSPECTOR","215791.00"
"SERGEANT-","118056.00"
"POLICE OFFICER","109352.00"
"SERGEANT-","105606.00"
"SERGEANT-","118056.00"
"SERGEANT-","118056.00"
"POLICE OFFICER","109352.00"
"POLICE OFFICER","109352.00"
"SERGEANT-","118056.00"
"POLICE OFFICER","109352.00"
"P.O. DA DET GR3","119429.00"
"LIEUTENANT","154751.00"
"P.O. DA DET GR3","115923.00"
"POLICE OFFICER D/A DETECTIVE 2ND GR","134819.00"
"POLICE OFFICER","109352.00"
"P.O. DA DET GR3","119980.00"
"SERGEANT-","118056.00"
"POLICE OFFICER","109352.00"
"POLICE OFFICER","109352.00"
"SERGEANT-","118056.00"
"POLICE OFFICER","105146.00"
"POLICE OFFICER D/A DETECTIVE 1ST GR","154751.00"
"POLICE OFFICER","109352.00"
"SERGEANT-","118056.00"
"P.O. DA DET GR3","119980.00"
"POLICE OFFICER","109352.00"
"P.O. DA DET GR3","119980.00"
"SERGEANT-","96477.00"
"POLICE OFFICER","109352.00"
"POLICE OFFICER D/A DETECTIVE 2ND GR","134819.00"
"P.O. DA DET GR3","119314.00"
"LIEUTENANT","154751.00"
"LIEUTENANT","154751.00"
"SERGEANT-","97894.00"
"POLICE OFFICER","109352.00"
"POLICE OFFICER","105146.00"
"POLICE OFFICER","109352.00"
"POLICE OFFICER","109352.00"
"SERGEANT-D/A SUPERVISOR DETECTIVE SQUAD","121048.00"
"POLICE OFFICER","109352.00"
"POLICE OFFICER D/A DETECTIVE 2ND GR","134819.00"
"P.O. DET SPEC","119980.00"
"P.O. DA DET GR3","119980.00"
"P.O. DET SPEC","119980.00"
"LIEUTENANT","154751.00"
"SERGEANT-","118056.00"
"LIEUTENANT D/A COMMANDER OF DETECTIVE SQUAD","156098.00"
"P.O. DA DET GR3","119248.00"
"SERGEANT-D/A SUPERVISOR DETECTIVE SQUAD","120744.00"
"P.O. DA DET GR3","119980.00"
"POLICE OFFICER","109352.00"
"P.O. DA DET GR3","119980.00"
"P.O. DA DET GR3","119980.00"
"LIEUTENANT","154751.00"
"CAPTAIN","194689.00"
"SERGEANT-","118056.00"
"P.O. DA DET GR3","119980.00"
"P.O. DA DET GR3","119980.00"
"SERGEANT-","118056.00"
"POLICE OFFICER","105146.00"
"SERGEANT-","118056.00"
"POLICE OFFICER","109352.00"
"LIEUTENANT","154751.00"
"SERGEANT-","118056.00"
"POLICE OFFICER","105146.00"
"P.O. DA DET GR3","119980.00"
"POLICE OFFICER","109352.00"
"SERGEANT-","118056.00"
"POLICE OFFICER","109352.00"
"POLICE OFFICER","109352.00"
"POLICE OFFICER","109352.00"
"POLICE OFFICER","109352.00"
"P.O. DET SPEC","119980.00"
"SERGEANT-","118056.00"
"SERGEANT-","118056.00"
"P.O. DA DET GR3","119980.00"
"POLICE OFFICER","109352.00"
"LIEUTENANT D/A COMMANDER OF DETECTIVE SQUAD","156098.00"
"LIEUTENANT","154751.00"
"P.O. DA DET GR3","115923.00"
"POLICE OFFICER","109352.00"
"POLICE OFFICER","105146.00"
"SERGEANT-D/A SPECIAL ASSIGNMENT","135511.00"
"POLICE OFFICER","109352.00"
"P.O. DET SPEC","119980.00"
"LIEUTENANT","154751.00"
"POLICE OFFICER D/A DETECTIVE 2ND GR","134819.00"
"SERGEANT-","118056.00"
"SERGEANT-","118056.00"
"POLICE OFFICER","109352.00"
"LIEUTENANT","141684.00"
"LIEUTENANT","154751.00"
"POLICE OFFICER","105146.00"
"P.O. DA DET GR3","119980.00"
"POLICE OFFICER","109352.00"
"POLICE OFFICER","109352.00"
"CAPTAIN","157515.00"
"POLICE OFFICER","109352.00"
"POLICE OFFICER","109352.00"
"SERGEANT-","97894.00"
"POLICE OFFICER","109352.00"
"P.O. DA DET GR3","119314.00"
"P.O. DET SPEC","119980.00"
"P.O. DA DET GR3","119980.00"
"LIEUTENANT","154751.00"
"CAPTAIN","194689.00"
"POLICE OFFICER","105146.00"
"CAPTAIN D/A DEPUTY INSPECTOR","204936.00"
"LIEUTENANT","142202.00"
"POLICE OFFICER","109352.00"
"POLICE OFFICER","109352.00"
"POLICE OFFICER","105146.00"
"SERGEANT-","118056.00"
"POLICE OFFICER","109352.00"
"POLICE OFFICER D/A DETECTIVE 2ND GR","134819.00"
"POLICE OFFICER","109352.00"
"POLICE OFFICER","109352.00"
"POLICE OFFICER","109352.00"
"POLICE OFFICER","109352.00"
"POLICE OFFICER","109352.00"
"POLICE OFFICER","60363.00"
"LIEUTENANT","154751.00"
"SERGEANT-","118056.00"
"CAPTAIN","160722.00"
"POLICE OFFICER","109352.00"
"POLICE OFFICER","109352.00"
"POLICE OFFICER","109352.00"
"LIEUTENANT","154751.00"
"POLICE OFFICER","109352.00"
"CAPTAIN","160722.00"
"SERGEANT-","118056.00"
"P.O. DA DET GR3","119980.00"
"POLICE OFFICER","109352.00"
"POLICE OFFICER","109352.00"
"LIEUTENANT","154751.00"
"SERGEANT-","118056.00"
"P.O. DET SPEC","119248.00"
"SERGEANT-","118056.00"
"POLICE OFFICER","109352.00"
"CAPTAIN","194689.00"
"P.O. DA DET GR3","119980.00"
"POLICE OFFICER","109352.00"
"POLICE OFFICER","109352.00"
"POLICE OFFICER","109352.00"
"SERGEANT-","118056.00"
"POLICE OFFICER D/A DETECTIVE 2ND GR","134819.00"
"POLICE OFFICER","109352.00"
"P.O. DET SPEC","119980.00"
"P.O. DET SPEC","119248.00"
"POLICE OFFICER","109352.00"
"POLICE OFFICER","109352.00"
"P.O. DA DET GR3","119980.00"
"CAPTAIN","157515.00"
"POLICE OFFICER","109352.00"
"LIEUTENANT","141943.00"
"SERGEANT-","118056.00"
"POLICE OFFICER","109352.00"
"P.O. DA DET GR3","119980.00"
"SERGEANT-","118056.00"
"CAPTAIN","194689.00"
"P.O. DA DET GR3","119980.00"
"POLICE OFFICER D/A DETECTIVE 2ND GR","130260.00"
"SERGEANT-","118056.00"
"POLICE OFFICER","109352.00"
"POLICE OFFICER","109352.00"
"POLICE OFFICER","109352.00"
"POLICE OFFICER","109352.00"
"POLICE OFFICER","109352.00"
"POLICE OFFICER","109352.00"
"POLICE OFFICER","109352.00"
"P.O. DA DET GR3","119980.00"
"P.O. DA DET GR3","119980.00"
"SERGEANT-D/A SUPERVISOR DETECTIVE SQUAD","135511.00"
"POLICE OFFICER D/A DETECTIVE 2ND GR","134819.00"
"POLICE OFFICER","109352.00"
"P.O. DET SPEC","119248.00"
"POLICE OFFICER","109352.00"
"POLICE OFFICER","109352.00"
"LIEUTENANT","154751.00"
"CAPTAIN","160722.00"
"P.O. DET SPEC","119980.00"
"POLICE OFFICER","109352.00"
"P.O. DA DET GR3","119980.00"
"SERGEANT-","118056.00"
"POLICE OFFICER","109352.00"
"P.O. DET SPEC","119429.00"
"POLICE OFFICER","109352.00"
"CAPTAIN D/A DEPUTY INSPECTOR","204936.00"
"P.O. DA DET GR3","119980.00"
"SERGEANT-","118056.00"
"POLICE OFFICER D/A DETECTIVE 2ND GR","134819.00"
"POLICE OFFICER","109352.00"
"POLICE OFFICER","109352.00"
"P.O. DA DET GR3","119980.00"
"P.O. DA DET GR3","119980.00"
"POLICE OFFICER","109352.00"
"CRIMINALIST","76718.00"
"CRIMINALIST","96189.00"
"SERGEANT-","118056.00"
"POLICE COMMUNICATIONS TECHNICIAN","47222.00"
"LIEUTENANT","141684.00"
"SCHOOL SAFETY AGENT","36955.00"
"SENIOR POLICE ADMINISTRATIVE AIDE","58707.00"
"POLICE OFFICER D/A DETECTIVE 2ND GR","134819.00"
"SERGEANT-","97894.00"
"POLICE OFFICER","109352.00"
"FITNESS INSTRUCTOR","72174.00"
"SERGEANT-","118056.00"
"COMPUTER ASSOCIATE","109852.00"
"POLICE OFFICER","109352.00"
"P.O. DA DET GR3","119980.00"
"CAPTAIN","194689.00"
"POLICE OFFICER","109352.00"
"POLICE OFFICER D/A DETECTIVE 1ST GR","154751.00"
"SERGEANT-","118056.00"
"POLICE OFFICER","109352.00"
"SERGEANT-","118056.00"
"P.O. DET SPEC","119980.00"
"LIEUTENANT D/A SPECIAL ASSIGNMENT","157713.00"
"P.O. DA DET GR3","119980.00"
"SERGEANT-","118056.00"
"P.O. DA DET GR3","119980.00"
"SERGEANT-","118056.00"
"POLICE OFFICER","109352.00"
"POLICE OFFICER","109352.00"
"P.O. DET SPEC","119980.00"
"P.O. DA DET GR3","119429.00"
"POLICE OFFICER","109352.00"
"SERGEANT-","118056.00"
"SERGEANT-","118056.00"
"POLICE OFFICER","109352.00"
"P.O. DA DET GR3","115923.00"
"P.O. DET SPEC","119980.00"
"ASSOCIATE TRAFFIC ENFORCEMENT AGENT","57817.00"
"POLICE OFFICER","55942.00"
"SCHOOL SAFETY AGENT","56508.00"
"SERGEANT-","97894.00"
"POLICE OFFICER","109352.00"
"POLICE OFFICER","109352.00"
"POLICE COMMUNICATIONS TECHNICIAN","47222.00"
"POLICE OFFICER","109352.00"
"COMPUTER ASSOCIATE","102876.00"
"POLICE OFFICER","59065.00"
"P.O. DET SPEC","119980.00"
"CRIMINALIST DEPUTY DIRECTOR OF LABATORY","180079.00"
"POLICE OFFICER","109352.00"
"POLICE OFFICER","109352.00"
"SUPERVISING POLICE COMMUNICATIONS TECHNICIAN","79705.00"
"ADMINISTRATIVE PROJECT MANAGER","137127.00"
"CRIMINALIST","110667.00"
"SCHOOL SAFETY AGENT","56508.00"
"SCHOOL SAFETY AGENT","43093.00"
"POLICE OFFICER","109352.00"
"POLICE OFFICER","109352.00"
"POLICE OFFICER D/A DETECTIVE 2ND GR","134819.00"
"SERGEANT-","118056.00"
"P.O. DA DET GR3","119314.00"
"POLICE COMMUNICATIONS TECHNICIAN","61883.00"
"POLICE COMMUNICATIONS TECHNICIAN","61883.00"
"SUPERVISING POLICE COMMUNICATIONS TECHNICIAN","79705.00"
"SENIOR POLICE ADMINISTRATIVE AIDE","58707.00"
"POLICE COMMUNICATIONS TECHNICIAN","61883.00"
"SUPERVISING POLICE COMMUNICATIONS TECHNICIAN","73159.00"
"SUPERVISING POLICE COMMUNICATIONS TECHNICIAN","74037.00"
"SUPERVISING POLICE COMMUNICATIONS TECHNICIAN","79705.00"
"SENIOR POLICE ADMINISTRATIVE AIDE","58707.00"
"POLICE COMMUNICATIONS TECHNICIAN","61883.00"
"POLICE COMMUNICATIONS TECHNICIAN","61883.00"
"SENIOR POLICE ADMINISTRATIVE AIDE","58707.00"
"SUPERVISING POLICE COMMUNICATIONS TECHNICIAN","79705.00"
"POLICE COMMUNICATIONS TECHNICIAN","61883.00"
"POLICE OFFICER","109352.00"
"SCHOOL SAFETY AGENT","54862.00"
"SERGEANT-","97894.00"
"CERTIFIED IT ADMINISTRATOR","173473.00"
"POLICE OFFICER D/A DETECTIVE 2ND GR","134819.00"
"SCHOOL SAFETY AGENT","53264.00"
"SCHOOL SAFETY AGENT","54862.00"
"TRAFFIC ENFORCEMENT AGENT","53985.00"
"POLICE OFFICER","105146.00"
"POLICE OFFICER","55942.00"
"POLICE OFFICER","109352.00"
"POLICE OFFICER","55942.00"
"SCHOOL SAFETY AGENT","56508.00"
"ASSOCIATE TRAFFIC ENFORCEMENT AGENT","57817.00"
"LIEUTENANT","141943.00"
"TRAFFIC ENFORCEMENT AGENT","48769.00"
"ASSOCIATE TRAFFIC ENFORCEMENT AGENT","57817.00"
"TRAFFIC ENFORCEMENT AGENT","53985.00"
"SCHOOL SAFETY AGENT","56508.00"
"TRAFFIC ENFORCEMENT AGENT","53985.00"
"ASSOCIATE TRAFFIC ENFORCEMENT AGENT","57817.00"
"ASSOCIATE TRAFFIC ENFORCEMENT AGENT","57817.00"
"SERGEANT-","118056.00"
"POLICE OFFICER","109352.00"
"TRAFFIC ENFORCEMENT AGENT","53985.00"
"POLICE OFFICER","109352.00"
"POLICE OFFICER","109352.00"
"ASSOCIATE TRAFFIC ENFORCEMENT AGENT","57817.00"
"TRAFFIC ENFORCEMENT AGENT","49815.00"
"ASSOCIATE TRAFFIC ENFORCEMENT AGENT","57817.00"
"ASSOCIATE TRAFFIC ENFORCEMENT AGENT","57817.00"
"SERGEANT-","97894.00"
"ASSOCIATE TRAFFIC ENFORCEMENT AGENT","57817.00"
"POLICE OFFICER","109352.00"
"P.O. DA DET GR3","119980.00"
"POLICE OFFICER","57976.00"
"COMMUNITY ASSISTANT","43460.00"
"POLICE OFFICER","109352.00"
"P.O. DA DET GR3","91107.00"
"POLICE OFFICER","57976.00"
"COMMUNITY ASSISTANT","43460.00"
"SCHOOL CROSSING GUARD","44533.00"
"SCHOOL CROSSING GUARD","44533.00"
"POLICE OFFICER","109352.00"
"CITY CUSTODIAL ASSISTANT","45263.00"
"SERGEANT-","118056.00"
"POLICE ATTENDANT","41847.00"
"PARALEGAL AIDE","54284.00"
"POLICE OFFICER","109352.00"
"POLICE COMMUNICATIONS TECHNICIAN","55985.00"
"POLICE OFFICER","109352.00"
"SCHOOL SAFETY AGENT","56508.00"
"SCHOOL CROSSING GUARD","44533.00"
"ACCOUNTANT","88991.00"
"POLICE OFFICER","109352.00"
"CRIME ANALYST","78647.00"
"POLICE OFFICER","109352.00"
"POLICE OFFICER","109352.00"
"POLICE OFFICER","109352.00"
"POLICE OFFICER D/A DETECTIVE 2ND GR","134819.00"
"P.O. DA DET GR3","119248.00"
"POLICE ADMINISTRATIVE AIDE","48631.00"
"POLICE COMMUNICATIONS TECHNICIAN","44265.00"
"POLICE OFFICER","65387.00"
"POLICE OFFICER","109352.00"
"POLICE OFFICER","109352.00"
"POLICE OFFICER","109352.00"
"POLICE OFFICER","60363.00"
"SERGEANT-","96477.00"
"CITY CUSTODIAL ASSISTANT","42898.00"
"POLICE OFFICER","109352.00"
"POLICE OFFICER","109352.00"
"POLICE OFFICER","60363.00"
"SERGEANT-","118056.00"
"SCHOOL SAFETY AGENT","56508.00"
"POLICE OFFICER","109352.00"
"POLICE COMMUNICATIONS TECHNICIAN","57805.00"
"AUTOMOTIVE SERVICE WORKER","54345.00"
"SCHOOL SAFETY AGENT","53264.00"
"POLICE OFFICER","109352.00"
"LIEUTENANT","141943.00"
"SENIOR POLICE ADMINISTRATIVE AIDE","55203.00"
"CRIMINALIST","110667.00"
"POLICE OFFICER","109352.00"
"POLICE OFFICER","109352.00"
"CRIMINALIST","100792.00"
"P.O. DA DET GR3","119980.00"
"CAPTAIN D/A DEPUTY INSPECTOR","170570.00"
"POLICE OFFICER","109352.00"
"SERGEANT-","118056.00"
"POLICE OFFICER","109352.00"
"CERTIFIED IT DEVELOPER","173473.00"
"POLICE OFFICER","109352.00"
"P.O. DA DET GR3","119429.00"
"SERGEANT-","97894.00"
"POLICE OFFICER","109352.00"
"POLICE OFFICER","109352.00"
"POLICE OFFICER","109352.00"
"POLICE OFFICER","109352.00"
"SERGEANT-","118056.00"
"POLICE OFFICER","109352.00"
"POLICE OFFICER","109352.00"
"CAPTAIN","160722.00"
"POLICE OFFICER","109352.00"
"POLICE OFFICER","109352.00"
"POLICE OFFICER","109352.00"
"POLICE OFFICER","109352.00"
"POLICE OFFICER D/A DETECTIVE 2ND GR","134819.00"
"POLICE OFFICER","109352.00"
"POLICE OFFICER","109352.00"
"SERGEANT-","96477.00"
"P.O. DA DET GR3","119980.00"
"POLICE OFFICER","109352.00"
"LIEUTENANT D/A COMMANDER OF DETECTIVE SQUAD","159762.00"
"POLICE OFFICER","109352.00"
"LIEUTENANT","154751.00"
"LIEUTENANT","142202.00"
"CAPTAIN","160722.00"
"POLICE OFFICER","109352.00"
"POLICE OFFICER","109352.00"
"LIEUTENANT","142202.00"
"SERGEANT-","118056.00"
"POLICE OFFICER","109352.00"
"POLICE OFFICER","109352.00"
"CAPTAIN","157537.00"
"POLICE OFFICER","109352.00"
"POLICE OFFICER","109352.00"
"POLICE OFFICER","109352.00"
"POLICE OFFICER","109352.00"
"P.O. DET SPEC","119980.00"
"LIEUTENANT","141684.00"
"LIEUTENANT","154751.00"
"P.O. DA DET GR3","119980.00"
"LIEUTENANT","154751.00"
"SERGEANT-","118056.00"
"SERGEANT-","97894.00"
"LIEUTENANT D/A SPECIAL ASSIGNMENT","157713.00"
"POLICE OFFICER","109352.00"
"POLICE OFFICER","109352.00"
"POLICE OFFICER","109352.00"
"POLICE OFFICER","109352.00"
"LIEUTENANT","141684.00"
"SERGEANT-","118056.00"
"P.O. DA DET GR3","119980.00"
"P.O. DA DET GR3","119314.00"
"P.O. DA DET GR3","119980.00"
"POLICE OFFICER","109352.00"
"POLICE OFFICER","109352.00"
"P.O. DA DET GR3","119980.00"
"POLICE OFFICER","109352.00"
"P.O. DET SPEC","119429.00"
"POLICE OFFICER","105146.00"
"P.O. DA DET GR3","119248.00"
"SERGEANT-","118056.00"
"LIEUTENANT","154751.00"
"POLICE OFFICER","109352.00"
"SERGEANT-","118056.00"
"CAPTAIN","157537.00"
"POLICE OFFICER","109352.00"
"POLICE OFFICER","109352.00"
"P.O. DA DET GR3","119980.00"
"SERGEANT-D/A SPECIAL ASSIGNMENT","120442.00"
"P.O. DA DET GR3","119980.00"
"POLICE OFFICER","109352.00"
"SERGEANT-","118056.00"
"POLICE OFFICER","109352.00"
"SERGEANT-","118056.00"
"POLICE OFFICER","109352.00"
"POLICE OFFICER","109352.00"
"P.O. DA DET GR3","119980.00"
"POLICE OFFICER","109352.00"
"SERGEANT-","118056.00"
"LIEUTENANT","154751.00"
"CAPTAIN","160722.00"
"SERGEANT-","118056.00"
"POLICE OFFICER","109352.00"
"POLICE OFFICER","109352.00"
"POLICE OFFICER","109352.00"
"LIEUTENANT","142202.00"
"P.O. DA DET GR3","119980.00"
"POLICE OFFICER","109352.00"
"SERGEANT-","105606.00"
"LIEUTENANT D/A COMMANDER OF DETECTIVE SQUAD","159762.00"
"SERGEANT-","118056.00"
"POLICE OFFICER D/A DETECTIVE 2ND GR","134819.00"
"SCHOOL SAFETY AGENT","56508.00"
"CRIMINALIST","110519.00"
"SERGEANT-","118056.00"
"POLICE COMMUNICATIONS TECHNICIAN","61883.00"
"ASSOCIATE TRAFFIC ENFORCEMENT AGENT","57817.00"
"TRAFFIC ENFORCEMENT AGENT","52413.00"
"TRAFFIC ENFORCEMENT AGENT","53985.00"
"ASSOCIATE TRAFFIC ENFORCEMENT AGENT","57817.00"
"SCHOOL SAFETY AGENT","56508.00"
"POLICE OFFICER","55942.00"
"POLICE OFFICER","109352.00"
"ASSOCIATE TRAFFIC ENFORCEMENT AGENT","52911.00"
"PUBLIC HEALTH ASSISTANT","42945.00"
"TRAFFIC ENFORCEMENT AGENT","53985.00"
"ASSOCIATE TRAFFIC ENFORCEMENT AGENT","57817.00"
"P.O. DA DET GR3","119429.00"
"POLICE OFFICER","109352.00"
"POLICE OFFICER","109352.00"
"ASSOCIATE TRAFFIC ENFORCEMENT AGENT","54498.00"
"POLICE OFFICER","109352.00"
"SERGEANT-","118056.00"
"POLICE OFFICER","109352.00"
"TRAFFIC ENFORCEMENT AGENT","53985.00"
"TRAFFIC ENFORCEMENT AGENT","53985.00"
"SENIOR POLICE ADMINISTRATIVE AIDE","58707.00"
"TRAFFIC ENFORCEMENT AGENT","50218.00"
"SENIOR POLICE ADMINISTRATIVE AIDE","58707.00"
"SERGEANT-","118056.00"
"P.O. DA DET GR3","119980.00"
"POLICE OFFICER","109352.00"
"CLERICAL ASSOCIATE MOST MAYORAL AG","47043.00"
"SCHOOL SAFETY AGENT","41797.00"
"P.O. DA DET GR3","119980.00"
"EVIDENCE AND PROPERTY CONTROL SPECIALIST","65333.00"
"POLICE OFFICER","109352.00"
"TRAFFIC ENFORCEMENT AGENT","56044.00"
"TRAFFIC ENFORCEMENT AGENT","56046.00"
"TRAFFIC ENFORCEMENT AGENT","53985.00"
"POLICE OFFICER","109352.00"
"SCHOOL SAFETY AGENT","56508.00"
"POLICE OFFICER","55942.00"
"POLICE OFFICER","109352.00"
"POLICE OFFICER","55942.00"
"POLICE OFFICER","109352.00"
"POLICE OFFICER","109352.00"
"EVIDENCE AND PROPERTY CONTROL SPECIALIST","65303.00"
"POLICE OFFICER","60363.00"
"POLICE OFFICER","109352.00"
"POLICE COMMUNICATIONS TECHNICIAN","61883.00"
"P.O. DA DET GR3","119248.00"
"SERGEANT-","96477.00"
"POLICE OFFICER","109352.00"
"POLICE OFFICER","109352.00"
"POLICE OFFICER","55942.00"
"POLICE OFFICER","109352.00"
"POLICE OFFICER","109352.00"
"POLICE OFFICER","55942.00"
"LIEUTENANT","139915.00"
"POLICE OFFICER","101590.00"
"POLICE OFFICER","101590.00"
"SERGEANT-","118056.00"
"LIEUTENANT D/A COMMANDER OF DETECTIVE SQUAD","170234.00"
"CAPTAIN","194689.00"
"POLICE OFFICER","109352.00"
"SERGEANT-","97894.00"
"SENIOR POLICE ADMINISTRATIVE AIDE","58707.00"
"SCHOOL SAFETY AGENT","56508.00"
"LIEUTENANT","154751.00"
"PRINCIPAL ADMINISTRATIVE ASSOCIATE -  NON SUPVR","70036.00"
"SCHOOL SAFETY AGENT","56508.00"
"POLICE OFFICER","105146.00"
"POLICE OFFICER","109352.00"
"POLICE OFFICER","109352.00"
"POLICE OFFICER","109352.00"
"SERGEANT-","118056.00"
"SERGEANT-","118056.00"
"SERGEANT-","97894.00"
"CERTIFIED IT ADMINISTRATOR","120764.00"
"SERGEANT-D/A SUPERVISOR DETECTIVE SQUAD","135511.00"
"SCHOOL SAFETY AGENT","56508.00"
"P.O. DET SPEC","119314.00"
"ADMIN TRAFFIC ENF AGNT-UNION","82619.00"
"ASSOCIATE TRAFFIC ENFORCEMENT AGENT","52990.00"
"TRAFFIC ENFORCEMENT AGENT","50789.00"
"ASSOCIATE TRAFFIC ENFORCEMENT AGENT","65763.00"
"LIEUTENANT D/A COMMANDER OF DETECTIVE SQUAD","170234.00"
"POLICE ADMINISTRATIVE AIDE","48911.00"
"POLICE OFFICER","109352.00"
"CAPTAIN D/A DEPUTY INSPECTOR","204936.00"
"SCHOOL SAFETY AGENT","56508.00"
"POLICE OFFICER D/A DETECTIVE 2ND GR","134819.00"
"LIEUTENANT D/A SPECIAL ASSIGNMENT","152380.00"
"POLICE OFFICER","109352.00"
"LIEUTENANT","149518.00"
"POLICE OFFICER D/A DETECTIVE 2ND GR","134819.00"
"PRINCIPAL POLICE COMMUNICATION TECHNICIAN","92386.00"
"POLICE OFFICER D/A DETECTIVE 1ST GR","154751.00"
"ASSOC SUPVR OF SCHL SEC","143353.00"
"PRINCIPAL POLICE COMMUNICATION TECHNICIAN","111644.00"
"SUPERVISING POLICE COMMUNICATIONS TECHNICIAN","79976.00"
"SUPERVISING POLICE COMMUNICATIONS TECHNICIAN","79835.00"
"POLICE OFFICER","109352.00"
"CAPTAIN D/A INSPECTOR","215791.00"
"ADMINISTRATIVE STAFF ANALYST","109368.00"
"POLICE ADMINISTRATIVE AIDE","48789.00"
"POLICE ADMINISTRATIVE AIDE","54551.00"
"POLICE ADMINISTRATIVE AIDE","48810.00"
"ADMINISTRATIVE STAFF ANALYST","108561.00"
"SCHOOL SAFETY AGENT","56508.00"
"SERGEANT-D/A SPECIAL ASSIGNMENT","135511.00"
"POLICE OFFICER D/A DETECTIVE 2ND GR","134819.00"
"POLICE OFFICER D/A DETECTIVE 2ND GR","134819.00"
"POLICE OFFICER D/A DETECTIVE 2ND GR","125855.00"
"POLICE OFFICER D/A DETECTIVE 2ND GR","134819.00"
"POLICE OFFICER D/A DETECTIVE 2ND GR","134819.00"
"LIEUTENANT D/A SPECIAL ASSIGNMENT","164477.00"
"POLICE OFFICER D/A DETECTIVE 1ST GR","154751.00"
"POLICE OFFICER D/A DETECTIVE 2ND GR","134819.00"
"CAPTAIN D/A DEPUTY CHIEF","227306.00"
"POLICE OFFICER","109352.00"
"POLICE OFFICER","105146.00"
"P.O. DET SPEC","119980.00"
"SERGEANT-D/A SUPERVISOR DETECTIVE SQUAD","135511.00"
"SERGEANT-D/A SPECIAL ASSIGNMENT","120442.00"
"POLICE OFFICER","109352.00"
"POLICE OFFICER D/A DETECTIVE 1ST GR","149518.00"
"SERGEANT-D/A SPECIAL ASSIGNMENT","120442.00"
"P.O. DET SPEC","107338.00"
"POLICE OFFICER D/A DETECTIVE 2ND GR","134819.00"
"SERGEANT-D/A SPECIAL ASSIGNMENT","135511.00"
"SERGEANT-D/A SUPERVISOR DETECTIVE SQUAD","135511.00"
"POLICE OFFICER D/A DETECTIVE 2ND GR","130260.00"
"SERGEANT-D/A SPECIAL ASSIGNMENT","135511.00"
"POLICE OFFICER","109352.00"
"SERGEANT-","118056.00"
"POLICE OFFICER D/A DETECTIVE 2ND GR","118056.00"
"SERGEANT-D/A SUPERVISOR DETECTIVE SQUAD","121048.00"
"POLICE OFFICER","109352.00"
"LIEUTENANT D/A COMMANDER OF DETECTIVE SQUAD","159762.00"
"POLICE OFFICER D/A DETECTIVE 2ND GR","134819.00"
"LIEUTENANT D/A SPECIAL ASSIGNMENT","153913.00"
"POLICE OFFICER","109352.00"
"ASSOCIATE TRAFFIC ENFORCEMENT AGENT","57856.00"
"LIEUTENANT","154751.00"
"SERGEANT-D/A SPECIAL ASSIGNMENT","135511.00"
"LIEUTENANT D/A COMMANDER OF DETECTIVE SQUAD","164477.00"
"P.O. DET SPEC","103959.00"
"SERGEANT-D/A SPECIAL ASSIGNMENT","135511.00"
"POLICE OFFICER D/A DETECTIVE 1ST GR","149518.00"
"CAPTAIN","176449.00"
"SERGEANT-","118056.00"
"SERGEANT-","118056.00"
"SERGEANT-","118056.00"
"CAPTAIN DETAILED AS ASSISTANT CHIEF","276463.00"
"LIEUTENANT D/A COMMANDER OF DETECTIVE SQUAD","170234.00"
"CAPTAIN D/A INSPECTOR","215791.00"
"LIEUTENANT","154751.00"
"POLICE OFFICER D/A DETECTIVE 1ST GR","154751.00"
"POLICE OFFICER D/A DETECTIVE 1ST GR","149518.00"
"P.O. DET SPEC","119980.00"
"POLICE OFFICER D/A DETECTIVE 2ND GR","130260.00"
"POLICE OFFICER D/A DETECTIVE 2ND GR","134819.00"
"POLICE OFFICER D/A DETECTIVE 2ND GR","134819.00"
"POLICE OFFICER D/A DETECTIVE 2ND GR","134819.00"
"POLICE OFFICER D/A DETECTIVE 1ST GR","154751.00"
"CAPTAIN","194689.00"
"LIEUTENANT D/A COMMANDER OF DETECTIVE SQUAD","157713.00"
"SERGEANT-","118056.00"
"POLICE OFFICER D/A DETECTIVE 2ND GR","134819.00"
"LIEUTENANT D/A COMMANDER OF DETECTIVE SQUAD","170234.00"
"CAPTAIN D/A DEPUTY CHIEF","227306.00"
"CAPTAIN D/A DEPUTY INSPECTOR","204936.00"
"CAPTAIN D/A DEPUTY CHIEF","227306.00"
"SERGEANT-D/A SUPERVISOR DETECTIVE SQUAD","135511.00"
"LIEUTENANT D/A COMMANDER OF DETECTIVE SQUAD","170234.00"
"SERGEANT-","118056.00"
"LIEUTENANT","154751.00"
"CAPTAIN D/A DEPUTY CHIEF","227306.00"
"CAPTAIN D/A DEPUTY INSPECTOR","204936.00"
"POLICE OFFICER D/A DETECTIVE 1ST GR","149518.00"
"CAPTAIN","194689.00"
"CAPTAIN D/A DEPUTY INSPECTOR","204936.00"
"SERGEANT-D/A SUPERVISOR DETECTIVE SQUAD","121048.00"
"POLICE OFFICER D/A DETECTIVE 2ND GR","111821.00"
"P.O. DA DET GR3","119980.00"
"POLICE OFFICER D/A DETECTIVE 1ST GR","154751.00"
"P.O. DET SPEC","119980.00"
"P.O. DA DET GR3","119980.00"
"LIEUTENANT D/A COMMANDER OF DETECTIVE SQUAD","170234.00"
"P.O. DET SPEC","119980.00"
"P.O. DA DET GR3","119980.00"
"POLICE OFFICER","109352.00"
"SERGEANT-D/A SUPERVISOR DETECTIVE SQUAD","135511.00"
"P.O. DA DET GR3","108477.00"
"POLICE OFFICER D/A DETECTIVE 2ND GR","134819.00"
"POLICE OFFICER D/A DETECTIVE 1ST GR","149518.00"
"CAPTAIN","194689.00"
"POLICE OFFICER D/A DETECTIVE 1ST GR","154751.00"
"CRIMINALIST","126986.00"
"COMPUTER ASSOCIATE","68748.00"
"COMPUTER ASSOCIATE","82440.00"
"P.O. DA DET GR3","119980.00"
"POLICE ADMINISTRATIVE AIDE","46315.00"
"SCHOOL SAFETY AGENT","56508.00"
"POLICE ADMINISTRATIVE AIDE","55898.00"
"CAPTAIN","194689.00"
"ADMINISTRATIVE COMMUNITY RELATIONS SPECIALIST","217462.00"
"POLICE OFFICER D/A DETECTIVE 1ST GR","154751.00"
"ASSOCIATE INVESTIGATOR","72550.00"
"POLICE ADMINISTRATIVE AIDE","59534.00"
"SENIOR POLICE ADMINISTRATIVE AIDE","58758.00"
"ASSOCIATE INVESTIGATOR","73177.00"
"SENIOR POLICE ADMINISTRATIVE AIDE","58707.00"
"CAPTAIN","155287.00"
"POLICE OFFICER D/A DETECTIVE 2ND GR","134819.00"
"P.O. DA DET GR3","115279.00"
"POLICE OFFICER","109352.00"
"LIEUTENANT","154751.00"
"POLICE OFFICER","109352.00"
"POLICE OFFICER","109352.00"
"SERGEANT-","118056.00"
"AGENCY ATTORNEY INTERNE","83530.00"
"SERGEANT-D/A SPECIAL ASSIGNMENT","121048.00"
"P.O. DET SPEC","119980.00"
"POLICE OFFICER","109352.00"
"POLICE OFFICER D/A DETECTIVE 1ST GR","149518.00"
"POLICE OFFICER D/A DETECTIVE 1ST GR","149518.00"
"POLICE OFFICER","109352.00"
"ADMINISTRATIVE STAFF ANALYST","142377.00"
"POLICE OFFICER","109352.00"
"ADM MANAGER-NON-MGRL","87200.00"
"POLICE OFFICER D/A DETECTIVE 2ND GR","134819.00"
"PRINCIPAL POLICE COMMUNICATION TECHNICIAN","92148.00"
"CAPTAIN D/A DEPUTY CHIEF","227306.00"
"POLICE OFFICER D/A DETECTIVE 1ST GR","154751.00"
"LIEUTENANT D/A COMMANDER OF DETECTIVE SQUAD","170234.00"
"P.O. DET SPEC","112003.00"
"POLICE OFFICER D/A DETECTIVE 1ST GR","149518.00"
"SERGEANT-D/A SUPERVISOR DETECTIVE SQUAD","135511.00"
"SERGEANT-D/A SUPERVISOR DETECTIVE SQUAD","120442.00"
"SERGEANT-D/A SUPERVISOR DETECTIVE SQUAD","135511.00"
"SERGEANT-","97894.00"
"POLICE OFFICER D/A DETECTIVE 2ND GR","130260.00"
"EVIDENCE AND PROPERTY CONTROL SPECIALIST","84219.00"
"SCHOOL SAFETY AGENT","56508.00"
"LIEUTENANT","142202.00"
"SERGEANT-D/A SPECIAL ASSIGNMENT","121048.00"
"SERGEANT-","118056.00"
"POLICE OFFICER","109352.00"
"POLICE OFFICER D/A DETECTIVE 1ST GR","154751.00"
"P.O. DET SPEC","111488.00"
"CAPTAIN D/A DEPUTY INSPECTOR","204936.00"
"LIEUTENANT D/A SPECIAL ASSIGNMENT","170234.00"
"POLICE OFFICER","109352.00"
"POLICE OFFICER","109352.00"
"P.O. DA DET GR3","115923.00"
"SERGEANT-D/A SUPERVISOR DETECTIVE SQUAD","120442.00"
"LIEUTENANT","154751.00"
"SERGEANT-","118056.00"
"LIEUTENANT","154751.00"
"POLICE OFFICER","109352.00"
"POLICE OFFICER","109352.00"
"PRINCIPAL ADMINISTRATIVE ASSOCIATE -  NON SUPVR","67896.00"
"*ASSISTANT ADVOCATE-PD","124460.00"
"SUPERVISOR OF MECHANICS","140840.00"
"BOOKKEEPER","62553.00"
"SCHOOL SAFETY AGENT","44388.00"
"SCHOOL SAFETY AGENT","56508.00"
"SCHOOL SAFETY AGENT","56508.00"
"POLICE COMMUNICATIONS TECHNICIAN","62012.00"
"SENIOR POLICE ADMINISTRATIVE AIDE","58758.00"
"ASSOCIATE TRAFFIC ENFORCEMENT AGENT","77442.00"
"ADM MANAGER-NON-MGRL","78590.00"
"PRINCIPAL ADMINISTRATIVE ASSOCIATE -  NON SUPVR","67626.00"
"INVESTIGATOR","55667.00"
"BOOKKEEPER","72126.00"
"SENIOR POLICE ADMINISTRATIVE AIDE","66506.00"
"PRINCIPAL ADMINISTRATIVE ASSOCIATE -  NON SUPVR","71712.00"
"POLICE ADMINISTRATIVE AIDE","48902.00"
"SCHOOL SAFETY AGENT","56508.00"
"SCHOOL SAFETY AGENT","56508.00"
"P.O. DA DET GR3","119429.00"
"SENIOR POLICE ADMINISTRATIVE AIDE","58758.00"
"POLICE OFFICER D/A DETECTIVE 2ND GR","134819.00"
"SCHOOL SAFETY AGENT","56508.00"
"PRINCIPAL ADMINISTRATIVE ASSOCIATE -  NON SUPVR","71016.00"
"LIEUTENANT D/A SPECIAL ASSIGNMENT","157713.00"
"POLICE OFFICER D/A DETECTIVE 2ND GR","134819.00"
"POLICE OFFICER","109352.00"
"POLICE OFFICER","109352.00"
"POLICE COMMUNICATIONS TECHNICIAN","41724.00"
"ASSOC SUPVR OF SCHL SEC","142573.00"
"SUPERVISOR OF SCHOOL SECURITY","81237.00"
"P.O. DA DET GR3","115923.00"
"P.O. DA DET GR3","119980.00"
"POLICE ATTENDANT","41847.00"
"POLICE ADMINISTRATIVE AIDE","51585.00"
"SCHOOL CROSSING GUARD","44584.00"
"SCHOOL SAFETY AGENT","56508.00"
"POLICE OFFICER","109352.00"
"SENIOR POLICE ADMINISTRATIVE AIDE","58707.00"
"STENOGRAPHER TO EACH DEPUTY COMMISSIONER","123521.00"
"SCHOOL SAFETY AGENT","56508.00"
"POLICE OFFICER","109352.00"
"TRAFFIC ENFORCEMENT AGENT","53985.00"
"POLICE OFFICER","109352.00"
"ASSOCIATE TRAFFIC ENFORCEMENT AGENT","57904.00"
"ASSOCIATE TRAFFIC ENFORCEMENT AGENT","57904.00"
"TRAFFIC ENFORCEMENT AGENT","53985.00"
"SENIOR POLICE ADMINISTRATIVE AIDE","58810.00"
"POLICE OFFICER","101590.00"
"SERGEANT-D/A SPECIAL ASSIGNMENT","135511.00"
"ASSOCIATE TRAFFIC ENFORCEMENT AGENT","57904.00"
"ASSOCIATE TRAFFIC ENFORCEMENT AGENT","61949.00"
"PRINCIPAL ADMINISTRATIVE ASSOCIATE -  NON SUPVR","64118.00"
"ASSOCIATE TRAFFIC ENFORCEMENT AGENT","56217.00"
"ASSOCIATE TRAFFIC ENFORCEMENT AGENT","65696.00"
"ASSOCIATE TRAFFIC ENFORCEMENT AGENT","57904.00"
"POLICE OFFICER","109352.00"
"ASSOCIATE TRAFFIC ENFORCEMENT AGENT","57904.00"
"ASSOCIATE TRAFFIC ENFORCEMENT AGENT","56206.00"
"ASSOCIATE TRAFFIC ENFORCEMENT AGENT","65670.00"
"POLICE OFFICER D/A DETECTIVE 2ND GR","125855.00"
"CAPTAIN D/A DEPUTY CHIEF","227306.00"
"LIEUTENANT D/A SPECIAL ASSIGNMENT","170234.00"
"POLICE OFFICER D/A DETECTIVE 1ST GR","154751.00"
"SERGEANT-","118056.00"
"POLICE OFFICER","109352.00"
"P.O. DET SPEC","119314.00"
"POLICE OFFICER D/A DETECTIVE 2ND GR","134819.00"
"LIEUTENANT D/A COMMANDER OF DETECTIVE SQUAD","170234.00"
"SERGEANT-D/A SPECIAL ASSIGNMENT","135511.00"
"ADM MANAGER-NON-MGRL","111264.00"
"ASSOCIATE TRAFFIC ENFORCEMENT AGENT","57892.00"
"LIEUTENANT D/A COMMANDER OF DETECTIVE SQUAD","164477.00"
"LIEUTENANT D/A SPECIAL ASSIGNMENT","170234.00"
"POLICE OFFICER D/A DETECTIVE 1ST GR","149518.00"
"POLICE OFFICER","109352.00"
"LIEUTENANT D/A COMMANDER OF DETECTIVE SQUAD","170234.00"
"POLICE OFFICER","109352.00"
"POLICE OFFICER","109352.00"
"P.O. DET SPEC","115390.00"
"P.O. DA DET GR3","119980.00"
"POLICE OFFICER D/A DETECTIVE 1ST GR","154751.00"
"SERGEANT-","118056.00"
"LIEUTENANT D/A SPECIAL ASSIGNMENT","159762.00"
"SERGEANT-","118056.00"
"P.O. DET SPEC","115390.00"
"CAPTAIN D/A DEPUTY INSPECTOR","204936.00"
"LIEUTENANT","149518.00"
"POLICE OFFICER D/A DETECTIVE 1ST GR","154751.00"
"SERGEANT-D/A SPECIAL ASSIGNMENT","135511.00"
"LIEUTENANT D/A SPECIAL ASSIGNMENT","159762.00"
"POLICE OFFICER D/A DETECTIVE 2ND GR","134819.00"
"CAPTAIN D/A DEPUTY INSPECTOR","204936.00"
"LIEUTENANT D/A COMMANDER OF DETECTIVE SQUAD","170234.00"
"LIEUTENANT D/A COMMANDER OF DETECTIVE SQUAD","159762.00"
"POLICE OFFICER D/A DETECTIVE 1ST GR","149518.00"
"P.O. DET SPEC","115923.00"
"CAPTAIN D/A DEPUTY INSPECTOR","204936.00"
"SERGEANT-D/A SPECIAL ASSIGNMENT","121048.00"
"LIEUTENANT D/A SPECIAL ASSIGNMENT","164477.00"
"SERGEANT-","118056.00"
"POLICE OFFICER D/A DETECTIVE 2ND GR","130260.00"
"POLICE OFFICER D/A DETECTIVE 2ND GR","134819.00"
"POLICE OFFICER","109352.00"
"P.O. DET SPEC","115923.00"
"SERGEANT-D/A SUPERVISOR DETECTIVE SQUAD","121048.00"
"POLICE OFFICER","109352.00"
"POLICE OFFICER","105146.00"
"LIEUTENANT D/A COMMANDER OF DETECTIVE SQUAD","164477.00"
"POLICE OFFICER D/A DETECTIVE 2ND GR","130260.00"
"P.O. DA DET GR3","119980.00"
"LIEUTENANT D/A COMMANDER OF DETECTIVE SQUAD","164477.00"
"POLICE OFFICER","101590.00"
"POLICE OFFICER","105146.00"
"POLICE OFFICER D/A DETECTIVE 2ND GR","134819.00"
"SERGEANT-","118056.00"
"LIEUTENANT D/A SPECIAL ASSIGNMENT","157713.00"
"CAPTAIN DETAILED AS ASSISTANT CHIEF","285448.00"
"P.O. DET SPEC","111288.00"
"CAPTAIN D/A INSPECTOR","215791.00"
"POLICE OFFICER D/A DETECTIVE 1ST GR","154751.00"
"SERGEANT-D/A SUPERVISOR DETECTIVE SQUAD","121048.00"
"SERGEANT-D/A SUPERVISOR DETECTIVE SQUAD","135511.00"
"LIEUTENANT D/A COMMANDER OF DETECTIVE SQUAD","164477.00"
"POLICE OFFICER","109352.00"
"POLICE OFFICER","109352.00"
"POLICE OFFICER","109352.00"
"SERGEANT-","118056.00"
"POLICE OFFICER D/A DETECTIVE 1ST GR","154751.00"
"POLICE OFFICER D/A DETECTIVE 2ND GR","130260.00"
"POLICE OFFICER","109352.00"
"P.O. DA DET GR3","112003.00"
"LIEUTENANT D/A SPECIAL ASSIGNMENT","164477.00"
"LIEUTENANT D/A COMMANDER OF DETECTIVE SQUAD","170234.00"
"P.O. DET SPEC","112003.00"
"POLICE OFFICER D/A DETECTIVE 2ND GR","121893.00"
"LIEUTENANT D/A COMMANDER OF DETECTIVE SQUAD","164477.00"
"LIEUTENANT D/A SPECIAL ASSIGNMENT","170234.00"
"POLICE OFFICER D/A DETECTIVE 1ST GR","154751.00"
"POLICE OFFICER","105146.00"
"POLICE OFFICER D/A DETECTIVE 1ST GR","154751.00"
"POLICE OFFICER D/A DETECTIVE 1ST GR","154751.00"
"LIEUTENANT D/A SPECIAL ASSIGNMENT","170234.00"
"LIEUTENANT","154751.00"
"POLICE OFFICER D/A DETECTIVE 1ST GR","154751.00"
"SERGEANT-","118056.00"
"P.O. DA DET GR3","119980.00"
"LIEUTENANT","154751.00"
"POLICE OFFICER D/A DETECTIVE 2ND GR","134819.00"
"P.O. DA DET GR3","119980.00"
"POLICE OFFICER","109352.00"
"CAPTAIN D/A INSPECTOR","215791.00"
"EXECUTIVE AGENCY COUNSEL","173900.00"
"SERGEANT-D/A SPECIAL ASSIGNMENT","120744.00"
"SERGEANT-","118056.00"
"POLICE OFFICER D/A DETECTIVE 2ND GR","130260.00"
"POLICE OFFICER D/A DETECTIVE 2ND GR","130260.00"
"SCHOOL SAFETY AGENT","56508.00"
"POLICE OFFICER D/A DETECTIVE 2ND GR","134819.00"
"PRINCIPAL ADMINISTRATIVE ASSOCIATE -  NON SUPVR","61376.00"
"SERGEANT-D/A SPECIAL ASSIGNMENT","120442.00"
"SCHOOL SAFETY AGENT","56508.00"
"SCHOOL SAFETY AGENT","56508.00"
"SCHOOL SAFETY AGENT","56508.00"
"POLICE OFFICER","109352.00"
"EXECUTIVE AGENCY COUNSEL","221714.00"
"POLICE OFFICER","109352.00"
"SENIOR POLICE ADMINISTRATIVE AIDE","58707.00"
"ASSOCIATE INVESTIGATOR","68396.00"
"CITY CUSTODIAL ASSISTANT","43167.00"
"CITY CUSTODIAL ASSISTANT","48225.00"
"SUPERVISOR OF SCHOOL SECURITY","81237.00"
"PRINCIPAL ADMINISTRATIVE ASSOCIATE -  NON SUPVR","64799.00"
"POLICE OFFICER D/A DETECTIVE 1ST GR","154751.00"
"CERTIFIED IT ADMINISTRATOR","144653.00"
"SCHOOL SAFETY AGENT","56508.00"
"SENIOR POLICE ADMINISTRATIVE AIDE","58784.00"
"PRINCIPAL ADMINISTRATIVE ASSOCIATE -  NON SUPVR","68877.00"
"INVESTIGATOR","55488.00"
"P.O. DA DET GR3","119980.00"
"SCHOOL SAFETY AGENT","56508.00"
"MOTOR VEHICLE OPERATOR","58288.00"
"SERGEANT-D/A SUPERVISOR DETECTIVE SQUAD","135511.00"
"EXECUTIVE AGENCY COUNSEL","204461.00"
"SCHOOL SAFETY AGENT","56508.00"
"BOOKKEEPER","58040.00"
"SECRETARY TO THE COMMISSIONER","133194.00"
"SENIOR POLICE ADMINISTRATIVE AIDE","64740.00"
"POLICE ADMINISTRATIVE AIDE","51829.00"
"ADM MANAGER-NON-MGRL","90586.00"
"PRINCIPAL ADMINISTRATIVE ASSOCIATE -  NON SUPVR","76155.00"
"POLICE OFFICER","109352.00"
"SCHOOL SAFETY AGENT","53264.00"
"TRAFFIC ENFORCEMENT AGENT","56590.00"
"TRAFFIC ENFORCEMENT AGENT","53985.00"
"TRAFFIC ENFORCEMENT AGENT","52413.00"
"ASSOCIATE TRAFFIC ENFORCEMENT AGENT","65721.00"
"TRAFFIC ENFORCEMENT AGENT","53985.00"
"CASHIER","47291.00"
"TRAFFIC ENFORCEMENT AGENT","56575.00"
"TRAFFIC ENFORCEMENT AGENT","52162.00"
"TRAFFIC ENFORCEMENT AGENT","52413.00"
"TRAFFIC ENFORCEMENT AGENT","52413.00"
"TRAFFIC ENFORCEMENT AGENT","56590.00"
"ASSOCIATE TRAFFIC ENFORCEMENT AGENT","77442.00"
"TRAFFIC ENFORCEMENT AGENT","53985.00"
"ASSOCIATE TRAFFIC ENFORCEMENT AGENT","77494.00"
"SUPERVISOR OF SCHOOL SECURITY","81237.00"
"TRAFFIC ENFORCEMENT AGENT","55339.00"
"ASSOCIATE TRAFFIC ENFORCEMENT AGENT","57904.00"
"SERGEANT-D/A SPECIAL ASSIGNMENT","120442.00"
"PRINCIPAL POLICE COMMUNICATION TECHNICIAN","92121.00"
"SCHOOL SAFETY AGENT","56508.00"
"LIEUTENANT","154751.00"
"POLICE ADMINISTRATIVE AIDE","51380.00"
"CRIMINALIST ASSISTANT DIRECTOR OF LABORATORY","154029.00"
"POLICE OFFICER","109352.00"
"POLICE OFFICER","109352.00"
"SCHOOL SAFETY AGENT","56508.00"
"SCHOOL SAFETY AGENT","56508.00"
"POLICE OFFICER","109352.00"
"ADMINISTRATIVE STAFF ANALYST","132091.00"
"CRIMINALIST","116150.00"
"EVIDENCE AND PROPERTY CONTROL SPECIALIST","65333.00"
"POLICE OFFICER","105146.00"
"ASSOC SPVR OF SCHOOL SECURITY","90953.00"
"SCHOOL SAFETY AGENT","56508.00"
"CRIMINALIST","118788.00"
"POLICE COMMUNICATIONS TECHNICIAN","44265.00"
"POLICE OFFICER","109352.00"
"P.O. DET SPEC","119980.00"
"POLICE OFFICER D/A DETECTIVE 2ND GR","130260.00"
"SERGEANT-D/A SUPERVISOR DETECTIVE SQUAD","135511.00"
"LIEUTENANT","149518.00"
"ASSOC SPVR OF SCHOOL SECURITY","88725.00"
"SUPERVISING POLICE COMMUNICATIONS TECHNICIAN","79862.00"
"POLICE COMMUNICATIONS TECHNICIAN","61883.00"
"SERGEANT-","118056.00"
"SUPERVISING POLICE COMMUNICATIONS TECHNICIAN","75068.00"
"POLICE COMMUNICATIONS TECHNICIAN","62135.00"
"POLICE ADMINISTRATIVE AIDE","52679.00"
"SCHOOL SAFETY AGENT","56508.00"
"CITY CUSTODIAL ASSISTANT","46697.00"
"ACCOUNTANT","75577.00"
"EVIDENCE AND PROPERTY CONTROL SPECIALIST","75204.00"
"SCHOOL SAFETY AGENT","56508.00"
"PRINCIPAL ADMINISTRATIVE ASSOCIATE -  NON SUPVR","78031.00"
"ADMINISTRATIVE STAFF ANALYST","132523.00"
"SCHOOL SAFETY AGENT","54862.00"
"COMPUTER SPECIALIST","109792.00"
"POLICE ADMINISTRATIVE AIDE","48707.00"
"SERGEANT-","118056.00"
"CAPTAIN","160722.00"
"POLICE OFFICER","105146.00"
"SCHOOL SAFETY AGENT","56508.00"
"SERGEANT-","118056.00"
"LIEUTENANT D/A SPECIAL ASSIGNMENT","164477.00"
"AGENCY ATTORNEY","144676.00"
"SERGEANT-","118056.00"
"P.O. DA DET GR3","119980.00"
"LIEUTENANT","149518.00"
"SCHOOL SAFETY AGENT","56508.00"
"LIEUTENANT","154751.00"
"POLICE OFFICER","109352.00"
"POLICE ADMINISTRATIVE AIDE","51659.00"
"SENIOR POLICE ADMINISTRATIVE AIDE","58986.00"
"SENIOR POLICE ADMINISTRATIVE AIDE","64387.00"
"POLICE OFFICER","109352.00"
"LIEUTENANT D/A COMMANDER OF DETECTIVE SQUAD","170234.00"
"POLICE OFFICER D/A DETECTIVE 2ND GR","130260.00"
"POLICE OFFICER D/A DETECTIVE 2ND GR","134819.00"
"SERGEANT-","118056.00"
"POLICE OFFICER D/A DETECTIVE 2ND GR","114617.00"
"SERGEANT-D/A SUPERVISOR DETECTIVE SQUAD","135511.00"
"LIEUTENANT D/A COMMANDER OF DETECTIVE SQUAD","170234.00"
"CAPTAIN DETAILED AS ASSISTANT CHIEF","285448.00"
"SERGEANT-D/A SPECIAL ASSIGNMENT","135511.00"
"P.O. DET SPEC","115923.00"
"LIEUTENANT D/A SPECIAL ASSIGNMENT","164477.00"
"POLICE OFFICER","109352.00"
"POLICE OFFICER","109352.00"
"SERGEANT-D/A SPECIAL ASSIGNMENT","120442.00"
"SERGEANT-","118056.00"
"LIEUTENANT","154751.00"
"SERGEANT-","118056.00"
"POLICE OFFICER D/A DETECTIVE 1ST GR","149518.00"
"LIEUTENANT D/A SPECIAL ASSIGNMENT","170234.00"
"POLICE OFFICER D/A DETECTIVE 1ST GR","154751.00"
"POLICE OFFICER D/A DETECTIVE 1ST GR","154751.00"
"P.O. DET SPEC","115215.00"
"SERGEANT-D/A SPECIAL ASSIGNMENT","135511.00"
"SERGEANT-D/A SUPERVISOR DETECTIVE SQUAD","135511.00"
"POLICE OFFICER D/A DETECTIVE 2ND GR","130260.00"
"P.O. DA DET GR3","119980.00"
"SERGEANT-D/A SUPERVISOR DETECTIVE SQUAD","135511.00"
"POLICE OFFICER D/A DETECTIVE 2ND GR","130260.00"
"LIEUTENANT D/A SPECIAL ASSIGNMENT","164477.00"
"SERGEANT-","118056.00"
"SERGEANT-D/A SUPERVISOR DETECTIVE SQUAD","135511.00"
"SERGEANT-D/A SUPERVISOR DETECTIVE SQUAD","135511.00"
"SERGEANT-","118056.00"
"POLICE OFFICER D/A DETECTIVE 1ST GR","154751.00"
"POLICE OFFICER","109352.00"
"LIEUTENANT","154751.00"
"POLICE OFFICER","109352.00"
"SERGEANT-D/A SPECIAL ASSIGNMENT","121048.00"
"P.O. DA DET GR3","115923.00"
"SERGEANT-","118056.00"
"POLICE OFFICER D/A DETECTIVE 2ND GR","130260.00"
"CAPTAIN D/A DEPUTY CHIEF","227306.00"
"SERGEANT-","118056.00"
"SERGEANT-D/A SPECIAL ASSIGNMENT","120442.00"
"POLICE OFFICER D/A DETECTIVE 2ND GR","134819.00"
"CAPTAIN D/A DEPUTY CHIEF","227306.00"
"SERGEANT-","118056.00"
"LIEUTENANT D/A COMMANDER OF DETECTIVE SQUAD","170234.00"
"SERGEANT-D/A SUPERVISOR DETECTIVE SQUAD","135511.00"
"SERGEANT-","118056.00"
"SERGEANT-D/A SPECIAL ASSIGNMENT","135511.00"
"CAPTAIN D/A DEPUTY INSPECTOR","204936.00"
"POLICE OFFICER","109352.00"
"LIEUTENANT D/A SPECIAL ASSIGNMENT","170234.00"
"LIEUTENANT D/A COMMANDER OF DETECTIVE SQUAD","170234.00"
"POLICE OFFICER D/A DETECTIVE 2ND GR","134819.00"
"SERGEANT-D/A SPECIAL ASSIGNMENT","121048.00"
"SERGEANT-D/A SUPERVISOR DETECTIVE SQUAD","120442.00"
"LIEUTENANT D/A COMMANDER OF DETECTIVE SQUAD","170234.00"
"LIEUTENANT","149518.00"
"SERGEANT-D/A SUPERVISOR DETECTIVE SQUAD","135511.00"
"P.O. DET SPEC","115390.00"
"SENIOR POLICE ADMINISTRATIVE AIDE","58707.00"
"POLICE OFFICER","109352.00"
"LIEUTENANT","154751.00"
"CAPTAIN D/A DEPUTY CHIEF","227306.00"
"POLICE COMMUNICATIONS TECHNICIAN","61985.00"
"SCHOOL SAFETY AGENT","56508.00"
"POLICE OFFICER","109352.00"
"SERGEANT-","118056.00"
"CAPTAIN","194689.00"
"LIEUTENANT D/A SPECIAL ASSIGNMENT","170234.00"
"POLICE OFFICER","109352.00"
"SERGEANT-","96477.00"
"POLICE OFFICER D/A DETECTIVE 2ND GR","134819.00"
"SCHOOL SAFETY AGENT","56508.00"
"LIEUTENANT","139915.00"
"P.O. DA DET GR3","115923.00"
"POLICE ATTENDANT","49688.00"
"SERGEANT-","118056.00"
"CITY CUSTODIAL ASSISTANT","42898.00"
"EVIDENCE AND PROPERTY CONTROL SPECIALIST","65303.00"
"SUPERVISING POLICE COMMUNICATIONS TECHNICIAN","79808.00"
"CRIME ANALYST","63667.00"
"LIEUTENANT D/A COMMANDER OF DETECTIVE SQUAD","159762.00"
"TRAFFIC ENFORCEMENT AGENT","53985.00"
"LIEUTENANT","149518.00"
"LIEUTENANT","154751.00"
"SERGEANT-D/A SPECIAL ASSIGNMENT","135511.00"
"SERGEANT-","118056.00"
"CAPTAIN D/A DEPUTY INSPECTOR","204936.00"
"POLICE OFFICER","109352.00"
"LIEUTENANT D/A SPECIAL ASSIGNMENT","156098.00"
"POLICE OFFICER","109352.00"
"SERGEANT-","118056.00"
"CAPTAIN D/A DEPUTY CHIEF","227306.00"
"SERGEANT-D/A SUPERVISOR DETECTIVE SQUAD","135511.00"
"SERGEANT-D/A SPECIAL ASSIGNMENT","120442.00"
"SERGEANT-","118056.00"
"SERGEANT-D/A SUPERVISOR DETECTIVE SQUAD","135511.00"
"SERGEANT-D/A SPECIAL ASSIGNMENT","135511.00"
"POLICE OFFICER","109352.00"
"CAPTAIN D/A INSPECTOR","215791.00"
"POLICE OFFICER","109352.00"
"LIEUTENANT","154751.00"
"P.O. DET SPEC","99514.00"
"CAPTAIN D/A DEPUTY CHIEF","227306.00"
"POLICE OFFICER D/A DETECTIVE 2ND GR","134819.00"
"POLICE OFFICER","109352.00"
"LIEUTENANT","154751.00"
"LIEUTENANT","149518.00"
"SERGEANT-D/A SUPERVISOR DETECTIVE SQUAD","135511.00"
"CAPTAIN DETAILED AS ASSISTANT CHIEF","285448.00"
"POLICE OFFICER","109352.00"
"LIEUTENANT","154751.00"
"LIEUTENANT","154751.00"
"POLICE OFFICER D/A DETECTIVE 1ST GR","154751.00"
"POLICE OFFICER","109352.00"
"P.O. DA DET GR3","115923.00"
"POLICE OFFICER D/A DETECTIVE 1ST GR","149518.00"
"POLICE OFFICER D/A DETECTIVE 1ST GR","149518.00"
"CAPTAIN","157537.00"
"POLICE OFFICER D/A DETECTIVE 1ST GR","154751.00"
"POLICE OFFICER D/A DETECTIVE 2ND GR","134819.00"
"P.O. DA DET GR3","115923.00"
"SERGEANT-D/A SUPERVISOR DETECTIVE SQUAD","135511.00"
"SERGEANT-","118056.00"
"POLICE OFFICER D/A DETECTIVE 1ST GR","154751.00"
"P.O. DA DET GR3","119980.00"
"POLICE OFFICER","109352.00"
"LIEUTENANT","149518.00"
"POLICE OFFICER D/A DETECTIVE 2ND GR","125855.00"
"POLICE OFFICER D/A DETECTIVE 2ND GR","130260.00"
"SERGEANT-","118056.00"
"POLICE OFFICER D/A DETECTIVE 1ST GR","154751.00"
"POLICE OFFICER D/A DETECTIVE 1ST GR","154751.00"
"SERGEANT-","118056.00"
"LIEUTENANT D/A COMMANDER OF DETECTIVE SQUAD","159762.00"
"CAPTAIN D/A DEPUTY INSPECTOR","204936.00"
"SERGEANT-","118056.00"
"POLICE OFFICER","109352.00"
"CAPTAIN DETAILED AS CHIEF OF TRAINING","285577.00"
"POLICE OFFICER D/A DETECTIVE 1ST GR","154751.00"
"LIEUTENANT D/A COMMANDER OF DETECTIVE SQUAD","170234.00"
"POLICE OFFICER D/A DETECTIVE 2ND GR","114617.00"
"POLICE OFFICER","109352.00"
"CAPTAIN","194689.00"
"SERGEANT-","118056.00"
"LIEUTENANT","154751.00"
"POLICE OFFICER","109352.00"
"POLICE OFFICER","109352.00"
"CAPTAIN D/A DEPUTY INSPECTOR","204936.00"
"SERGEANT-","118056.00"
"CAPTAIN","160722.00"
"P.O. DA DET GR3","115923.00"
"SERGEANT-D/A SUPERVISOR DETECTIVE SQUAD","135511.00"
"LIEUTENANT D/A SPECIAL ASSIGNMENT","164477.00"
"P.O. DA DET GR3","115923.00"
"POLICE OFFICER","109352.00"
"POLICE OFFICER D/A DETECTIVE 1ST GR","149518.00"
"SERGEANT-D/A SPECIAL ASSIGNMENT","135511.00"
"P.O. DET SPEC","119248.00"
"SERGEANT-D/A SPECIAL ASSIGNMENT","120442.00"
"POLICE OFFICER","109352.00"
"SERGEANT-D/A SPECIAL ASSIGNMENT","135511.00"
"POLICE OFFICER D/A DETECTIVE 2ND GR","134819.00"
"LIEUTENANT","154751.00"
"P.O. DA DET GR3","119980.00"
"SERGEANT-","118056.00"
"SERGEANT-D/A SUPERVISOR DETECTIVE SQUAD","135511.00"
"LIEUTENANT","154751.00"
"SERGEANT-D/A SPECIAL ASSIGNMENT","120744.00"
"POLICE OFFICER D/A DETECTIVE 1ST GR","149518.00"
"P.O. DA DET GR3","115923.00"
"POLICE OFFICER D/A DETECTIVE 2ND GR","130260.00"
"CAPTAIN D/A DEPUTY INSPECTOR","204936.00"
"P.O. DET SPEC","115923.00"
"CAPTAIN D/A DEPUTY INSPECTOR","204936.00"
"POLICE OFFICER","109352.00"
"POLICE OFFICER","109352.00"
"SERGEANT-D/A SPECIAL ASSIGNMENT","135511.00"
"POLICE OFFICER D/A DETECTIVE 2ND GR","134819.00"
"SERGEANT-","118056.00"
"SERGEANT-D/A SPECIAL ASSIGNMENT","135511.00"
"POLICE OFFICER D/A DETECTIVE 1ST GR","154751.00"
"SERGEANT-D/A SUPERVISOR DETECTIVE SQUAD","135511.00"
"POLICE OFFICER","109352.00"
"POLICE OFFICER D/A DETECTIVE 2ND GR","130260.00"
"SERGEANT-","118056.00"
"POLICE OFFICER","109352.00"
"POLICE OFFICER D/A DETECTIVE 2ND GR","134819.00"
"SERGEANT-","118056.00"
"POLICE OFFICER D/A DETECTIVE 2ND GR","130260.00"
"LIEUTENANT","142202.00"
"SERGEANT-D/A SPECIAL ASSIGNMENT","135511.00"
"CAPTAIN","194689.00"
"P.O. DA DET GR3","108477.00"
"CAPTAIN D/A DEPUTY INSPECTOR","204936.00"
"SERGEANT-D/A SUPERVISOR DETECTIVE SQUAD","135511.00"
"POLICE OFFICER D/A DETECTIVE 2ND GR","134819.00"
"SERGEANT-D/A SPECIAL ASSIGNMENT","135511.00"
"CAPTAIN","194689.00"
"SERGEANT-","118056.00"
"POLICE OFFICER","109352.00"
"POLICE OFFICER D/A DETECTIVE 2ND GR","134819.00"
"SERGEANT-","118056.00"
"POLICE OFFICER","109352.00"
"SERGEANT-","118056.00"
"POLICE OFFICER D/A DETECTIVE 1ST GR","149518.00"
"SERGEANT-","118056.00"
"CAPTAIN D/A DEPUTY CHIEF","227306.00"
"P.O. DA DET GR3","115923.00"
"POLICE OFFICER D/A DETECTIVE 2ND GR","134819.00"
"POLICE OFFICER","109352.00"
"SERGEANT-D/A SUPERVISOR DETECTIVE SQUAD","120442.00"
"SERGEANT-","118056.00"
"P.O. DA DET GR3","115923.00"
"LIEUTENANT D/A SPECIAL ASSIGNMENT","170234.00"
"SERGEANT-","118056.00"
"LIEUTENANT","154751.00"
"LIEUTENANT","154751.00"
"POLICE OFFICER","109352.00"
"SERGEANT-","118056.00"
"POLICE OFFICER","105146.00"
"SERGEANT-","118056.00"
"POLICE OFFICER","109352.00"
"P.O. DA DET GR3","119980.00"
"P.O. DET SPEC","119980.00"
"POLICE OFFICER D/A DETECTIVE 2ND GR","134819.00"
"POLICE OFFICER","109352.00"
"P.O. DET SPEC","119980.00"
"POLICE OFFICER D/A DETECTIVE 2ND GR","130260.00"
"SCHOOL SAFETY AGENT","56508.00"
"SENIOR POLICE ADMINISTRATIVE AIDE","66346.00"
"SCHOOL SAFETY AGENT","56508.00"
"SCHOOL SAFETY AGENT","56508.00"
"COMPUTER SPECIALIST","106221.00"
"POLICE OFFICER","109352.00"
"POLICE OFFICER D/A DETECTIVE 1ST GR","154751.00"
"DIRECTOR OF INTERNAL AFFAIRS - PD","286627.00"
"POLICE OFFICER D/A DETECTIVE 2ND GR","134819.00"
"POLICE OFFICER D/A DETECTIVE 2ND GR","134819.00"
"POLICE OFFICER D/A DETECTIVE 1ST GR","154751.00"
"P.O. DET SPEC","115390.00"
"POLICE OFFICER","109352.00"
"POLICE OFFICER D/A DETECTIVE 1ST GR","154751.00"
"LIEUTENANT","154751.00"
"SERGEANT-D/A SUPERVISOR DETECTIVE SQUAD","135511.00"
"SERGEANT-D/A SUPERVISOR DETECTIVE SQUAD","135511.00"
"SERGEANT-","118056.00"
"SERGEANT-D/A SUPERVISOR DETECTIVE SQUAD","120442.00"
"CAPTAIN D/A DEPUTY INSPECTOR","204936.00"
"POLICE OFFICER","109352.00"
"PRINCIPAL ADMINISTRATIVE ASSOCIATE -  NON SUPVR","75104.00"
"PRINCIPAL ADMINISTRATIVE ASSOCIATE -  NON SUPVR","68832.00"
"SENIOR POLICE ADMINISTRATIVE AIDE","57026.00"
"PRINCIPAL ADMINISTRATIVE ASSOCIATE -  NON SUPVR","64068.00"
"LIEUTENANT","149518.00"
"PRINCIPAL ADMINISTRATIVE ASSOCIATE -  NON SUPVR","69500.00"
"PRINCIPAL POLICE COMMUNICATION TECHNICIAN","92148.00"
"PRINCIPAL POLICE COMMUNICATION TECHNICIAN","108706.00"
"POLICE OFFICER","109352.00"
"PRINCIPAL POLICE COMMUNICATION TECHNICIAN","108631.00"
"POLICE OFFICER","98155.00"
"PRINCIPAL POLICE COMMUNICATION TECHNICIAN","108631.00"
"POLICE COMMUNICATIONS TECHNICIAN","62063.00"
"ADMINISTRATIVE MANAGEMENT AUDITOR","120751.00"
"POLICE OFFICER","109352.00"
"CITY CUSTODIAL ASSISTANT","47425.00"
"SCHOOL SAFETY AGENT","56508.00"
"IT SECURITY SPECIALIST","185850.00"
"CAPTAIN","157515.00"
"POLICE OFFICER","109352.00"
"SCHOOL SAFETY AGENT","56508.00"
"POLICE OFFICER","109352.00"
"SERGEANT-","118056.00"
"POLICE SURGEON","169340.00"
"SCHOOL CROSSING GUARD","44584.00"
"POLICE COMMUNICATIONS TECHNICIAN","62112.00"
"SUPERVISING POLICE COMMUNICATIONS TECHNICIAN","79808.00"
"POLICE COMMUNICATIONS TECHNICIAN","62063.00"
"POLICE OFFICER","109352.00"
"SUPERVISOR OF SCHOOL SECURITY","81237.00"
"POLICE OFFICER","98155.00"
"POLICE OFFICER","109352.00"
"SERGEANT-","118056.00"
"INTELLIGENCE RESEARCH SPECIALIST-PD","138076.00"
"PRINCIPAL POLICE COMMUNICATION TECHNICIAN","96940.00"
"PRINCIPAL POLICE COMMUNICATION TECHNICIAN","92121.00"
"POLICE OFFICER","109352.00"
"ASSOCIATE STAFF ANALYST","92399.00"
"SUPERVISING POLICE COMMUNICATIONS TECHNICIAN","79862.00"
"POLICE COMMUNICATIONS TECHNICIAN","62080.00"
"SUPERVISING POLICE COMMUNICATIONS TECHNICIAN","79904.00"
"SERGEANT-","118056.00"
"PRINCIPAL POLICE COMMUNICATION TECHNICIAN","96910.00"
"POLICE COMMUNICATIONS TECHNICIAN","62063.00"
"POLICE COMMUNICATIONS TECHNICIAN","60132.00"
"PRINCIPAL POLICE COMMUNICATION TECHNICIAN","92321.00"
"POLICE COMMUNICATIONS TECHNICIAN","62080.00"
"PRINCIPAL POLICE COMMUNICATION TECHNICIAN","92121.00"
"POLICE ADMINISTRATIVE AIDE","62080.00"
"SCHOOL SAFETY AGENT","56508.00"
"SUPERVISING POLICE COMMUNICATIONS TECHNICIAN","79932.00"
"POLICE COMMUNICATIONS TECHNICIAN","62040.00"
"SUPERVISING POLICE COMMUNICATIONS TECHNICIAN","79862.00"
"POLICE COMMUNICATIONS TECHNICIAN","60084.00"
"POLICE OFFICER","109352.00"
"LIEUTENANT","141684.00"
"SCHOOL SAFETY AGENT","56508.00"
"SCHOOL SAFETY AGENT","56508.00"
"SCHOOL SAFETY AGENT","56508.00"
"SCHOOL SAFETY AGENT","56508.00"
"SCHOOL SAFETY AGENT","56508.00"
"SCHOOL SAFETY AGENT","56508.00"
"SCHOOL SAFETY AGENT","56508.00"
"EVIDENCE AND PROPERTY CONTROL SPECIALIST","65349.00"
"SCHOOL SAFETY AGENT","56508.00"
"SCHOOL SAFETY AGENT","56508.00"
"SCHOOL SAFETY AGENT","53264.00"
"SCHOOL SAFETY AGENT","56508.00"
"SCHOOL SAFETY AGENT","56508.00"
"SCHOOL SAFETY AGENT","56508.00"
"POLICE OFFICER D/A DETECTIVE 2ND GR","134819.00"
"SCHOOL SAFETY AGENT","56508.00"
"ASSOC SPVR OF SCHOOL SECURITY","90789.00"
"SCHOOL SAFETY AGENT","53264.00"
"SCHOOL SAFETY AGENT","56508.00"
"SCHOOL SAFETY AGENT","56508.00"
"SCHOOL SAFETY AGENT","56508.00"
"SCHOOL SAFETY AGENT","56508.00"
"SCHOOL SAFETY AGENT","56508.00"
"SERGEANT-","118056.00"
"SCHOOL SAFETY AGENT","56508.00"
"SCHOOL SAFETY AGENT","56508.00"
"SCHOOL SAFETY AGENT","56508.00"
"SCHOOL SAFETY AGENT","56508.00"
"SCHOOL SAFETY AGENT","56508.00"
"SCHOOL SAFETY AGENT","56508.00"
"SCHOOL SAFETY AGENT","56508.00"
"SCHOOL SAFETY AGENT","56508.00"
"SECRETARY","69204.00"
"LIEUTENANT","154751.00"
"SCHOOL SAFETY AGENT","56508.00"
"P.O. DA DET GR3","115923.00"
"SCHOOL SAFETY AGENT","56508.00"
"SCHOOL SAFETY AGENT","56508.00"
"SCHOOL SAFETY AGENT","53264.00"
"SCHOOL SAFETY AGENT","54862.00"
"SENIOR POLICE ADMINISTRATIVE AIDE","58810.00"
"SCHOOL SAFETY AGENT","56508.00"
"P.O. DET SPEC","119248.00"
"SUPERVISOR OF SCHOOL SECURITY","81237.00"
"POLICE OFFICER D/A DETECTIVE 2ND GR","134819.00"
"SCHOOL SAFETY AGENT","56508.00"
"SCHOOL SAFETY AGENT","53264.00"
"P.O. DA DET GR3","115923.00"
"SCHOOL SAFETY AGENT","56508.00"
"SCHOOL SAFETY AGENT","56508.00"
"POLICE OFFICER D/A DETECTIVE 2ND GR","134819.00"
"COMPUTER SYSTEMS MANAGER","187717.00"
"POLICE OFFICER","109352.00"
"POLICE OFFICER","105146.00"
"SCHOOL SAFETY AGENT","56508.00"
"POLICE OFFICER","109352.00"
"SCHOOL SAFETY AGENT","56508.00"
"P.O. DET SPEC","119248.00"
"EXECUTIVE AGENCY COUNSEL","219445.00"
"SCHOOL SAFETY AGENT","56508.00"
"STOCK WORKER","42639.00"
"POLICE OFFICER","109352.00"
"CITY RESEARCH SCIENTIST","108977.00"
"SCHOOL SAFETY AGENT","51713.00"
"SERGEANT-D/A SUPERVISOR DETECTIVE SQUAD","135511.00"
"SUPERVISOR","81716.00"
"SERGEANT-","118056.00"
"POLICE COMMUNICATIONS TECHNICIAN","61883.00"
"SCHOOL SAFETY AGENT","56508.00"
"SCHOOL SAFETY AGENT","56508.00"
"POLICE ADMINISTRATIVE AIDE","52045.00"
"P.O. DA DET GR3","119980.00"
"LIEUTENANT","154751.00"
"SERGEANT-","118056.00"
"POLICE OFFICER D/A DETECTIVE 2ND GR","125855.00"
"EVIDENCE AND PROPERTY CONTROL SPECIALIST","75100.00"
"SERGEANT-D/A SPECIAL ASSIGNMENT","135511.00"
"POLICE OFFICER","109352.00"
"LIEUTENANT","154751.00"
"POLICE OFFICER D/A DETECTIVE 2ND GR","134819.00"
"SERGEANT-","118056.00"
"POLICE OFFICER","109352.00"
"POLICE OFFICER","109352.00"
"P.O. DET SPEC","115215.00"
"POLICE OFFICER","109352.00"
"SERGEANT-","118056.00"
"SERGEANT-","118056.00"
"LIEUTENANT D/A COMMANDER OF DETECTIVE SQUAD","170234.00"
"SERGEANT-D/A SUPERVISOR DETECTIVE SQUAD","120744.00"
"LIEUTENANT","154751.00"
"POLICE OFFICER D/A DETECTIVE 2ND GR","134819.00"
"POLICE OFFICER","109352.00"
"POLICE OFFICER","109352.00"
"POLICE OFFICER","109352.00"
"POLICE OFFICER","109352.00"
"POLICE OFFICER","109352.00"
"SERGEANT-","118056.00"
"SERGEANT-","118056.00"
"P.O. DA DET GR3","119980.00"
"POLICE ADMINISTRATIVE AIDE","48682.00"
"CITY CUSTODIAL ASSISTANT","43055.00"
"PRINCIPAL ADMINISTRATIVE ASSOCIATE -  NON SUPVR","75783.00"
"PRINCIPAL ADMINISTRATIVE ASSOCIATE -  NON SUPVR","61581.00"
"PRINCIPAL ADMINISTRATIVE ASSOCIATE -  NON SUPVR","79900.00"
"PRINCIPAL ADMINISTRATIVE ASSOCIATE -  NON SUPVR","74940.00"
"PRINCIPAL ADMINISTRATIVE ASSOCIATE -  NON SUPVR","77136.00"
"PRINCIPAL ADMINISTRATIVE ASSOCIATE -  NON SUPVR","68756.00"
"SENIOR POLICE ADMINISTRATIVE AIDE","64673.00"
"SENIOR POLICE ADMINISTRATIVE AIDE","66478.00"
"POLICE ADMINISTRATIVE AIDE","48829.00"
"ADMINISTRATIVE PROCUREMENT ANALYST-NON-MGRL","90679.00"
"PRINCIPAL ADMINISTRATIVE ASSOCIATE -  NON SUPVR","62148.00"
"POLICE OFFICER","105146.00"
"POLICE COMMUNICATIONS TECHNICIAN","61934.00"
"LIEUTENANT D/A COMMANDER OF DETECTIVE SQUAD","164477.00"
"LIEUTENANT","154751.00"
"PARKING CONTROL SPECIALIST","53037.00"
"POLICE OFFICER","109352.00"
"SCHOOL SAFETY AGENT","51713.00"
"POLICE OFFICER","109352.00"
"POLICE OFFICER D/A DETECTIVE 2ND GR","134819.00"
"POLICE OFFICER","109352.00"
"LIEUTENANT","149518.00"
"POLICE OFFICER","109352.00"
"POLICE OFFICER D/A DETECTIVE 2ND GR","134819.00"
"SERGEANT-","118056.00"
"SERGEANT-D/A SPECIAL ASSIGNMENT","121048.00"
"PRINCIPAL POLICE COMMUNICATION TECHNICIAN","96940.00"
"SUPERVISING POLICE COMMUNICATIONS TECHNICIAN","79904.00"
"POLICE COMMUNICATIONS TECHNICIAN","61883.00"
"PRINCIPAL POLICE COMMUNICATION TECHNICIAN","96910.00"
"PRINCIPAL POLICE COMMUNICATION TECHNICIAN","94842.00"
"SERGEANT-","118056.00"
"PRINCIPAL POLICE COMMUNICATION TECHNICIAN","97361.00"
"SUPERVISING POLICE COMMUNICATIONS TECHNICIAN","77323.00"
"SUPERVISING POLICE COMMUNICATIONS TECHNICIAN","73159.00"
"POLICE COMMUNICATIONS TECHNICIAN","62080.00"
"POLICE OFFICER","109352.00"
"POLICE COMMUNICATIONS TECHNICIAN","62080.00"
"SUPERVISING POLICE COMMUNICATIONS TECHNICIAN","76443.00"
"PRINCIPAL POLICE COMMUNICATION TECHNICIAN","94872.00"
"PRINCIPAL POLICE COMMUNICATION TECHNICIAN","108706.00"
"POLICE COMMUNICATIONS TECHNICIAN","62080.00"
"POLICE COMMUNICATIONS TECHNICIAN","62063.00"
"POLICE ADMINISTRATIVE AIDE","48829.00"
"CITY CUSTODIAL ASSISTANT","48246.00"
"CUSTODIAN","43750.00"
"POLICE OFFICER","109352.00"
"POLICE ADMINISTRATIVE AIDE","48829.00"
"TRAFFIC ENFORCEMENT AGENT","53985.00"
"PRINCIPAL ADMINISTRATIVE ASSOCIATE -  NON SUPVR","73168.00"
"ASSOCIATE TRAFFIC ENFORCEMENT AGENT","65670.00"
"TRAFFIC ENFORCEMENT AGENT","55339.00"
"TRAFFIC ENFORCEMENT AGENT","53727.00"
"TRAFFIC ENFORCEMENT AGENT","54900.00"
"ASSOCIATE TRAFFIC ENFORCEMENT AGENT","65696.00"
"ASSOCIATE TRAFFIC ENFORCEMENT AGENT","65670.00"
"ASSOCIATE TRAFFIC ENFORCEMENT AGENT","57868.00"
"P.O. DET SPEC","119248.00"
"POLICE OFFICER","109352.00"
"ASSOCIATE TRAFFIC ENFORCEMENT AGENT","57868.00"
"TRAFFIC ENFORCEMENT AGENT","53985.00"
"TRAFFIC ENFORCEMENT AGENT","53985.00"
"ADMIN TRAFFIC ENF AGNT-UNION","84529.00"
"ASSOCIATE TRAFFIC ENFORCEMENT AGENT","57868.00"
"ASSOCIATE TRAFFIC ENFORCEMENT AGENT","65721.00"
"TRAFFIC ENFORCEMENT AGENT","53985.00"
"ASSOCIATE TRAFFIC ENFORCEMENT AGENT","60121.00"
"SCHOOL SAFETY AGENT","56508.00"
"CAPTAIN","194689.00"
"POLICE COMMUNICATIONS TECHNICIAN","62040.00"
"POLICE OFFICER","109352.00"
"ADMIN TRAFFIC ENF AGNT-UNION","85017.00"
"ASSOCIATE TRAFFIC ENFORCEMENT AGENT","56194.00"
"SUPERVISING POLICE COMMUNICATIONS TECHNICIAN","79781.00"
"AGENCY ATTORNEY","106404.00"
"SCHOOL SAFETY AGENT","56508.00"
"SCHOOL SAFETY AGENT","56508.00"
"SCHOOL SAFETY AGENT","56508.00"
"POLICE ADMINISTRATIVE AIDE","48883.00"
"SCHOOL SAFETY AGENT","56508.00"
"SCHOOL SAFETY AGENT","54862.00"
"SCHOOL SAFETY AGENT","56508.00"
"SCHOOL SAFETY AGENT","56508.00"
"SCHOOL SAFETY AGENT","56508.00"
"SCHOOL SAFETY AGENT","56508.00"
"SCHOOL SAFETY AGENT","56508.00"
"SUPERVISOR OF SCHOOL SECURITY","81237.00"
"POLICE OFFICER","109352.00"
"SCHOOL SAFETY AGENT","56508.00"
"SCHOOL SAFETY AGENT","54862.00"
"SCHOOL SAFETY AGENT","56508.00"
"SCHOOL SAFETY AGENT","56508.00"
"SCHOOL SAFETY AGENT","56508.00"
"SCHOOL SAFETY AGENT","56508.00"
"SCHOOL SAFETY AGENT","56508.00"
"P.O. DET SPEC","115390.00"
"SCHOOL SAFETY AGENT","56508.00"
"SCHOOL SAFETY AGENT","56508.00"
"SCHOOL SAFETY AGENT","56508.00"
"SCHOOL SAFETY AGENT","54862.00"
"POLICE OFFICER","109352.00"
"SCHOOL SAFETY AGENT","56508.00"
"POLICE ADMINISTRATIVE AIDE","56373.00"
"SCHOOL SAFETY AGENT","56508.00"
"SCHOOL SAFETY AGENT","54862.00"
"SCHOOL SAFETY AGENT","54862.00"
"SCHOOL SAFETY AGENT","56508.00"
"SCHOOL SAFETY AGENT","56508.00"
"SCHOOL SAFETY AGENT","56508.00"
"SCHOOL SAFETY AGENT","56508.00"
"SUPERVISOR OF SCHOOL SECURITY","81237.00"
"SCHOOL SAFETY AGENT","56508.00"
"SCHOOL SAFETY AGENT","56508.00"
"SCHOOL SAFETY AGENT","56508.00"
"SUPERVISOR OF SCHOOL SECURITY","81237.00"
"SUPERVISOR OF SCHOOL SECURITY","81237.00"
"SCHOOL SAFETY AGENT","56508.00"
"SCHOOL SAFETY AGENT","56508.00"
"SCHOOL SAFETY AGENT","53264.00"
"P.O. DA DET GR3","115923.00"
"SCHOOL SAFETY AGENT","56508.00"
"SCHOOL SAFETY AGENT","56508.00"
"SCHOOL SAFETY AGENT","51713.00"
"CAPTAIN","194689.00"
"SCHOOL SAFETY AGENT","56508.00"
"SCHOOL SAFETY AGENT","56508.00"
"SCHOOL SAFETY AGENT","56508.00"
"SCHOOL SAFETY AGENT","56508.00"
"SCHOOL SAFETY AGENT","56508.00"
"SCHOOL SAFETY AGENT","56508.00"
"SCHOOL SAFETY AGENT","54862.00"
"SCHOOL SAFETY AGENT","56508.00"
"SCHOOL SAFETY AGENT","56508.00"
"SCHOOL SAFETY AGENT","56508.00"
"SCHOOL SAFETY AGENT","56508.00"
"SCHOOL SAFETY AGENT","56508.00"
"SCHOOL SAFETY AGENT","56508.00"
"SCHOOL SAFETY AGENT","56508.00"
"SCHOOL SAFETY AGENT","54862.00"
"P.O. DA DET GR3","115923.00"
"SUPERVISOR OF SCHOOL SECURITY","81237.00"
"SCHOOL SAFETY AGENT","56508.00"
"SCHOOL SAFETY AGENT","56508.00"
"POLICE OFFICER","105146.00"
"SCHOOL SAFETY AGENT","56508.00"
"SCHOOL SAFETY AGENT","56508.00"
"SCHOOL SAFETY AGENT","56508.00"
"SERGEANT-","118056.00"
"P.O. DA DET GR3","115923.00"
"POLICE OFFICER","105146.00"
"LIEUTENANT","154751.00"
"POLICE ADMINISTRATIVE AIDE","48810.00"
"PRINCIPAL ADMINISTRATIVE ASSOCIATE -  NON SUPVR","73487.00"
"PRINCIPAL ADMINISTRATIVE ASSOCIATE -  NON SUPVR","72110.00"
"SENIOR POLICE ADMINISTRATIVE AIDE","58905.00"
"PRINCIPAL ADMINISTRATIVE ASSOCIATE -  NON SUPVR","76097.00"
"PRINCIPAL ADMINISTRATIVE ASSOCIATE -  NON SUPVR","80932.00"
"ADMINISTRATIVE STAFF ANALYST","148766.00"
"ADMIN COMMUNITY RELATIONS SPECIALIST","116282.00"
"ADMINISTRATIVE MANAGEMENT AUDITOR","114448.00"
"PRINCIPAL ADMINISTRATIVE ASSOCIATE -  NON SUPVR","85040.00"
"POLICE OFFICER","109352.00"
"SENIOR POLICE ADMINISTRATIVE AIDE","66546.00"
"POLICE OFFICER","109352.00"
"ASSOCIATE PROJECT MANAGER","131038.00"
"P.O. DA DET GR3","119980.00"
"P.O. DA DET GR3","119980.00"
"SCHOOL SAFETY AGENT","53264.00"
"CERTIFIED IT ADMINISTRATOR","144950.00"
"SUPERVISING POLICE COMMUNICATIONS TECHNICIAN","73159.00"
"P.O. DA DET GR3","119980.00"
"PSYCHOLOGIST","126508.00"
"STAFF ANALYST","89895.00"
"PRINCIPAL POLICE COMMUNICATION TECHNICIAN","92121.00"
"SUPERVISOR OF MECHANICS","136407.00"
"POLICE OFFICER","105146.00"
"SERGEANT-","118056.00"
"POLICE OFFICER","109352.00"
"SERGEANT-","118056.00"
"SUPERVISOR OF MECHANICS","140840.00"
"SCHOOL SAFETY AGENT","56508.00"
"SERGEANT-","118056.00"
"POLICE OFFICER D/A DETECTIVE 1ST GR","149518.00"
"P.O. DET SPEC","115923.00"
"POLICE OFFICER D/A DETECTIVE 2ND GR","134819.00"
"CAPTAIN D/A DEPUTY CHIEF","227306.00"
"SERGEANT-D/A SPECIAL ASSIGNMENT","135511.00"
"SERGEANT-","118056.00"
"POLICE OFFICER D/A DETECTIVE 2ND GR","134819.00"
"LIEUTENANT D/A COMMANDER OF DETECTIVE SQUAD","170234.00"
"POLICE OFFICER D/A DETECTIVE 2ND GR","134819.00"
"POLICE OFFICER","109352.00"
"POLICE OFFICER","109352.00"
"P.O. DA DET GR3","99514.00"
"LIEUTENANT D/A COMMANDER OF DETECTIVE SQUAD","170234.00"
"LIEUTENANT","142202.00"
"SERGEANT-","118056.00"
"POLICE OFFICER D/A DETECTIVE 1ST GR","154751.00"
"LIEUTENANT D/A COMMANDER OF DETECTIVE SQUAD","157713.00"
"POLICE OFFICER D/A DETECTIVE 1ST GR","149518.00"
"POLICE OFFICER D/A DETECTIVE 2ND GR","134819.00"
"LIEUTENANT","154751.00"
"LIEUTENANT","142202.00"
"POLICE OFFICER","109352.00"
"SERGEANT-D/A SUPERVISOR DETECTIVE SQUAD","135511.00"
"P.O. DA DET GR3","119980.00"
"POLICE OFFICER D/A DETECTIVE 1ST GR","149518.00"
"SERGEANT-D/A SUPERVISOR DETECTIVE SQUAD","135511.00"
"P.O. DET SPEC","115923.00"
"SERGEANT-D/A SUPERVISOR DETECTIVE SQUAD","135511.00"
"SERGEANT-D/A SUPERVISOR DETECTIVE SQUAD","135511.00"
"SERGEANT-","118056.00"
"POLICE OFFICER","109352.00"
"POLICE OFFICER D/A DETECTIVE 1ST GR","154751.00"
"POLICE OFFICER","109352.00"
"POLICE OFFICER D/A DETECTIVE 2ND GR","130260.00"
"POLICE OFFICER","109352.00"
"POLICE OFFICER D/A DETECTIVE 2ND GR","130260.00"
"SERGEANT-D/A SUPERVISOR DETECTIVE SQUAD","135511.00"
"POLICE OFFICER D/A DETECTIVE 2ND GR","134819.00"
"SERGEANT-","118056.00"
"POLICE OFFICER D/A DETECTIVE 2ND GR","130260.00"
"CAPTAIN D/A DEPUTY INSPECTOR","204936.00"
"LIEUTENANT D/A SPECIAL ASSIGNMENT","170234.00"
"LIEUTENANT D/A COMMANDER OF DETECTIVE SQUAD","170234.00"
"POLICE OFFICER","109352.00"
"SERGEANT-D/A SUPERVISOR DETECTIVE SQUAD","121048.00"
"POLICE OFFICER","109352.00"
"P.O. DET SPEC","119980.00"
"P.O. DA DET GR3","119429.00"
"POLICE OFFICER","109352.00"
"P.O. DET SPEC","110826.00"
"CAPTAIN D/A INSPECTOR","215791.00"
"POLICE OFFICER D/A DETECTIVE 2ND GR","134819.00"
"P.O. DET SPEC","115923.00"
"SERGEANT-D/A SUPERVISOR DETECTIVE SQUAD","135511.00"
"P.O. DA DET GR3","119980.00"
"CAPTAIN D/A DEPUTY CHIEF","227306.00"
"POLICE OFFICER D/A DETECTIVE 2ND GR","134819.00"
"POLICE OFFICER","109352.00"
"POLICE OFFICER D/A DETECTIVE 2ND GR","134819.00"
"SERGEANT-","118056.00"
"CAPTAIN D/A DEPUTY CHIEF","227306.00"
"CAPTAIN","160722.00"
"P.O. DA DET GR3","119980.00"
"LIEUTENANT D/A SPECIAL ASSIGNMENT","170234.00"
"SERGEANT-D/A SPECIAL ASSIGNMENT","121048.00"
"POLICE OFFICER D/A DETECTIVE 2ND GR","130260.00"
"POLICE OFFICER D/A DETECTIVE 1ST GR","149518.00"
"LIEUTENANT","154751.00"
"P.O. DA DET GR3","115923.00"
"POLICE OFFICER D/A DETECTIVE 2ND GR","134819.00"
"POLICE OFFICER D/A DETECTIVE 2ND GR","130260.00"
"POLICE OFFICER","109352.00"
"SERGEANT-D/A SPECIAL ASSIGNMENT","121048.00"
"SERGEANT-D/A SUPERVISOR DETECTIVE SQUAD","120744.00"
"SERGEANT-","97894.00"
"SERGEANT-","118056.00"
"SERGEANT-","118056.00"
"POLICE OFFICER","105146.00"
"POLICE OFFICER D/A DETECTIVE 2ND GR","134819.00"
"LIEUTENANT","142202.00"
"POLICE OFFICER","105146.00"
"SERGEANT-","118056.00"
"P.O. DA DET GR3","119980.00"
"POLICE OFFICER","105146.00"
"SERGEANT-","118056.00"
"SERGEANT-D/A SUPERVISOR DETECTIVE SQUAD","120744.00"
"SERGEANT-","118056.00"
"POLICE OFFICER D/A DETECTIVE 2ND GR","134819.00"
"POLICE OFFICER","109352.00"
"POLICE OFFICER D/A DETECTIVE 2ND GR","130260.00"
"P.O. DET SPEC","119429.00"
"SERGEANT-","118056.00"
"SERGEANT-","118056.00"
"SERGEANT-","118056.00"
"SERGEANT-D/A SPECIAL ASSIGNMENT","121048.00"
"LIEUTENANT D/A SPECIAL ASSIGNMENT","170234.00"
"LIEUTENANT","142202.00"
"SERGEANT-","97894.00"
"POLICE OFFICER","105146.00"
"SERGEANT-","118056.00"
"P.O. DET SPEC","115923.00"
"P.O. DA DET GR3","115923.00"
"POLICE OFFICER","105146.00"
"SERGEANT-","118056.00"
"CAPTAIN D/A DEPUTY CHIEF","227306.00"
"P.O. DET SPEC","115923.00"
"POLICE OFFICER","105146.00"
"POLICE OFFICER","109352.00"
"POLICE OFFICER D/A DETECTIVE 2ND GR","134819.00"
"POLICE OFFICER D/A DETECTIVE 1ST GR","149518.00"
"P.O. DA DET GR3","119980.00"
"POLICE OFFICER D/A DETECTIVE 2ND GR","134819.00"
"SERGEANT-D/A SPECIAL ASSIGNMENT","120442.00"
"POLICE OFFICER D/A DETECTIVE 2ND GR","130260.00"
"P.O. DA DET GR3","119980.00"
"SERGEANT-","118056.00"
"POLICE OFFICER","105146.00"
"P.O. DA DET GR3","119980.00"
"POLICE OFFICER","105146.00"
"SERGEANT-","118056.00"
"POLICE OFFICER","109352.00"
"POLICE OFFICER","105146.00"
"LIEUTENANT","154751.00"
"POLICE OFFICER","109352.00"
"POLICE OFFICER","109352.00"
"CAPTAIN","194689.00"
"POLICE OFFICER","109352.00"
"SERGEANT-","118056.00"
"P.O. DA DET GR3","119429.00"
"POLICE OFFICER","109352.00"
"POLICE OFFICER","109352.00"
"POLICE OFFICER","109352.00"
"POLICE OFFICER","105146.00"
"LIEUTENANT D/A SPECIAL ASSIGNMENT","157713.00"
"SERGEANT-D/A SPECIAL ASSIGNMENT","120744.00"
"P.O. DA DET GR3","115215.00"
"LIEUTENANT D/A SPECIAL ASSIGNMENT","159762.00"
"POLICE OFFICER D/A DETECTIVE 1ST GR","149518.00"
"CAPTAIN","160722.00"
"CAPTAIN","194689.00"
"P.O. DET SPEC","119429.00"
"P.O. DET SPEC","119314.00"
"LIEUTENANT","149518.00"
"POLICE OFFICER","105146.00"
"SERGEANT-D/A SPECIAL ASSIGNMENT","135511.00"
"P.O. DA DET GR3","115923.00"
"LIEUTENANT","154751.00"
"POLICE OFFICER","105146.00"
"P.O. DA DET GR3","119248.00"
"SERGEANT-","118056.00"
"POLICE OFFICER","109352.00"
"POLICE OFFICER","109352.00"
"SERGEANT-D/A SUPERVISOR DETECTIVE SQUAD","135511.00"
"SERGEANT-D/A SUPERVISOR DETECTIVE SQUAD","121048.00"
"LIEUTENANT D/A SPECIAL ASSIGNMENT","157713.00"
"POLICE OFFICER","109352.00"
"POLICE OFFICER","105146.00"
"SERGEANT-","118056.00"
"POLICE OFFICER","109352.00"
"POLICE OFFICER","105146.00"
"POLICE OFFICER","109352.00"
"POLICE OFFICER","109352.00"
"POLICE OFFICER","109352.00"
"POLICE OFFICER","109352.00"
"POLICE OFFICER","105146.00"
"POLICE OFFICER D/A DETECTIVE 2ND GR","130260.00"
"LIEUTENANT","149518.00"
"P.O. DA DET GR3","119429.00"
"P.O. DA DET GR3","119980.00"
"P.O. DA DET GR3","119980.00"
"POLICE OFFICER","109352.00"
"P.O. DET SPEC","119980.00"
"LIEUTENANT","149518.00"
"SERGEANT-","118056.00"
"P.O. DA DET GR3","115923.00"
"POLICE OFFICER D/A DETECTIVE 1ST GR","154751.00"
"P.O. DA DET GR3","119980.00"
"POLICE OFFICER","109352.00"
"POLICE OFFICER","105146.00"
"P.O. DA DET GR3","115279.00"
"SERGEANT-","118056.00"
"POLICE OFFICER","105146.00"
"POLICE OFFICER","109352.00"
"LIEUTENANT","149518.00"
"SERGEANT-","97894.00"
"POLICE OFFICER","105146.00"
"SERGEANT-","118056.00"
"SERGEANT-","118056.00"
"POLICE OFFICER","105146.00"
"POLICE OFFICER","105146.00"
"POLICE OFFICER D/A DETECTIVE 2ND GR","134819.00"
"CAPTAIN","194689.00"
"POLICE OFFICER","105146.00"
"P.O. DA DET GR3","115923.00"
"P.O. DA DET GR3","115923.00"
"POLICE OFFICER","109352.00"
"POLICE OFFICER","105146.00"
"POLICE OFFICER","109352.00"
"P.O. DA DET GR3","119980.00"
"POLICE OFFICER","105146.00"
"P.O. DET SPEC","115923.00"
"POLICE OFFICER","105146.00"
"SCHOOL SAFETY AGENT","56508.00"
"POLICE COMMUNICATIONS TECHNICIAN","61883.00"
"P.O. DET SPEC","119980.00"
"P.O. DET SPEC","119980.00"
"LIEUTENANT","154751.00"
"SERGEANT-","118056.00"
"P.O. DET SPEC","115923.00"
"POLICE OFFICER","105146.00"
"P.O. DET SPEC","119248.00"
"POLICE OFFICER","109352.00"
"P.O. DET SPEC","119980.00"
"POLICE OFFICER","109352.00"
"POLICE OFFICER","105146.00"
"POLICE OFFICER","109352.00"
"P.O. DET SPEC","115923.00"
"SERGEANT-","118056.00"
"P.O. DA DET GR3","108477.00"
"POLICE OFFICER","109352.00"
"SERGEANT-D/A SUPERVISOR DETECTIVE SQUAD","135511.00"
"POLICE OFFICER D/A DETECTIVE 2ND GR","134819.00"
"POLICE OFFICER","105146.00"
"POLICE OFFICER","109352.00"
"CAPTAIN D/A DEPUTY INSPECTOR","204936.00"
"P.O. DA DET GR3","115923.00"
"P.O. DA DET GR3","119980.00"
"P.O. DET SPEC","115923.00"
"SERGEANT-D/A SUPERVISOR DETECTIVE SQUAD","121048.00"
"CAPTAIN D/A DEPUTY INSPECTOR","204936.00"
"POLICE OFFICER D/A DETECTIVE 1ST GR","149518.00"
"SERGEANT-","118056.00"
"SERGEANT-","118056.00"
"POLICE OFFICER","105146.00"
"POLICE OFFICER","105146.00"
"LIEUTENANT D/A COMMANDER OF DETECTIVE SQUAD","170234.00"
"POLICE OFFICER","105146.00"
"CAPTAIN","188105.00"
"POLICE OFFICER","105146.00"
"POLICE OFFICER","105146.00"
"POLICE OFFICER","105146.00"
"P.O. DET SPEC","115923.00"
"POLICE OFFICER","109352.00"
"LIEUTENANT D/A COMMANDER OF DETECTIVE SQUAD","170234.00"
"POLICE OFFICER","109352.00"
"CAPTAIN","157515.00"
"POLICE OFFICER","105146.00"
"POLICE OFFICER","105146.00"
"LIEUTENANT","154751.00"
"CAPTAIN","157537.00"
"LIEUTENANT","154751.00"
"SERGEANT-","118056.00"
"SERGEANT-","118056.00"
"LIEUTENANT","149518.00"
"POLICE OFFICER","109352.00"
"POLICE OFFICER","109352.00"
"LIEUTENANT D/A SPECIAL ASSIGNMENT","159762.00"
"LIEUTENANT","154751.00"
"P.O. DET SPEC","119980.00"
"P.O. DA DET GR3","115923.00"
"POLICE OFFICER","105146.00"
"P.O. DET SPEC","119980.00"
"SERGEANT-","96477.00"
"SERGEANT-","118056.00"
"P.O. DA DET GR3","119980.00"
"CAPTAIN D/A DEPUTY INSPECTOR","204936.00"
"CAPTAIN D/A INSPECTOR","215791.00"
"SERGEANT-","118056.00"
"POLICE OFFICER D/A DETECTIVE 2ND GR","130260.00"
"POLICE OFFICER D/A DETECTIVE 2ND GR","130260.00"
"LIEUTENANT","142202.00"
"POLICE OFFICER","105146.00"
"SERGEANT-","118056.00"
"POLICE OFFICER","109352.00"
"POLICE OFFICER","105146.00"
"POLICE OFFICER D/A DETECTIVE 2ND GR","134819.00"
"P.O. DA DET GR3","115923.00"
"P.O. DA DET GR3","115923.00"
"POLICE OFFICER","105146.00"
"POLICE OFFICER D/A DETECTIVE 2ND GR","134819.00"
"SERGEANT-","118056.00"
"POLICE OFFICER D/A DETECTIVE 1ST GR","154751.00"
"CAPTAIN D/A INSPECTOR","215791.00"
"POLICE OFFICER D/A DETECTIVE 2ND GR","130260.00"
"SERGEANT-D/A SUPERVISOR DETECTIVE SQUAD","121048.00"
"POLICE OFFICER D/A DETECTIVE 2ND GR","134819.00"
"POLICE OFFICER","109352.00"
"POLICE OFFICER","109352.00"
"P.O. DA DET GR3","119980.00"
"LIEUTENANT","136750.00"
"P.O. DA DET GR3","119980.00"
"SERGEANT-D/A SUPERVISOR DETECTIVE SQUAD","135511.00"
"SERGEANT-","118056.00"
"POLICE OFFICER","105146.00"
"LIEUTENANT","136750.00"
"LIEUTENANT","154751.00"
"SERGEANT-","118056.00"
"POLICE OFFICER","109352.00"
"LIEUTENANT","154751.00"
"P.O. DET SPEC","115923.00"
"P.O. DA DET GR3","115923.00"
"P.O. DET SPEC","119980.00"
"CAPTAIN","194689.00"
"SERGEANT-","118056.00"
"POLICE OFFICER D/A DETECTIVE 2ND GR","130260.00"
"SERGEANT-D/A SPECIAL ASSIGNMENT","135511.00"
"P.O. DA DET GR3","119980.00"
"POLICE OFFICER","109352.00"
"POLICE OFFICER","109352.00"
"SERGEANT-","118056.00"
"POLICE OFFICER","109352.00"
"P.O. DA DET GR3","115923.00"
"POLICE OFFICER","109352.00"
"SERGEANT-","118056.00"
"POLICE OFFICER","109352.00"
"LIEUTENANT D/A SPECIAL ASSIGNMENT","152380.00"
"LIEUTENANT","154751.00"
"POLICE OFFICER","109352.00"
"POLICE OFFICER","105146.00"
"SERGEANT-D/A SPECIAL ASSIGNMENT","135511.00"
"LIEUTENANT","149518.00"
"SERGEANT-","118056.00"
"LIEUTENANT","154751.00"
"P.O. DET SPEC","115390.00"
"SERGEANT-","118056.00"
"P.O. DET SPEC","115923.00"
"POLICE OFFICER","109352.00"
"POLICE OFFICER","109352.00"
"P.O. DET SPEC","119980.00"
"CAPTAIN","194689.00"
"CAPTAIN D/A DEPUTY INSPECTOR","204936.00"
"SERGEANT-","97894.00"
"SERGEANT-D/A SUPERVISOR DETECTIVE SQUAD","135511.00"
"POLICE OFFICER","109352.00"
"P.O. DA DET GR3","115923.00"
"POLICE OFFICER","105146.00"
"SERGEANT-","118056.00"
"POLICE OFFICER","105146.00"
"POLICE OFFICER","105146.00"
"POLICE OFFICER","105146.00"
"POLICE OFFICER D/A DETECTIVE 2ND GR","134819.00"
"SERGEANT-D/A SUPERVISOR DETECTIVE SQUAD","121048.00"
"LIEUTENANT","154751.00"
"POLICE OFFICER","105146.00"
"SERGEANT-","118056.00"
"P.O. DA DET GR3","119314.00"
"CAPTAIN","157537.00"
"SERGEANT-D/A SUPERVISOR DETECTIVE SQUAD","135511.00"
"POLICE OFFICER","109352.00"
"POLICE OFFICER","105146.00"
"SERGEANT-","118056.00"
"POLICE OFFICER","105146.00"
"P.O. DA DET GR3","115923.00"
"POLICE OFFICER","109352.00"
"LIEUTENANT D/A COMMANDER OF DETECTIVE SQUAD","152380.00"
"SERGEANT-","118056.00"
"P.O. DET SPEC","115390.00"
"P.O. DA DET GR3","119980.00"
"POLICE OFFICER","109352.00"
"POLICE OFFICER","109352.00"
"P.O. DA DET GR3","119980.00"
"POLICE OFFICER","109352.00"
"POLICE OFFICER","105146.00"
"LIEUTENANT D/A COMMANDER OF DETECTIVE SQUAD","164477.00"
"LIEUTENANT D/A COMMANDER OF DETECTIVE SQUAD","170234.00"
"POLICE OFFICER","105146.00"
"SERGEANT-","118056.00"
"P.O. DA DET GR3","115279.00"
"POLICE OFFICER","109352.00"
"POLICE OFFICER","105146.00"
"LIEUTENANT D/A COMMANDER OF DETECTIVE SQUAD","150819.00"
"P.O. DET SPEC","119980.00"
"POLICE OFFICER","109352.00"
"POLICE OFFICER","105146.00"
"SERGEANT-","118056.00"
"SERGEANT-D/A SUPERVISOR DETECTIVE SQUAD","121048.00"
"POLICE OFFICER","105146.00"
"POLICE OFFICER","109352.00"
"POLICE OFFICER","109352.00"
"P.O. DET SPEC","119429.00"
"POLICE OFFICER","105146.00"
"LIEUTENANT","154751.00"
"SERGEANT-","118056.00"
"POLICE OFFICER D/A DETECTIVE 2ND GR","134819.00"
"P.O. DA DET GR3","115923.00"
"POLICE OFFICER","105146.00"
"P.O. DA DET GR3","119980.00"
"POLICE OFFICER","109352.00"
"SERGEANT-","118056.00"
"POLICE OFFICER D/A DETECTIVE 1ST GR","154751.00"
"SERGEANT-","118056.00"
"POLICE OFFICER D/A DETECTIVE 2ND GR","130260.00"
"POLICE OFFICER","109352.00"
"P.O. DET SPEC","119980.00"
"P.O. DA DET GR3","119248.00"
"CAPTAIN","194689.00"
"POLICE OFFICER","109352.00"
"LIEUTENANT","154751.00"
"P.O. DA DET GR3","115923.00"
"POLICE OFFICER D/A DETECTIVE 1ST GR","149518.00"
"CAPTAIN D/A DEPUTY INSPECTOR","204936.00"
"POLICE OFFICER","105146.00"
"LIEUTENANT","149518.00"
"POLICE OFFICER","105146.00"
"POLICE OFFICER","109352.00"
"CAPTAIN","157537.00"
"POLICE OFFICER D/A DETECTIVE 2ND GR","134819.00"
"POLICE OFFICER","105146.00"
"POLICE OFFICER","109352.00"
"P.O. DA DET GR3","119314.00"
"P.O. DET SPEC","119980.00"
"LIEUTENANT","154751.00"
"P.O. DET SPEC","119980.00"
"LIEUTENANT D/A SPECIAL ASSIGNMENT","170234.00"
"P.O. DA DET GR3","119980.00"
"SERGEANT-","118056.00"
"LIEUTENANT","149518.00"
"P.O. DET SPEC","119980.00"
"POLICE OFFICER D/A DETECTIVE 2ND GR","130260.00"
"LIEUTENANT","154751.00"
"POLICE OFFICER D/A DETECTIVE 2ND GR","134819.00"
"POLICE OFFICER","105146.00"
"LIEUTENANT","154751.00"
"POLICE OFFICER","109352.00"
"P.O. DA DET GR3","115923.00"
"POLICE OFFICER","105146.00"
"SERGEANT-D/A SUPERVISOR DETECTIVE SQUAD","120744.00"
"POLICE OFFICER D/A DETECTIVE 2ND GR","134819.00"
"POLICE OFFICER","109352.00"
"POLICE OFFICER","109352.00"
"POLICE OFFICER","109352.00"
"POLICE OFFICER","109352.00"
"SERGEANT-","118056.00"
"POLICE OFFICER","109352.00"
"POLICE OFFICER","105146.00"
"POLICE OFFICER","109352.00"
"POLICE OFFICER","109352.00"
"POLICE OFFICER","109352.00"
"POLICE OFFICER D/A DETECTIVE 2ND GR","134819.00"
"LIEUTENANT","154751.00"
"POLICE OFFICER","109352.00"
"SERGEANT-","118056.00"
"P.O. DA DET GR3","115923.00"
"P.O. DA DET GR3","115923.00"
"SERGEANT-","118056.00"
"SERGEANT-","118056.00"
"POLICE OFFICER","105146.00"
"SERGEANT-","118056.00"
"P.O. DET SPEC","115279.00"
"POLICE OFFICER","109352.00"
"SERGEANT-","118056.00"
"LIEUTENANT","154751.00"
"SERGEANT-","118056.00"
"POLICE OFFICER","109352.00"
"POLICE OFFICER","105146.00"
"LIEUTENANT","142202.00"
"SERGEANT-D/A SPECIAL ASSIGNMENT","120744.00"
"POLICE OFFICER","109352.00"
"POLICE OFFICER","109352.00"
"LIEUTENANT","142202.00"
"POLICE OFFICER","105146.00"
"LIEUTENANT D/A COMMANDER OF DETECTIVE SQUAD","152380.00"
"CAPTAIN D/A DEPUTY INSPECTOR","198006.00"
"LIEUTENANT","154751.00"
"P.O. DA DET GR3","119248.00"
"POLICE OFFICER","109352.00"
"P.O. DA DET GR3","119980.00"
"POLICE OFFICER D/A DETECTIVE 2ND GR","130260.00"
"CAPTAIN D/A DEPUTY CHIEF","227306.00"
"SERGEANT-","118056.00"
"POLICE OFFICER","105146.00"
"P.O. DA DET GR3","119980.00"
"POLICE OFFICER","109352.00"
"POLICE OFFICER","105146.00"
"SERGEANT-D/A SUPERVISOR DETECTIVE SQUAD","120744.00"
"POLICE OFFICER","109352.00"
"SERGEANT-D/A SUPERVISOR DETECTIVE SQUAD","121048.00"
"LIEUTENANT","142202.00"
"P.O. DA DET GR3","119980.00"
"P.O. DET SPEC","119980.00"
"SERGEANT-","118056.00"
"SERGEANT-","118056.00"
"P.O. DA DET GR3","115923.00"
"POLICE OFFICER","105146.00"
"POLICE OFFICER","109352.00"
"CAPTAIN D/A INSPECTOR","215791.00"
"SERGEANT-D/A SUPERVISOR DETECTIVE SQUAD","135511.00"
"SERGEANT-","96477.00"
"SERGEANT-","118056.00"
"SERGEANT-","118056.00"
"POLICE OFFICER","105146.00"
"LIEUTENANT","142202.00"
"POLICE OFFICER","109352.00"
"POLICE OFFICER","109352.00"
"P.O. DET SPEC","119429.00"
"P.O. DA DET GR3","115923.00"
"POLICE OFFICER","109352.00"
"LIEUTENANT","154751.00"
"POLICE OFFICER","109352.00"
"POLICE OFFICER","105146.00"
"LIEUTENANT","154751.00"
"LIEUTENANT","149518.00"
"POLICE OFFICER","105146.00"
"LIEUTENANT D/A COMMANDER OF DETECTIVE SQUAD","156098.00"
"POLICE OFFICER","109352.00"
"P.O. DA DET GR3","119980.00"
"P.O. DA DET GR3","119980.00"
"POLICE OFFICER","109352.00"
"POLICE OFFICER","109352.00"
"LIEUTENANT","149518.00"
"SERGEANT-","97894.00"
"LIEUTENANT D/A COMMANDER OF DETECTIVE SQUAD","159762.00"
"SERGEANT-","118056.00"
"P.O. DA DET GR3","115923.00"
"P.O. DA DET GR3","115923.00"
"SERGEANT-","118056.00"
"P.O. DET SPEC","119429.00"
"POLICE OFFICER","105146.00"
"SERGEANT-","118056.00"
"CAPTAIN D/A DEPUTY INSPECTOR","204936.00"
"SERGEANT-","118056.00"
"SERGEANT-","118056.00"
"P.O. DET SPEC","115390.00"
"POLICE OFFICER","109352.00"
"POLICE OFFICER D/A DETECTIVE 2ND GR","130260.00"
"POLICE OFFICER","109352.00"
"POLICE OFFICER","105146.00"
"P.O. DET SPEC","119980.00"
"POLICE OFFICER","109352.00"
"LIEUTENANT D/A COMMANDER OF DETECTIVE SQUAD","170234.00"
"SERGEANT-","118056.00"
"P.O. DA DET GR3","115923.00"
"SERGEANT-","118056.00"
"POLICE OFFICER","105146.00"
"P.O. DA DET GR3","119980.00"
"LIEUTENANT","154751.00"
"POLICE OFFICER","109352.00"
"POLICE OFFICER","105146.00"
"P.O. DA DET GR3","119980.00"
"POLICE OFFICER","105146.00"
"POLICE OFFICER","105146.00"
"SERGEANT-","118056.00"
"LIEUTENANT","154751.00"
"POLICE OFFICER","105146.00"
"POLICE OFFICER","109352.00"
"P.O. DA DET GR3","115923.00"
"LIEUTENANT","142202.00"
"SERGEANT-","118056.00"
"SERGEANT-","118056.00"
"SCHOOL SAFETY AGENT","56508.00"
"POLICE OFFICER D/A DETECTIVE 2ND GR","130260.00"
"POLICE OFFICER","105146.00"
"SERGEANT-","118056.00"
"LIEUTENANT","154751.00"
"POLICE OFFICER","109352.00"
"LIEUTENANT","154751.00"
"POLICE OFFICER","105146.00"
"SERGEANT-","118056.00"
"P.O. DA DET GR3","115923.00"
"POLICE OFFICER D/A DETECTIVE 2ND GR","134819.00"
"POLICE OFFICER D/A DETECTIVE 1ST GR","154751.00"
"P.O. DA DET GR3","119980.00"
"POLICE OFFICER D/A DETECTIVE 1ST GR","154751.00"
"SERGEANT-D/A SPECIAL ASSIGNMENT","121048.00"
"POLICE OFFICER","105146.00"
"SERGEANT-D/A SUPERVISOR DETECTIVE SQUAD","121048.00"
"POLICE OFFICER","109352.00"
"POLICE OFFICER D/A DETECTIVE 2ND GR","134819.00"
"P.O. DA DET GR3","115923.00"
"POLICE OFFICER","109352.00"
"LIEUTENANT","136750.00"
"SERGEANT-","118056.00"
"POLICE OFFICER","105146.00"
"SERGEANT-","118056.00"
"CAPTAIN","194689.00"
"SERGEANT-","97894.00"
"POLICE OFFICER D/A DETECTIVE 2ND GR","130260.00"
"POLICE OFFICER","109352.00"
"P.O. DA DET GR3","115923.00"
"SERGEANT-D/A SUPERVISOR DETECTIVE SQUAD","120744.00"
"POLICE OFFICER D/A DETECTIVE 2ND GR","130260.00"
"P.O. DA DET GR3","119248.00"
"SERGEANT-","118056.00"
"POLICE OFFICER","109352.00"
"POLICE OFFICER","109352.00"
"SERGEANT-D/A SPECIAL ASSIGNMENT","135511.00"
"CAPTAIN","194689.00"
"SERGEANT-","118056.00"
"POLICE OFFICER","109352.00"
"POLICE OFFICER","105146.00"
"P.O. DA DET GR3","119980.00"
"LIEUTENANT","144462.00"
"P.O. DA DET GR3","119980.00"
"P.O. DET SPEC","119314.00"
"P.O. DA DET GR3","115923.00"
"SERGEANT-","118056.00"
"LIEUTENANT","154751.00"
"POLICE OFFICER","109352.00"
"POLICE OFFICER","109352.00"
"POLICE OFFICER","105146.00"
"SERGEANT-","118056.00"
"SERGEANT-","118056.00"
"P.O. DA DET GR3","115923.00"
"POLICE OFFICER","105146.00"
"SERGEANT-","118056.00"
"SERGEANT-D/A SUPERVISOR DETECTIVE SQUAD","121048.00"
"SERGEANT-","105606.00"
"POLICE OFFICER","105146.00"
"POLICE OFFICER","109352.00"
"POLICE OFFICER","109352.00"
"LIEUTENANT","149518.00"
"POLICE OFFICER","109352.00"
"SERGEANT-","97894.00"
"P.O. DET SPEC","119980.00"
"POLICE OFFICER","105146.00"
"CAPTAIN","160722.00"
"ADMINISTRATIVE STAFF ANALYST","119704.00"
"SERGEANT-","97894.00"
"CITY CUSTODIAL ASSISTANT","42898.00"
"LIEUTENANT","154751.00"
"LIEUTENANT","154751.00"
"POLICE OFFICER D/A DETECTIVE 2ND GR","134819.00"
"DEPUTY COMMISSIONER","276588.00"
"POLICE OFFICER","109352.00"
"POLICE OFFICER","109352.00"
"CAPTAIN","157515.00"
"POLICE OFFICER D/A DETECTIVE 2ND GR","134819.00"
"LIEUTENANT","154751.00"
"AGENCY ATTORNEY","136593.00"
"BOOKKEEPER","71588.00"
"POLICE OFFICER","105146.00"
"POLICE OFFICER","109352.00"
"POLICE OFFICER","105146.00"
"POLICE OFFICER","105146.00"
"CAPTAIN","194689.00"
"P.O. DA DET GR3","115923.00"
"POLICE OFFICER","109352.00"
"LIEUTENANT D/A COMMANDER OF DETECTIVE SQUAD","170234.00"
"SERGEANT-D/A SUPERVISOR DETECTIVE SQUAD","135511.00"
"POLICE OFFICER D/A DETECTIVE 2ND GR","134819.00"
"SERGEANT-","118056.00"
"P.O. DET SPEC","119314.00"
"SERGEANT-","118056.00"
"POLICE OFFICER","109352.00"
"P.O. DET SPEC","115390.00"
"P.O. DA DET GR3","115923.00"
"LIEUTENANT D/A SPECIAL ASSIGNMENT","159762.00"
"LIEUTENANT D/A COMMANDER OF DETECTIVE SQUAD","156098.00"
"SERGEANT-","118056.00"
"POLICE OFFICER D/A DETECTIVE 2ND GR","134819.00"
"P.O. DET SPEC","115923.00"
"SERGEANT-","118056.00"
"POLICE OFFICER","105146.00"
"POLICE OFFICER","105146.00"
"CAPTAIN","157537.00"
"LIEUTENANT D/A COMMANDER OF DETECTIVE SQUAD","170234.00"
"POLICE OFFICER","109352.00"
"P.O. DA DET GR3","119980.00"
"SERGEANT-","118056.00"
"P.O. DA DET GR3","115923.00"
"LIEUTENANT D/A SPECIAL ASSIGNMENT","170234.00"
"POLICE OFFICER D/A DETECTIVE 2ND GR","134819.00"
"POLICE OFFICER","105146.00"
"POLICE OFFICER","109352.00"
"P.O. DA DET GR3","119980.00"
"P.O. DA DET GR3","119980.00"
"SERGEANT-","118056.00"
"SERGEANT-","118056.00"
"SERGEANT-","118056.00"
"SERGEANT-","118056.00"
"POLICE OFFICER","109352.00"
"LIEUTENANT","154751.00"
"CAPTAIN","194689.00"
"CAPTAIN D/A DEPUTY INSPECTOR","204936.00"
"SERGEANT-D/A SUPERVISOR DETECTIVE SQUAD","135511.00"
"POLICE OFFICER D/A DETECTIVE 2ND GR","134819.00"
"LIEUTENANT","149518.00"
"LIEUTENANT D/A COMMANDER OF DETECTIVE SQUAD","170234.00"
"CAPTAIN","194689.00"
"POLICE OFFICER","109352.00"
"POLICE OFFICER","109352.00"
"POLICE OFFICER D/A DETECTIVE 1ST GR","149518.00"
"SERGEANT-","118056.00"
"SCHOOL SAFETY AGENT","56508.00"
"POLICE OFFICER","109352.00"
"LIEUTENANT","154751.00"
"SUPERVISOR OF SCHOOL SECURITY","81237.00"
"SCHOOL SAFETY AGENT","56508.00"
"SCHOOL SAFETY AGENT","56508.00"
"SCHOOL SAFETY AGENT","56508.00"
"SUPERVISOR OF SCHOOL SECURITY","81237.00"
"SCHOOL SAFETY AGENT","56508.00"
"SCHOOL SAFETY AGENT","56508.00"
"SCHOOL SAFETY AGENT","56508.00"
"SCHOOL SAFETY AGENT","53264.00"
"SCHOOL SAFETY AGENT","56508.00"
"SCHOOL SAFETY AGENT","56508.00"
"SCHOOL SAFETY AGENT","56508.00"
"SCHOOL SAFETY AGENT","56508.00"
"SCHOOL SAFETY AGENT","56508.00"
"SERGEANT-","105606.00"
"SCHOOL SAFETY AGENT","56508.00"
"SCHOOL SAFETY AGENT","56508.00"
"SCHOOL SAFETY AGENT","56508.00"
"SCHOOL SAFETY AGENT","56508.00"
"SENIOR POLICE ADMINISTRATIVE AIDE","64088.00"
"SCHOOL SAFETY AGENT","56508.00"
"SCHOOL SAFETY AGENT","56508.00"
"SCHOOL SAFETY AGENT","56508.00"
"ASSOC SPVR OF SCHOOL SECURITY","89061.00"
"ASSOC SPVR OF SCHOOL SECURITY","87737.00"
"SCHOOL SAFETY AGENT","53264.00"
"SCHOOL SAFETY AGENT","56508.00"
"SCHOOL SAFETY AGENT","56508.00"
"SCHOOL SAFETY AGENT","56508.00"
"TELEPHONE SERVICE TECHNICIAN","70255.00"
"SENIOR POLICE ADMINISTRATIVE AIDE","58707.00"
"SERGEANT-","118056.00"
"POLICE OFFICER","109352.00"
"POLICE COMMUNICATIONS TECHNICIAN","61883.00"
"POLICE OFFICER","55942.00"
"POLICE OFFICER","109352.00"
"SERGEANT-","118056.00"
"POLICE OFFICER D/A DETECTIVE 1ST GR","154751.00"
"SERGEANT-D/A SUPERVISOR DETECTIVE SQUAD","121048.00"
"P.O. DET SPEC","119980.00"
"POLICE OFFICER","109352.00"
"LIEUTENANT","154751.00"
"POLICE OFFICER D/A DETECTIVE 2ND GR","134819.00"
"P.O. DA DET GR3","119980.00"
"P.O. DA DET GR3","119429.00"
"POLICE OFFICER","109352.00"
"SERGEANT-","118056.00"
"CAPTAIN D/A DEPUTY INSPECTOR","204936.00"
"POLICE OFFICER","109352.00"
"LIEUTENANT","142202.00"
"CAPTAIN","160722.00"
"POLICE OFFICER D/A DETECTIVE 2ND GR","134819.00"
"LIEUTENANT","154751.00"
"LIEUTENANT","154751.00"
"LIEUTENANT","154751.00"
"P.O. DA DET GR3","119429.00"
"SERGEANT-","118056.00"
"POLICE OFFICER","109352.00"
"LIEUTENANT","142202.00"
"CAPTAIN","194689.00"
"P.O. DA DET GR3","119980.00"
"LIEUTENANT","154751.00"
"P.O. DA DET GR3","119980.00"
"CAPTAIN","194689.00"
"LIEUTENANT","154751.00"
"LIEUTENANT","154751.00"
"SERGEANT-","118056.00"
"POLICE OFFICER","109352.00"
"MEDIA SERVICES TECHNICIAN","55395.00"
"TRAFFIC ENFORCEMENT AGENT","53985.00"
"P.O. DA DET GR3","119980.00"
"CAPTAIN","157515.00"
"CAPTAIN","194689.00"
"P.O. DET SPEC","119980.00"
"POLICE OFFICER","109352.00"
"POLICE OFFICER","109352.00"
"SERGEANT-","118056.00"
"SERGEANT-","118056.00"
"CAPTAIN","160722.00"
"SERGEANT-","118056.00"
"POLICE OFFICER D/A DETECTIVE 2ND GR","134819.00"
"LIEUTENANT","142202.00"
"P.O. DET SPEC","119248.00"
"LIEUTENANT","154751.00"
"POLICE OFFICER D/A DETECTIVE 2ND GR","134819.00"
"POLICE OFFICER","109352.00"
"LIEUTENANT","141684.00"
"P.O. DA DET GR3","119980.00"
"POLICE OFFICER","109352.00"
"LIEUTENANT D/A COMMANDER OF DETECTIVE SQUAD","170234.00"
"CAPTAIN D/A DEPUTY INSPECTOR","204936.00"
"SERGEANT-","118056.00"
"POLICE OFFICER","109352.00"
"P.O. DA DET GR3","119980.00"
"SERGEANT-","97894.00"
"SERGEANT-","118056.00"
"LIEUTENANT","154751.00"
"POLICE OFFICER D/A DETECTIVE 2ND GR","134819.00"
"P.O. DA DET GR3","119980.00"
"P.O. DA DET GR3","119429.00"
"LIEUTENANT","154751.00"
"P.O. DA DET GR3","119980.00"
"CAPTAIN","194689.00"
"POLICE OFFICER","109352.00"
"POLICE OFFICER","109352.00"
"P.O. DA DET GR3","119314.00"
"POLICE OFFICER","109352.00"
"P.O. DET SPEC","119429.00"
"P.O. DET SPEC","115923.00"
"POLICE OFFICER","109352.00"
"SERGEANT-","118056.00"
"POLICE OFFICER","109352.00"
"LIEUTENANT","154751.00"
"CAPTAIN","194689.00"
"P.O. DA DET GR3","119980.00"
"SERGEANT-","118056.00"
"P.O. DA DET GR3","119980.00"
"POLICE OFFICER","109352.00"
"POLICE OFFICER","109352.00"
"SERGEANT-","118056.00"
"POLICE OFFICER","109352.00"
"SERGEANT-","118056.00"
"CAPTAIN","160722.00"
"SERGEANT-D/A SUPERVISOR DETECTIVE SQUAD","121048.00"
"SERGEANT-","118056.00"
"SERGEANT-","118056.00"
"LIEUTENANT","154751.00"
"SERGEANT-","97894.00"
"LIEUTENANT","142202.00"
"POLICE OFFICER","109352.00"
"POLICE OFFICER","109352.00"
"SERGEANT-D/A SUPERVISOR DETECTIVE SQUAD","120744.00"
"POLICE OFFICER D/A DETECTIVE 2ND GR","134819.00"
"P.O. DET SPEC","119980.00"
"LIEUTENANT","154751.00"
"SERGEANT-","96477.00"
"POLICE OFFICER","109352.00"
"SERGEANT-","118056.00"
"POLICE OFFICER","109352.00"
"SERGEANT-","118056.00"
"CAPTAIN D/A INSPECTOR","215791.00"
"SERGEANT-","118056.00"
"SERGEANT-","105606.00"
"POLICE OFFICER","109352.00"
"POLICE OFFICER","109352.00"
"POLICE OFFICER","109352.00"
"POLICE OFFICER","109352.00"
"LIEUTENANT","154751.00"
"POLICE OFFICER","109352.00"
"P.O. DA DET GR3","119314.00"
"POLICE OFFICER","109352.00"
"POLICE OFFICER","109352.00"
"POLICE OFFICER","109352.00"
"CAPTAIN","160722.00"
"POLICE OFFICER","109352.00"
"SERGEANT-","96477.00"
"SERGEANT-D/A SUPERVISOR DETECTIVE SQUAD","135511.00"
"SERGEANT-","118056.00"
"P.O. DA DET GR3","119980.00"
"POLICE OFFICER","109352.00"
"P.O. DET SPEC","119980.00"
"CAPTAIN","157515.00"
"POLICE OFFICER D/A DETECTIVE 1ST GR","154751.00"
"ASSOCIATE STAFF ANALYST","93212.00"
"P.O. DA DET GR3","119980.00"
"POLICE OFFICER","109352.00"
"POLICE OFFICER","65387.00"
"EXECUTIVE AGENCY COUNSEL","170781.00"
"COMMUNITY ASSISTANT","42092.00"
"POLICE OFFICER","109352.00"
"POLICE OFFICER","109352.00"
"POLICE OFFICER","109352.00"
"POLICE OFFICER","109352.00"
"SENIOR POLICE ADMINISTRATIVE AIDE","56859.00"
"POLICE ADMINISTRATIVE AIDE","48631.00"
"LIEUTENANT","141943.00"
"P.O. DA DET GR3","119429.00"
"LIEUTENANT","141684.00"
"CRIMINALIST","92829.00"
"POLICE OFFICER","109352.00"
"SCHOOL SAFETY AGENT","39206.00"
"SERGEANT-","118056.00"
"P.O. DET SPEC","119314.00"
"SERGEANT-","118056.00"
"LIEUTENANT","141684.00"
"P.O. DA DET GR3","119980.00"
"P.O. DA DET GR3","119980.00"
"P.O. DET SPEC","119980.00"
"P.O. DA DET GR3","119980.00"
"SERGEANT-","118056.00"
"LIEUTENANT D/A COMMANDER OF DETECTIVE SQUAD","159762.00"
"LIEUTENANT","154751.00"
"POLICE OFFICER","109352.00"
"LIEUTENANT D/A COMMANDER OF DETECTIVE SQUAD","156098.00"
"SERGEANT-","118056.00"
"POLICE OFFICER","109352.00"
"POLICE OFFICER","109352.00"
"P.O. DET SPEC","119980.00"
"POLICE OFFICER","109352.00"
"SERGEANT-","118056.00"
"POLICE OFFICER D/A DETECTIVE 1ST GR","154751.00"
"SERGEANT-","118056.00"
"SERGEANT-","118056.00"
"P.O. DA DET GR3","119980.00"
"P.O. DET SPEC","119314.00"
"POLICE OFFICER D/A DETECTIVE 2ND GR","134819.00"
"SERGEANT-","118056.00"
"POLICE OFFICER","109352.00"
"P.O. DA DET GR3","119980.00"
"P.O. DA DET GR3","119980.00"
"P.O. DET SPEC","119980.00"
"P.O. DET SPEC","119429.00"
"SERGEANT-D/A SPECIAL ASSIGNMENT","135511.00"
"POLICE OFFICER","109352.00"
"P.O. DET SPEC","119314.00"
"SERGEANT-D/A SPECIAL ASSIGNMENT","120744.00"
"POLICE OFFICER","109352.00"
"SERGEANT-","97894.00"
"SERGEANT-","118056.00"
"POLICE OFFICER D/A DETECTIVE 2ND GR","134819.00"
"LIEUTENANT","154751.00"
"POLICE OFFICER","109352.00"
"POLICE OFFICER D/A DETECTIVE 1ST GR","154751.00"
"POLICE OFFICER","109352.00"
"SERGEANT-","118056.00"
"POLICE OFFICER","109352.00"
"POLICE OFFICER","109352.00"
"TRAFFIC ENFORCEMENT AGENT","53985.00"
"SERGEANT-D/A SPECIAL ASSIGNMENT","135511.00"
"P.O. DA DET GR3","119980.00"
"POLICE OFFICER","109352.00"
"P.O. DA DET GR3","119980.00"
"P.O. DA DET GR3","119980.00"
"POLICE OFFICER","109352.00"
"SERGEANT-","118056.00"
"POLICE OFFICER","109352.00"
"P.O. DA DET GR3","119314.00"
"POLICE OFFICER","109352.00"
"POLICE OFFICER","109352.00"
"POLICE OFFICER","109352.00"
"P.O. DET SPEC","119980.00"
"SERGEANT-","118056.00"
"SERGEANT-D/A SPECIAL ASSIGNMENT","135511.00"
"P.O. DET SPEC","119248.00"
"P.O. DA DET GR3","119980.00"
"P.O. DA DET GR3","119980.00"
"POLICE OFFICER","109352.00"
"P.O. DET SPEC","119980.00"
"SERGEANT-","118056.00"
"LIEUTENANT","149518.00"
"POLICE OFFICER D/A DETECTIVE 1ST GR","154751.00"
"P.O. DA DET GR3","119980.00"
"SERGEANT-","118056.00"
"P.O. DA DET GR3","119980.00"
"P.O. DA DET GR3","119980.00"
"POLICE OFFICER","109352.00"
"P.O. DA DET GR3","119980.00"
"P.O. DA DET GR3","119980.00"
"SERGEANT-","118056.00"
"POLICE OFFICER","109352.00"
"LIEUTENANT","154751.00"
"SERGEANT-","118056.00"
"SERGEANT-","118056.00"
"SERGEANT-","105606.00"
"P.O. DA DET GR3","119980.00"
"POLICE OFFICER","109352.00"
"LIEUTENANT","154751.00"
"CAPTAIN D/A INSPECTOR","215791.00"
"POLICE OFFICER","109352.00"
"P.O. DA DET GR3","119980.00"
"POLICE OFFICER","109352.00"
"POLICE OFFICER D/A DETECTIVE 2ND GR","134819.00"
"POLICE OFFICER","109352.00"
"POLICE OFFICER D/A DETECTIVE 1ST GR","154751.00"
"POLICE OFFICER","109352.00"
"P.O. DA DET GR3","119980.00"
"LIEUTENANT","154751.00"
"P.O. DA DET GR3","119980.00"
"P.O. DET SPEC","119980.00"
"LIEUTENANT","154751.00"
"P.O. DA DET GR3","119980.00"
"SERGEANT-","118056.00"
"P.O. DA DET GR3","119980.00"
"LIEUTENANT D/A COMMANDER OF DETECTIVE SQUAD","170234.00"
"POLICE OFFICER","109352.00"
"POLICE OFFICER","109352.00"
"P.O. DA DET GR3","119980.00"
"SERGEANT-D/A SPECIAL ASSIGNMENT","135511.00"
"P.O. DA DET GR3","119980.00"
"CAPTAIN","194689.00"
"POLICE OFFICER","109352.00"
"POLICE OFFICER","109352.00"
"POLICE OFFICER D/A DETECTIVE 2ND GR","130260.00"
"P.O. DA DET GR3","119980.00"
"LIEUTENANT D/A SPECIAL ASSIGNMENT","170234.00"
"POLICE OFFICER","109352.00"
"POLICE OFFICER","109352.00"
"POLICE OFFICER","109352.00"
"LIEUTENANT","142202.00"
"POLICE OFFICER","109352.00"
"POLICE OFFICER","109352.00"
"LIEUTENANT","141684.00"
"P.O. DA DET GR3","119980.00"
"SERGEANT-","118056.00"
"P.O. DET SPEC","119314.00"
"POLICE OFFICER","109352.00"
"SERGEANT-D/A SUPERVISOR DETECTIVE SQUAD","135511.00"
"POLICE OFFICER","109352.00"
"SERGEANT-","118056.00"
"POLICE OFFICER D/A DETECTIVE 2ND GR","134819.00"
"POLICE OFFICER","109352.00"
"SERGEANT-","118056.00"
"POLICE OFFICER D/A DETECTIVE 2ND GR","134819.00"
"POLICE OFFICER","109352.00"
"LIEUTENANT","154751.00"
"POLICE OFFICER","109352.00"
"POLICE OFFICER","109352.00"
"LIEUTENANT","154751.00"
"SERGEANT-","118056.00"
"SERGEANT-","118056.00"
"LIEUTENANT","154751.00"
"SERGEANT-","118056.00"
"POLICE OFFICER","109352.00"
"POLICE OFFICER","109352.00"
"P.O. DET SPEC","119980.00"
"P.O. DA DET GR3","119980.00"
"P.O. DET SPEC","115923.00"
"POLICE OFFICER","109352.00"
"POLICE OFFICER","109352.00"
"LIEUTENANT D/A COMMANDER OF DETECTIVE SQUAD","156098.00"
"CAPTAIN D/A DEPUTY INSPECTOR","204936.00"
"SERGEANT-","118056.00"
"P.O. DET SPEC","119429.00"
"POLICE OFFICER","109352.00"
"SERGEANT-","118056.00"
"POLICE OFFICER","109352.00"
"POLICE OFFICER","109352.00"
"POLICE OFFICER","109352.00"
"LIEUTENANT D/A SPECIAL ASSIGNMENT","170234.00"
"P.O. DA DET GR3","119980.00"
"POLICE OFFICER","109352.00"
"SERGEANT-D/A SPECIAL ASSIGNMENT","121048.00"
"SERGEANT-","118056.00"
"POLICE OFFICER D/A DETECTIVE 2ND GR","134819.00"
"SERGEANT-","118056.00"
"POLICE OFFICER","109352.00"
"POLICE OFFICER D/A DETECTIVE 2ND GR","134819.00"
"POLICE OFFICER","109352.00"
"POLICE OFFICER","109352.00"
"LIEUTENANT","154751.00"
"POLICE OFFICER","109352.00"
"POLICE OFFICER D/A DETECTIVE 2ND GR","134819.00"
"SERGEANT-D/A SPECIAL ASSIGNMENT","121048.00"
"POLICE OFFICER","109352.00"
"SERGEANT-","118056.00"
"POLICE OFFICER","109352.00"
"SERGEANT-D/A SUPERVISOR DETECTIVE SQUAD","120442.00"
"P.O. DA DET GR3","119980.00"
"P.O. DA DET GR3","119980.00"
"POLICE OFFICER","109352.00"
"P.O. DA DET GR3","119980.00"
"POLICE OFFICER","109352.00"
"P.O. DET SPEC","119314.00"
"P.O. DA DET GR3","119980.00"
"LIEUTENANT","142202.00"
"SERGEANT-D/A SUPERVISOR DETECTIVE SQUAD","135511.00"
"POLICE OFFICER","109352.00"
"POLICE OFFICER","109352.00"
"LIEUTENANT","141943.00"
"SERGEANT-","118056.00"
"POLICE OFFICER","109352.00"
"P.O. DA DET GR3","119429.00"
"POLICE OFFICER","105146.00"
"SERGEANT-","118056.00"
"LIEUTENANT","154751.00"
"POLICE OFFICER","109352.00"
"POLICE OFFICER D/A DETECTIVE 2ND GR","134819.00"
"POLICE OFFICER","109352.00"
"POLICE OFFICER","109352.00"
"POLICE OFFICER","109352.00"
"SERGEANT-D/A SUPERVISOR DETECTIVE SQUAD","121048.00"
"POLICE OFFICER D/A DETECTIVE 2ND GR","134819.00"
"POLICE OFFICER","109352.00"
"TRAFFIC ENFORCEMENT AGENT","53985.00"
"LIEUTENANT","154751.00"
"POLICE OFFICER","109352.00"
"POLICE OFFICER","109352.00"
"POLICE OFFICER","109352.00"
"POLICE OFFICER","109352.00"
"LIEUTENANT","142202.00"
"POLICE OFFICER","109352.00"
"SERGEANT-","118056.00"
"POLICE OFFICER","109352.00"
"P.O. DET SPEC","115390.00"
"POLICE OFFICER","109352.00"
"POLICE OFFICER","109352.00"
"SERGEANT-","118056.00"
"LIEUTENANT","154751.00"
"SERGEANT-","118056.00"
"LIEUTENANT D/A SPECIAL ASSIGNMENT","156098.00"
"POLICE OFFICER","109352.00"
"SENIOR POLICE ADMINISTRATIVE AIDE","63403.00"
"P.O. DA DET GR3","119980.00"
"LIEUTENANT","154751.00"
"LIEUTENANT","154751.00"
"SCHOOL SAFETY AGENT","56508.00"
"SERGEANT-","118056.00"
"SERGEANT-D/A SPECIAL ASSIGNMENT","135511.00"
"LIEUTENANT","154751.00"
"P.O. DA DET GR3","115923.00"
"POLICE OFFICER","109352.00"
"P.O. DA DET GR3","119980.00"
"SERGEANT-","118056.00"
"P.O. DET SPEC","119429.00"
"LIEUTENANT","142202.00"
"POLICE OFFICER","109352.00"
"SERGEANT-","118056.00"
"POLICE OFFICER","109352.00"
"POLICE OFFICER","109352.00"
"CAPTAIN","194689.00"
"POLICE OFFICER","109352.00"
"POLICE OFFICER","109352.00"
"P.O. DA DET GR3","119980.00"
"P.O. DET SPEC","119980.00"
"P.O. DA DET GR3","119980.00"
"P.O. DA DET GR3","119980.00"
"POLICE OFFICER","109352.00"
"POLICE OFFICER","109352.00"
"POLICE OFFICER","109352.00"
"POLICE OFFICER D/A DETECTIVE 2ND GR","134819.00"
"CAPTAIN","194689.00"
"CAPTAIN","194689.00"
"SERGEANT-","118056.00"
"CAPTAIN","160722.00"
"SERGEANT-","118056.00"
"POLICE OFFICER","109352.00"
"POLICE OFFICER","109352.00"
"CAPTAIN","157515.00"
"CAPTAIN","194689.00"
"P.O. DET SPEC","119980.00"
"LIEUTENANT D/A COMMANDER OF DETECTIVE SQUAD","170234.00"
"POLICE OFFICER","109352.00"
"LIEUTENANT D/A COMMANDER OF DETECTIVE SQUAD","157713.00"
"LIEUTENANT D/A SPECIAL ASSIGNMENT","164477.00"
"POLICE OFFICER","109352.00"
"LIEUTENANT","142202.00"
"SERGEANT-","97894.00"
"POLICE OFFICER","109352.00"
"POLICE OFFICER D/A DETECTIVE 2ND GR","134819.00"
"LIEUTENANT D/A COMMANDER OF DETECTIVE SQUAD","157713.00"
"LIEUTENANT","154751.00"
"POLICE OFFICER D/A DETECTIVE 2ND GR","134819.00"
"P.O. DA DET GR3","119980.00"
"POLICE OFFICER","109352.00"
"POLICE OFFICER","109352.00"
"POLICE OFFICER","109352.00"
"LIEUTENANT","149518.00"
"POLICE OFFICER","109352.00"
"P.O. DA DET GR3","119980.00"
"SERGEANT-","118056.00"
"POLICE OFFICER","109352.00"
"POLICE OFFICER","109352.00"
"LIEUTENANT","154751.00"
"POLICE OFFICER","109352.00"
"CAPTAIN","194689.00"
"POLICE OFFICER","109352.00"
"P.O. DA DET GR3","119980.00"
"P.O. DA DET GR3","119980.00"
"POLICE OFFICER","109352.00"
"P.O. DET SPEC","119980.00"
"SERGEANT-","118056.00"
"SERGEANT-","118056.00"
"POLICE OFFICER D/A DETECTIVE 2ND GR","134819.00"
"SERGEANT-","118056.00"
"POLICE OFFICER","109352.00"
"POLICE OFFICER","109352.00"
"POLICE OFFICER D/A DETECTIVE 2ND GR","134819.00"
"LIEUTENANT","154751.00"
"P.O. DA DET GR3","119980.00"
"LIEUTENANT","154751.00"
"POLICE OFFICER D/A DETECTIVE 1ST GR","154751.00"
"LIEUTENANT","154751.00"
"SERGEANT-","118056.00"
"POLICE OFFICER","109352.00"
"SERGEANT-","118056.00"
"SERGEANT-","118056.00"
"SERGEANT-","118056.00"
"LIEUTENANT","154751.00"
"POLICE OFFICER D/A DETECTIVE 2ND GR","134819.00"
"POLICE OFFICER","109352.00"
"POLICE OFFICER","109352.00"
"P.O. DET SPEC","119980.00"
"POLICE OFFICER","109352.00"
"POLICE OFFICER","109352.00"
"POLICE OFFICER","109352.00"
"P.O. DA DET GR3","119980.00"
"SERGEANT-","118056.00"
"P.O. DA DET GR3","119980.00"
"POLICE OFFICER D/A DETECTIVE 2ND GR","134819.00"
"POLICE OFFICER","109352.00"
"POLICE OFFICER","109352.00"
"SERGEANT-","97894.00"
"SERGEANT-","118056.00"
"CAPTAIN","194689.00"
"POLICE OFFICER","109352.00"
"POLICE OFFICER","105146.00"
"CAPTAIN","160722.00"
"LIEUTENANT","142202.00"
"POLICE OFFICER","109352.00"
"SERGEANT-","118056.00"
"POLICE OFFICER","109352.00"
"LIEUTENANT","142202.00"
"POLICE OFFICER","109352.00"
"SERGEANT-D/A SUPERVISOR DETECTIVE SQUAD","135511.00"
"SERGEANT-","118056.00"
"P.O. DA DET GR3","119980.00"
"LIEUTENANT","154751.00"
"P.O. DA DET GR3","119980.00"
"POLICE OFFICER","109352.00"
"P.O. DA DET GR3","119980.00"
"SERGEANT-D/A SUPERVISOR DETECTIVE SQUAD","120744.00"
"P.O. DA DET GR3","119980.00"
"POLICE OFFICER","109352.00"
"SERGEANT-","118056.00"
"P.O. DET SPEC","119980.00"
"CAPTAIN","157515.00"
"POLICE OFFICER D/A DETECTIVE 1ST GR","154751.00"
"P.O. DA DET GR3","119980.00"
"P.O. DA DET GR3","119980.00"
"POLICE OFFICER","109352.00"
"SERGEANT-","118056.00"
"POLICE OFFICER D/A DETECTIVE 2ND GR","134819.00"
"P.O. DA DET GR3","119314.00"
"POLICE OFFICER","109352.00"
"LIEUTENANT","142202.00"
"CAPTAIN","194689.00"
"POLICE OFFICER","109352.00"
"POLICE OFFICER","109352.00"
"P.O. DET SPEC","119429.00"
"P.O. DET SPEC","119429.00"
"POLICE OFFICER D/A DETECTIVE 1ST GR","154751.00"
"SERGEANT-","118056.00"
"P.O. DA DET GR3","119980.00"
"SERGEANT-","118056.00"
"SERGEANT-","118056.00"
"P.O. DA DET GR3","119980.00"
"POLICE OFFICER","109352.00"
"POLICE OFFICER D/A DETECTIVE 2ND GR","134819.00"
"P.O. DET SPEC","119980.00"
"LIEUTENANT","154751.00"
"POLICE OFFICER","109352.00"
"POLICE OFFICER","109352.00"
"POLICE OFFICER","109352.00"
"P.O. DA DET GR3","119980.00"
"P.O. DA DET GR3","119980.00"
"POLICE OFFICER","109352.00"
"P.O. DA DET GR3","119980.00"
"SERGEANT-","118056.00"
"P.O. DA DET GR3","119980.00"
"POLICE OFFICER D/A DETECTIVE 1ST GR","154751.00"
"CAPTAIN","160722.00"
"POLICE OFFICER","109352.00"
"POLICE OFFICER","109352.00"
"POLICE OFFICER","109352.00"
"P.O. DA DET GR3","119980.00"
"POLICE OFFICER D/A DETECTIVE 1ST GR","154751.00"
"POLICE OFFICER","109352.00"
"CAPTAIN","157537.00"
"SERGEANT-","118056.00"
"POLICE OFFICER","109352.00"
"POLICE OFFICER D/A DETECTIVE 2ND GR","134819.00"
"P.O. DET SPEC","119314.00"
"POLICE OFFICER","109352.00"
"LIEUTENANT","154751.00"
"POLICE OFFICER","109352.00"
"POLICE OFFICER","109352.00"
"LIEUTENANT","154751.00"
"P.O. DET SPEC","119980.00"
"POLICE OFFICER","109352.00"
"P.O. DA DET GR3","119980.00"
"POLICE OFFICER","109352.00"
"LIEUTENANT","154751.00"
"P.O. DA DET GR3","119980.00"
"POLICE OFFICER","109352.00"
"POLICE OFFICER D/A DETECTIVE 2ND GR","134819.00"
"P.O. DA DET GR3","119980.00"
"SERGEANT-","118056.00"
"POLICE OFFICER","109352.00"
"SERGEANT-","118056.00"
"POLICE OFFICER","109352.00"
"P.O. DET SPEC","119980.00"
"POLICE OFFICER","109352.00"
"POLICE OFFICER","109352.00"
"P.O. DET SPEC","119980.00"
"SERGEANT-D/A SPECIAL ASSIGNMENT","120744.00"
"POLICE OFFICER","109352.00"
"SERGEANT-","118056.00"
"SERGEANT-D/A SUPERVISOR DETECTIVE SQUAD","135511.00"
"POLICE OFFICER","109352.00"
"POLICE OFFICER","109352.00"
"P.O. DA DET GR3","119980.00"
"POLICE OFFICER","109352.00"
"SERGEANT-","118056.00"
"POLICE OFFICER","109352.00"
"POLICE OFFICER","109352.00"
"SERGEANT-","118056.00"
"LIEUTENANT","142202.00"
"LIEUTENANT D/A SPECIAL ASSIGNMENT","157713.00"
"POLICE OFFICER","109352.00"
"POLICE OFFICER","109352.00"
"P.O. DA DET GR3","119980.00"
"POLICE OFFICER","109352.00"
"P.O. DET SPEC","119980.00"
"POLICE OFFICER","109352.00"
"SCHOOL SAFETY AGENT","56508.00"
"MOTOR VEHICLE OPERATOR","58096.00"
"CITY CUSTODIAL ASSISTANT","42898.00"
"POLICE COMMUNICATIONS TECHNICIAN","47222.00"
"SCHOOL SAFETY AGENT","43093.00"
"COMPUTER ASSOCIATE","68468.00"
"P.O. DA DET GR3","119980.00"
"POLICE OFFICER D/A DETECTIVE 2ND GR","134819.00"
"POLICE OFFICER","109352.00"
"POLICE OFFICER","109352.00"
"POLICE OFFICER","109352.00"
"EXECUTIVE AGENCY COUNSEL","176660.00"
"SCHOOL CROSSING GUARD","44584.00"
"TRAFFIC ENFORCEMENT AGENT","49830.00"
"SCHOOL CROSSING GUARD","44584.00"
"COMMUNITY ASSISTANT","43460.00"
"SENIOR POLICE ADMINISTRATIVE AIDE","59523.00"
"SCHOOL SAFETY AGENT","56508.00"
"ADMINISTRATIVE MANAGEMENT AUDITOR","114739.00"
"SERGEANT-","118056.00"
"POLICE OFFICER","109352.00"
"SCHOOL SAFETY AGENT","40502.00"
"POLICE OFFICER","57976.00"
"SCHOOL SAFETY AGENT","56508.00"
"POLICE OFFICER","109352.00"
"SCHOOL SAFETY AGENT","56508.00"
"EVIDENCE AND PROPERTY CONTROL SPECIALIST","65349.00"
"SCHOOL SAFETY AGENT","56508.00"
"SCHOOL SAFETY AGENT","56508.00"
"SCHOOL SAFETY AGENT","54862.00"
"SCHOOL SAFETY AGENT","56508.00"
"POLICE OFFICER","109352.00"
"SCHOOL SAFETY AGENT","56508.00"
"SCHOOL SAFETY AGENT","56508.00"
"SUPERVISOR OF SCHOOL SECURITY","81237.00"
"SCHOOL SAFETY AGENT","56508.00"
"SCHOOL SAFETY AGENT","56508.00"
"SCHOOL SAFETY AGENT","56508.00"
"SCHOOL SAFETY AGENT","56508.00"
"SCHOOL SAFETY AGENT","56508.00"
"SCHOOL SAFETY AGENT","56508.00"
"SCHOOL SAFETY AGENT","56508.00"
"SCHOOL SAFETY AGENT","56508.00"
"SCHOOL SAFETY AGENT","56508.00"
"SCHOOL SAFETY AGENT","56508.00"
"POLICE OFFICER","109352.00"
"SCHOOL SAFETY AGENT","56508.00"
"POLICE OFFICER","109352.00"
"SERGEANT-","118056.00"
"POLICE OFFICER","55942.00"
"POLICE OFFICER","60363.00"
"SCHOOL SAFETY AGENT","56508.00"
"SCHOOL SAFETY AGENT","56508.00"
"SENIOR POLICE ADMINISTRATIVE AIDE","58707.00"
"COMPUTER OPERATIONS MANAGER","269838.00"
"FITNESS INSTRUCTOR","75524.00"
"POLICE OFFICER","109352.00"
"LIEUTENANT","142202.00"
"CAPTAIN","160722.00"
"POLICE OFFICER","109352.00"
"POLICE OFFICER","109352.00"
"POLICE OFFICER","109352.00"
"POLICE SURGEON","169340.00"
"SCHOOL SAFETY AGENT","39206.00"
"ADMINISTRATIVE ACCOUNTANT","91363.00"
"POLICE OFFICER","109352.00"
"POLICE COMMUNICATIONS TECHNICIAN","61934.00"
"POLICE COMMUNICATIONS TECHNICIAN","61958.00"
"POLICE COMMUNICATIONS TECHNICIAN","61934.00"
"POLICE COMMUNICATIONS TECHNICIAN","61958.00"
"POLICE COMMUNICATIONS TECHNICIAN","61934.00"
"SENIOR POLICE ADMINISTRATIVE AIDE","58707.00"
"POLICE ADMINISTRATIVE AIDE","54712.00"
"ASSOCIATE INVESTIGATOR","68338.00"
"SENIOR POLICE ADMINISTRATIVE AIDE","63479.00"
"PRINCIPAL ADMINISTRATIVE ASSOCIATE -  NON SUPVR","75009.00"
"PRINCIPAL ADMINISTRATIVE ASSOCIATE -  NON SUPVR","63252.00"
"POLICE ADMINISTRATIVE AIDE","55202.00"
"POLICE ADMINISTRATIVE AIDE","50653.00"
"POLICE ADMINISTRATIVE AIDE","55941.00"
"POLICE ADMINISTRATIVE AIDE","56275.00"
"SENIOR POLICE ADMINISTRATIVE AIDE","58707.00"
"PRINCIPAL ADMINISTRATIVE ASSOCIATE -  NON SUPVR","69545.00"
"PRINCIPAL ADMINISTRATIVE ASSOCIATE -  NON SUPVR","80380.00"
"PRINCIPAL ADMINISTRATIVE ASSOCIATE -  NON SUPVR","61376.00"
"POLICE ADMINISTRATIVE AIDE","51626.00"
"POLICE ADMINISTRATIVE AIDE","54543.00"
"POLICE ADMINISTRATIVE AIDE","54428.00"
"SERGEANT-","96477.00"
"POLICE ADMINISTRATIVE AIDE","51331.00"
"SENIOR POLICE ADMINISTRATIVE AIDE","58758.00"
"POLICE ADMINISTRATIVE AIDE","52111.00"
"POLICE ADMINISTRATIVE AIDE","52519.00"
"POLICE ADMINISTRATIVE AIDE","50807.00"
"SCHOOL SAFETY AGENT","43093.00"
"ASSOCIATE TRAFFIC ENFORCEMENT AGENT","65670.00"
"TRAFFIC ENFORCEMENT AGENT","49830.00"
"ASSOCIATE TRAFFIC ENFORCEMENT AGENT","57817.00"
"TRAFFIC ENFORCEMENT AGENT","49815.00"
"TRAFFIC ENFORCEMENT AGENT","53985.00"
"TRAFFIC ENFORCEMENT AGENT","55339.00"
"TRAFFIC ENFORCEMENT AGENT","54875.00"
"SENIOR POLICE ADMINISTRATIVE AIDE","58707.00"
"SERGEANT-D/A SUPERVISOR DETECTIVE SQUAD","120442.00"
"TRAFFIC ENFORCEMENT AGENT","53985.00"
"POLICE OFFICER","109352.00"
"ASSOCIATE TRAFFIC ENFORCEMENT AGENT","65670.00"
"COMMUNITY COORDINATOR","90551.00"
"TRAFFIC ENFORCEMENT AGENT","53985.00"
"ASSOCIATE TRAFFIC ENFORCEMENT AGENT","57817.00"
"TRAFFIC ENFORCEMENT AGENT","53985.00"
"ASSOCIATE TRAFFIC ENFORCEMENT AGENT","57817.00"
"POLICE OFFICER","109352.00"
"SCHOOL SAFETY AGENT","40502.00"
"TRAFFIC ENFORCEMENT AGENT","55339.00"
"TRAFFIC ENFORCEMENT AGENT","50789.00"
"TRAFFIC ENFORCEMENT AGENT","53985.00"
"P.O. DA DET GR3","119980.00"
"ASSOCIATE TRAFFIC ENFORCEMENT AGENT","57817.00"
"TRAFFIC ENFORCEMENT AGENT","53985.00"
"TRAFFIC ENFORCEMENT AGENT","53985.00"
"TRAFFIC ENFORCEMENT AGENT","53985.00"
"TRAFFIC ENFORCEMENT AGENT","53985.00"
"TRAFFIC ENFORCEMENT AGENT","53985.00"
"TRAFFIC ENFORCEMENT AGENT","53985.00"
"POLICE OFFICER","109352.00"
"TRAFFIC ENFORCEMENT AGENT","53985.00"
"TRAFFIC ENFORCEMENT AGENT","53985.00"
"TRAFFIC ENFORCEMENT AGENT","53985.00"
"TRAFFIC ENFORCEMENT AGENT","53985.00"
"P.O. DET SPEC","119980.00"
"TRAFFIC ENFORCEMENT AGENT","53985.00"
"ASSOCIATE TRAFFIC ENFORCEMENT AGENT","54498.00"
"TRAFFIC ENFORCEMENT AGENT","53985.00"
"TRAFFIC ENFORCEMENT AGENT","53985.00"
"ASSOCIATE TRAFFIC ENFORCEMENT AGENT","57817.00"
"TRAFFIC ENFORCEMENT AGENT","53985.00"
"ASSOCIATE TRAFFIC ENFORCEMENT AGENT","57817.00"
"POLICE OFFICER","109352.00"
"TRAFFIC ENFORCEMENT AGENT","53985.00"
"ASSOCIATE TRAFFIC ENFORCEMENT AGENT","57817.00"
"ASSOCIATE TRAFFIC ENFORCEMENT AGENT","57817.00"
"TRAFFIC ENFORCEMENT AGENT","53985.00"
"ASSOCIATE TRAFFIC ENFORCEMENT AGENT","57817.00"
"TRAFFIC ENFORCEMENT AGENT","53985.00"
"TRAFFIC ENFORCEMENT AGENT","53985.00"
"EXECUTIVE AGENCY COUNSEL","208730.00"
"POLICE OFFICER","109352.00"
"POLICE OFFICER","109352.00"
"P.O. DET SPEC","119980.00"
"POLICE OFFICER D/A DETECTIVE 2ND GR","134819.00"
"SERGEANT-","118056.00"
"P.O. DA DET GR3","119980.00"
"SERGEANT-D/A SUPERVISOR DETECTIVE SQUAD","120442.00"
"P.O. DA DET GR3","119980.00"
"SERGEANT-D/A SPECIAL ASSIGNMENT","120442.00"
"P.O. DA DET GR3","119980.00"
"SERGEANT-","118056.00"
"SCHOOL SAFETY AGENT","56508.00"
"P.O. DA DET GR3","115923.00"
"P.O. DA DET GR3","119980.00"
"SERGEANT-","118056.00"
"LIEUTENANT","141684.00"
"POLICE OFFICER","109352.00"
"POLICE OFFICER","109352.00"
"P.O. DET SPEC","119980.00"
"POLICE OFFICER","109352.00"
"P.O. DA DET GR3","119980.00"
"P.O. DA DET GR3","119980.00"
"POLICE OFFICER","109352.00"
"P.O. DA DET GR3","119980.00"
"POLICE OFFICER","109352.00"
"POLICE OFFICER","109352.00"
"P.O. DA DET GR3","119980.00"
"POLICE OFFICER","109352.00"
"SERGEANT-","118056.00"
"SERGEANT-","118056.00"
"P.O. DA DET GR3","119980.00"
"POLICE OFFICER","109352.00"
"POLICE OFFICER","109352.00"
"SERGEANT-D/A SUPERVISOR DETECTIVE SQUAD","135511.00"
"POLICE OFFICER","109352.00"
"P.O. DET SPEC","119980.00"
"SERGEANT-D/A SUPERVISOR DETECTIVE SQUAD","120744.00"
"P.O. DA DET GR3","119248.00"
"SERGEANT-","118056.00"
"LIEUTENANT","142202.00"
"SERGEANT-","118056.00"
"POLICE OFFICER","109352.00"
"POLICE OFFICER","109352.00"
"POLICE OFFICER","109352.00"
"POLICE OFFICER","109352.00"
"POLICE OFFICER","109352.00"
"SERGEANT-","118056.00"
"POLICE OFFICER","101590.00"
"SERGEANT-D/A SUPERVISOR DETECTIVE SQUAD","135511.00"
"SERGEANT-","118056.00"
"LIEUTENANT","154751.00"
"P.O. DET SPEC","115923.00"
"POLICE OFFICER","109352.00"
"P.O. DET SPEC","119314.00"
"SERGEANT-","118056.00"
"POLICE OFFICER","109352.00"
"LIEUTENANT D/A SPECIAL ASSIGNMENT","156098.00"
"SERGEANT-","97894.00"
"POLICE OFFICER","109352.00"
"SERGEANT-","118056.00"
"P.O. DA DET GR3","119980.00"
"SERGEANT-","118056.00"
"P.O. DA DET GR3","119980.00"
"POLICE OFFICER","98155.00"
"P.O. DA DET GR3","119980.00"
"POLICE OFFICER","109352.00"
"POLICE OFFICER","109352.00"
"P.O. DET SPEC","119980.00"
"SERGEANT-","118056.00"
"P.O. DET SPEC","119429.00"
"CAPTAIN D/A DEPUTY INSPECTOR","204936.00"
"POLICE OFFICER","109352.00"
"POLICE OFFICER D/A DETECTIVE 2ND GR","134819.00"
"POLICE OFFICER D/A DETECTIVE 2ND GR","134819.00"
"SERGEANT-","118056.00"
"SERGEANT-","97894.00"
"POLICE OFFICER","109352.00"
"POLICE OFFICER","109352.00"
"SERGEANT-D/A SUPERVISOR DETECTIVE SQUAD","120744.00"
"SERGEANT-","118056.00"
"POLICE OFFICER","109352.00"
"POLICE OFFICER","109352.00"
"SERGEANT-","97894.00"
"SERGEANT-","97894.00"
"P.O. DA DET GR3","119980.00"
"SERGEANT-D/A SPECIAL ASSIGNMENT","120442.00"
"SERGEANT-","118056.00"
"LIEUTENANT","154751.00"
"LIEUTENANT D/A COMMANDER OF DETECTIVE SQUAD","157713.00"
"P.O. DA DET GR3","119248.00"
"SERGEANT-","118056.00"
"POLICE OFFICER","98155.00"
"P.O. DET SPEC","119314.00"
"SERGEANT-","118056.00"
"POLICE OFFICER","109352.00"
"LIEUTENANT","141684.00"
"CAPTAIN","160722.00"
"LIEUTENANT","142202.00"
"P.O. DA DET GR3","119980.00"
"CAPTAIN","194689.00"
"POLICE OFFICER","109352.00"
"LIEUTENANT D/A SPECIAL ASSIGNMENT","156098.00"
"P.O. DA DET GR3","119980.00"
"POLICE OFFICER","109352.00"
"POLICE OFFICER D/A DETECTIVE 2ND GR","134819.00"
"SERGEANT-","118056.00"
"POLICE OFFICER D/A DETECTIVE 2ND GR","134819.00"
"POLICE OFFICER","109352.00"
"SERGEANT-D/A SUPERVISOR DETECTIVE SQUAD","121048.00"
"SERGEANT-","118056.00"
"SERGEANT-","118056.00"
"CAPTAIN","160722.00"
"SERGEANT-","118056.00"
"P.O. DA DET GR3","119980.00"
"P.O. DA DET GR3","119980.00"
"LIEUTENANT","141684.00"
"POLICE OFFICER","109352.00"
"SERGEANT-","118056.00"
"LIEUTENANT","142202.00"
"POLICE OFFICER","109352.00"
"P.O. DA DET GR3","119980.00"
"POLICE OFFICER","109352.00"
"POLICE OFFICER","109352.00"
"POLICE OFFICER","109352.00"
"LIEUTENANT","154751.00"
"POLICE OFFICER","109352.00"
"POLICE OFFICER","109352.00"
"P.O. DET SPEC","119429.00"
"P.O. DET SPEC","119980.00"
"POLICE OFFICER","109352.00"
"LIEUTENANT","142202.00"
"POLICE OFFICER","109352.00"
"CAPTAIN","160722.00"
"LIEUTENANT","154751.00"
"P.O. DA DET GR3","119980.00"
"SERGEANT-","118056.00"
"POLICE OFFICER","109352.00"
"P.O. DA DET GR3","119980.00"
"SERGEANT-","118056.00"
"P.O. DA DET GR3","119980.00"
"POLICE OFFICER","109352.00"
"POLICE OFFICER D/A DETECTIVE 2ND GR","134819.00"
"POLICE OFFICER","109352.00"
"POLICE OFFICER","109352.00"
"POLICE OFFICER","109352.00"
"SERGEANT-","118056.00"
"P.O. DA DET GR3","119429.00"
"POLICE OFFICER","109352.00"
"POLICE OFFICER","109352.00"
"POLICE OFFICER","109352.00"
"P.O. DA DET GR3","119980.00"
"SERGEANT-","97894.00"
"POLICE OFFICER","109352.00"
"POLICE OFFICER","109352.00"
"P.O. DA DET GR3","119980.00"
"POLICE OFFICER","109352.00"
"POLICE OFFICER","109352.00"
"SERGEANT-D/A SUPERVISOR DETECTIVE SQUAD","135511.00"
"SERGEANT-","118056.00"
"POLICE OFFICER","109352.00"
"LIEUTENANT","154751.00"
"P.O. DET SPEC","112003.00"
"P.O. DA DET GR3","119429.00"
"SERGEANT-","97894.00"
"POLICE OFFICER","109352.00"
"LIEUTENANT","154751.00"
"LIEUTENANT","154751.00"
"SERGEANT-","118056.00"
"CAPTAIN D/A DEPUTY INSPECTOR","204936.00"
"POLICE OFFICER","109352.00"
"SERGEANT-","118056.00"
"P.O. DA DET GR3","119980.00"
"P.O. DA DET GR3","119980.00"
"SERGEANT-D/A SPECIAL ASSIGNMENT","121048.00"
"LIEUTENANT","154751.00"
"P.O. DET SPEC","119248.00"
"POLICE OFFICER","109352.00"
"POLICE OFFICER","109352.00"
"POLICE OFFICER","109352.00"
"POLICE OFFICER","109352.00"
"SERGEANT-","118056.00"
"CAPTAIN","194689.00"
"POLICE OFFICER","109352.00"
"POLICE OFFICER","109352.00"
"SERGEANT-D/A SPECIAL ASSIGNMENT","121048.00"
"POLICE OFFICER D/A DETECTIVE 2ND GR","134819.00"
"P.O. DA DET GR3","119980.00"
"SERGEANT-","118056.00"
"LIEUTENANT","154751.00"
"POLICE OFFICER","109352.00"
"SERGEANT-","118056.00"
"LIEUTENANT","154751.00"
"POLICE OFFICER","109352.00"
"POLICE OFFICER","109352.00"
"P.O. DA DET GR3","119980.00"
"LIEUTENANT","142202.00"
"P.O. DA DET GR3","119980.00"
"LIEUTENANT D/A SPECIAL ASSIGNMENT","156098.00"
"SERGEANT-","118056.00"
"SERGEANT-D/A SUPERVISOR DETECTIVE SQUAD","121048.00"
"P.O. DET SPEC","119980.00"
"POLICE OFFICER D/A DETECTIVE 2ND GR","134819.00"
"P.O. DA DET GR3","119980.00"
"POLICE OFFICER","109352.00"
"POLICE OFFICER","109352.00"
"POLICE OFFICER","109352.00"
"POLICE OFFICER","109352.00"
"POLICE OFFICER","109352.00"
"POLICE OFFICER","109352.00"
"LIEUTENANT","154751.00"
"LIEUTENANT","142202.00"
"POLICE OFFICER","109352.00"
"SERGEANT-","118056.00"
"POLICE OFFICER","109352.00"
"POLICE OFFICER","109352.00"
"CAPTAIN D/A DEPUTY INSPECTOR","204936.00"
"P.O. DA DET GR3","119314.00"
"POLICE OFFICER D/A DETECTIVE 1ST GR","154751.00"
"POLICE OFFICER","109352.00"
"POLICE OFFICER","109352.00"
"POLICE OFFICER","109352.00"
"POLICE OFFICER","109352.00"
"POLICE OFFICER D/A DETECTIVE 2ND GR","134819.00"
"POLICE OFFICER D/A DETECTIVE 2ND GR","134819.00"
"POLICE OFFICER","109352.00"
"POLICE OFFICER","109352.00"
"POLICE OFFICER","109352.00"
"SERGEANT-","118056.00"
"POLICE OFFICER","109352.00"
"P.O. DA DET GR3","115923.00"
"POLICE OFFICER","109352.00"
"SERGEANT-","118056.00"
"P.O. DA DET GR3","119980.00"
"SERGEANT-","118056.00"
"POLICE OFFICER","109352.00"
"P.O. DET SPEC","119980.00"
"P.O. DA DET GR3","119980.00"
"POLICE OFFICER","109352.00"
"SERGEANT-","118056.00"
"P.O. DA DET GR3","119980.00"
"POLICE OFFICER","109352.00"
"LIEUTENANT D/A COMMANDER OF DETECTIVE SQUAD","170234.00"
"POLICE OFFICER","109352.00"
"POLICE OFFICER","109352.00"
"SERGEANT-","118056.00"
"POLICE OFFICER","109352.00"
"P.O. DA DET GR3","119980.00"
"LIEUTENANT","154751.00"
"SERGEANT-","118056.00"
"POLICE OFFICER","109352.00"
"POLICE OFFICER","109352.00"
"SERGEANT-","118056.00"
"SERGEANT-","97894.00"
"CAPTAIN D/A DEPUTY INSPECTOR","204936.00"
"POLICE OFFICER","109352.00"
"POLICE OFFICER","109352.00"
"CAPTAIN","160722.00"
"POLICE OFFICER","109352.00"
"P.O. DA DET GR3","119980.00"
"P.O. DA DET GR3","119980.00"
"POLICE OFFICER","109352.00"
"LIEUTENANT","154751.00"
"SERGEANT-","118056.00"
"POLICE OFFICER","109352.00"
"LIEUTENANT","154751.00"
"SERGEANT-","118056.00"
"CAPTAIN","157515.00"
"POLICE OFFICER","109352.00"
"CAPTAIN","194689.00"
"P.O. DET SPEC","119980.00"
"LIEUTENANT D/A COMMANDER OF DETECTIVE SQUAD","157713.00"
"P.O. DA DET GR3","119980.00"
"POLICE OFFICER","98155.00"
"POLICE OFFICER D/A DETECTIVE 2ND GR","134819.00"
"SERGEANT-","118056.00"
"POLICE OFFICER","109352.00"
"P.O. DET SPEC","119429.00"
"POLICE OFFICER","109352.00"
"CAPTAIN","194689.00"
"LIEUTENANT","154751.00"
"POLICE OFFICER","109352.00"
"SERGEANT-D/A SUPERVISOR DETECTIVE SQUAD","120442.00"
"P.O. DA DET GR3","119980.00"
"POLICE OFFICER D/A DETECTIVE 2ND GR","134819.00"
"P.O. DA DET GR3","119980.00"
"POLICE OFFICER D/A DETECTIVE 2ND GR","134819.00"
"POLICE OFFICER","109352.00"
"POLICE OFFICER D/A DETECTIVE 2ND GR","134819.00"
"POLICE OFFICER","109352.00"
"POLICE OFFICER","109352.00"
"P.O. DET SPEC","119980.00"
"POLICE OFFICER","109352.00"
"POLICE OFFICER","109352.00"
"POLICE OFFICER D/A DETECTIVE 2ND GR","134819.00"
"SERGEANT-","118056.00"
"POLICE OFFICER","109352.00"
"POLICE OFFICER","109352.00"
"POLICE OFFICER","109352.00"
"P.O. DET SPEC","119314.00"
"LIEUTENANT","142202.00"
"POLICE OFFICER","109352.00"
"POLICE OFFICER","109352.00"
"SERGEANT-","118056.00"
"P.O. DA DET GR3","119980.00"
"SERGEANT-","118056.00"
"LIEUTENANT","154751.00"
"LIEUTENANT D/A COMMANDER OF DETECTIVE SQUAD","157713.00"
"POLICE OFFICER","109352.00"
"POLICE OFFICER","109352.00"
"POLICE OFFICER","109352.00"
"POLICE OFFICER","109352.00"
"LIEUTENANT","154751.00"
"SERGEANT-","118056.00"
"POLICE OFFICER","109352.00"
"POLICE OFFICER D/A DETECTIVE 2ND GR","134819.00"
"LIEUTENANT","142202.00"
"SERGEANT-","118056.00"
"POLICE OFFICER","109352.00"
"P.O. DA DET GR3","119980.00"
"P.O. DA DET GR3","119980.00"
"POLICE OFFICER","109352.00"
"POLICE OFFICER","109352.00"
"SERGEANT-D/A SPECIAL ASSIGNMENT","120744.00"
"P.O. DA DET GR3","119980.00"
"P.O. DA DET GR3","119980.00"
"SERGEANT-","118056.00"
"POLICE OFFICER","109352.00"
"POLICE OFFICER","109352.00"
"POLICE OFFICER","109352.00"
"P.O. DET SPEC","119980.00"
"P.O. DA DET GR3","119980.00"
"POLICE OFFICER","109352.00"
"POLICE OFFICER","109352.00"
"CAPTAIN","194689.00"
"POLICE OFFICER","109352.00"
"POLICE OFFICER","109352.00"
"SERGEANT-D/A SUPERVISOR DETECTIVE SQUAD","135511.00"
"SERGEANT-D/A SPECIAL ASSIGNMENT","120442.00"
"P.O. DET SPEC","115390.00"
"POLICE OFFICER","109352.00"
"SERGEANT-","118056.00"
"CAPTAIN","160722.00"
"POLICE OFFICER","109352.00"
"SERGEANT-","118056.00"
"LIEUTENANT","154751.00"
"POLICE OFFICER","109352.00"
"P.O. DET SPEC","115279.00"
"SERGEANT-","118056.00"
"P.O. DET SPEC","119980.00"
"POLICE OFFICER","109352.00"
"POLICE OFFICER","109352.00"
"POLICE OFFICER D/A DETECTIVE 2ND GR","134819.00"
"P.O. DET SPEC","119980.00"
"POLICE OFFICER","109352.00"
"CASE MANAGEMENT NURSE","106301.00"
"SERGEANT-","118056.00"
"POLICE OFFICER","109352.00"
"SERGEANT-D/A SPECIAL ASSIGNMENT","121048.00"
"POLICE OFFICER","109352.00"
"POLICE OFFICER","109352.00"
"P.O. DA DET GR3","119980.00"
"POLICE OFFICER","109352.00"
"POLICE OFFICER","109352.00"
"LIEUTENANT","154751.00"
"SERGEANT-","118056.00"
"POLICE OFFICER","109352.00"
"P.O. DET SPEC","119980.00"
"SERGEANT-","118056.00"
"SERGEANT-","105606.00"
"CAPTAIN","157537.00"
"POLICE OFFICER","109352.00"
"CAPTAIN","160722.00"
"SERGEANT-","97894.00"
"POLICE OFFICER","109352.00"
"LIEUTENANT D/A COMMANDER OF DETECTIVE SQUAD","159762.00"
"POLICE OFFICER","109352.00"
"P.O. DA DET GR3","119980.00"
"POLICE OFFICER","109352.00"
"LIEUTENANT","154751.00"
"P.O. DA DET GR3","119980.00"
"POLICE OFFICER","109352.00"
"POLICE OFFICER","109352.00"
"POLICE OFFICER","109352.00"
"POLICE OFFICER D/A DETECTIVE 2ND GR","134819.00"
"POLICE OFFICER","109352.00"
"POLICE OFFICER","109352.00"
"P.O. DA DET GR3","119980.00"
"SERGEANT-","118056.00"
"SERGEANT-","118056.00"
"POLICE OFFICER","109352.00"
"POLICE OFFICER","109352.00"
"P.O. DET SPEC","119980.00"
"POLICE OFFICER","109352.00"
"POLICE OFFICER","109352.00"
"P.O. DET SPEC","119980.00"
"SERGEANT-D/A SUPERVISOR DETECTIVE SQUAD","135511.00"
"LIEUTENANT","154751.00"
"LIEUTENANT","154751.00"
"LIEUTENANT","154751.00"
"LIEUTENANT","154751.00"
"P.O. DA DET GR3","119429.00"
"CAPTAIN","157515.00"
"LIEUTENANT","154751.00"
"SERGEANT-D/A SUPERVISOR DETECTIVE SQUAD","135511.00"
"LIEUTENANT","142202.00"
"POLICE OFFICER","109352.00"
"P.O. DA DET GR3","119980.00"
"SERGEANT-","96477.00"
"LIEUTENANT","154751.00"
"POLICE OFFICER","109352.00"
"POLICE OFFICER","109352.00"
"POLICE OFFICER","109352.00"
"POLICE OFFICER","109352.00"
"POLICE OFFICER","109352.00"
"SERGEANT-D/A SUPERVISOR DETECTIVE SQUAD","135511.00"
"POLICE OFFICER D/A DETECTIVE 2ND GR","134819.00"
"POLICE OFFICER D/A DETECTIVE 2ND GR","134819.00"
"POLICE OFFICER","109352.00"
"POLICE OFFICER","109352.00"
"P.O. DA DET GR3","119980.00"
"POLICE OFFICER D/A DETECTIVE 2ND GR","134819.00"
"LIEUTENANT","154751.00"
"POLICE OFFICER","109352.00"
"LIEUTENANT","136129.00"
"P.O. DA DET GR3","119980.00"
"SERGEANT-","118056.00"
"SERGEANT-","118056.00"
"POLICE OFFICER","109352.00"
"POLICE OFFICER","109352.00"
"SERGEANT-","118056.00"
"POLICE OFFICER","109352.00"
"LIEUTENANT","154751.00"
"POLICE OFFICER D/A DETECTIVE 2ND GR","134819.00"
"P.O. DA DET GR3","119980.00"
"P.O. DA DET GR3","119980.00"
"LIEUTENANT","154751.00"
"P.O. DA DET GR3","119980.00"
"P.O. DA DET GR3","119980.00"
"POLICE OFFICER","109352.00"
"POLICE OFFICER","109352.00"
"P.O. DA DET GR3","119980.00"
"P.O. DA DET GR3","115279.00"
"SERGEANT-","118056.00"
"SERGEANT-","118056.00"
"SERGEANT-","118056.00"
"POLICE OFFICER D/A DETECTIVE 2ND GR","134819.00"
"POLICE OFFICER","109352.00"
"P.O. DA DET GR3","119980.00"
"POLICE OFFICER","109352.00"
"SERGEANT-","118056.00"
"P.O. DA DET GR3","119980.00"
"POLICE OFFICER","109352.00"
"P.O. DA DET GR3","115215.00"
"SERGEANT-D/A SUPERVISOR DETECTIVE SQUAD","120744.00"
"CAPTAIN","194689.00"
"CITY CUSTODIAL ASSISTANT","50940.00"
"SUPERVISOR OF MECHANICS","140840.00"
"POLICE OFFICER","109352.00"
"POLICE OFFICER","109352.00"
"POLICE OFFICER","65387.00"
"SENIOR POLICE ADMINISTRATIVE AIDE","62581.00"
"ADMINISTRATIVE STAFF ANALYST","145073.00"
"P.O. DET SPEC","119429.00"
"POLICE OFFICER","109352.00"
"P.O. DA DET GR3","119980.00"
"POLICE OFFICER","109352.00"
"POLICE OFFICER","109352.00"
"CRIMINALIST","100866.00"
"POLICE COMMUNICATIONS TECHNICIAN","57805.00"
"POLICE COMMUNICATIONS TECHNICIAN","61883.00"
"POLICE COMMUNICATIONS TECHNICIAN","61883.00"
"POLICE COMMUNICATIONS TECHNICIAN","61883.00"
"POLICE COMMUNICATIONS TECHNICIAN","61883.00"
"P.O. DA DET GR3","119248.00"
"P.O. DET SPEC","119980.00"
"POLICE COMMUNICATIONS TECHNICIAN","61883.00"
"SUPERVISING POLICE COMMUNICATIONS TECHNICIAN","79731.00"
"SENIOR POLICE ADMINISTRATIVE AIDE","66302.00"
"SERGEANT-","96477.00"
"POLICE OFFICER","59065.00"
"POLICE OFFICER","109352.00"
"POLICE COMMUNICATIONS TECHNICIAN","59935.00"
"SCHOOL CROSSING GUARD","44533.00"
"SCHOOL SAFETY AGENT","56508.00"
"SCHOOL SAFETY AGENT","56508.00"
"TRAFFIC ENFORCEMENT AGENT","48769.00"
"SCHOOL SAFETY AGENT","56508.00"
"CERTIFIED IT ADMINISTRATOR","146017.00"
"COMPUTER SPECIALIST","109544.00"
"SUPERVISOR OF MECHANICS","140840.00"
"POLICE OFFICER","109352.00"
"TRAFFIC ENFORCEMENT AGENT","49830.00"
"P.O. DA DET GR3","119980.00"
"POLICE OFFICER","109352.00"
"SCHOOL SAFETY AGENT","56508.00"
"SCHOOL SAFETY AGENT","56508.00"
"SCHOOL SAFETY AGENT","56508.00"
"SCHOOL SAFETY AGENT","56508.00"
"SCHOOL SAFETY AGENT","56508.00"
"SCHOOL SAFETY AGENT","56508.00"
"SCHOOL SAFETY AGENT","56508.00"
"SCHOOL SAFETY AGENT","56508.00"
"P.O. DA DET GR3","119980.00"
"SCHOOL SAFETY AGENT","56508.00"
"SCHOOL SAFETY AGENT","53264.00"
"SCHOOL SAFETY AGENT","56508.00"
"SCHOOL SAFETY AGENT","56508.00"
"SCHOOL SAFETY AGENT","56508.00"
"SCHOOL SAFETY AGENT","54862.00"
"SERGEANT-","118056.00"
"SCHOOL SAFETY AGENT","56508.00"
"SCHOOL SAFETY AGENT","56508.00"
"POLICE OFFICER","109352.00"
"CITY CUSTODIAL ASSISTANT","42898.00"
"SCHOOL SAFETY AGENT","56508.00"
"P.O. DA DET GR3","119980.00"
"SCHOOL SAFETY AGENT","56508.00"
"SCHOOL SAFETY AGENT","56508.00"
"SCHOOL SAFETY AGENT","56508.00"
"SUPERVISOR OF SCHOOL SECURITY","81237.00"
"SCHOOL SAFETY AGENT","56508.00"
"SCHOOL SAFETY AGENT","56508.00"
"SCHOOL SAFETY AGENT","56508.00"
"SCHOOL SAFETY AGENT","56508.00"
"LIEUTENANT","154751.00"
"SCHOOL SAFETY AGENT","56508.00"
"SCHOOL SAFETY AGENT","56508.00"
"POLICE OFFICER","109352.00"
"SERGEANT-","118056.00"
"POLICE OFFICER","109352.00"
"SCHOOL SAFETY AGENT","56508.00"
"SCHOOL SAFETY AGENT","56508.00"
"SCHOOL SAFETY AGENT","56508.00"
"SCHOOL SAFETY AGENT","56508.00"
"SCHOOL SAFETY AGENT","56508.00"
"SCHOOL SAFETY AGENT","56508.00"
"POLICE OFFICER","109352.00"
"POLICE OFFICER","57976.00"
"POLICE COMMUNICATIONS TECHNICIAN","57805.00"
"POLICE OFFICER","57976.00"
"SERGEANT-","97894.00"
"P.O. DA DET GR3","119980.00"
"POLICE OFFICER","109352.00"
"POLICE OFFICER","109352.00"
"POLICE OFFICER","109352.00"
"LIEUTENANT","141943.00"
"CAPTAIN","160722.00"
"POLICE OFFICER","109352.00"
"CAPTAIN","160722.00"
"P.O. DA DET GR3","119980.00"
"SERGEANT-","97894.00"
"P.O. DA DET GR3","119314.00"
"SERGEANT-","118056.00"
"SERGEANT-","118056.00"
"POLICE OFFICER","109352.00"
"POLICE OFFICER","109352.00"
"SERGEANT-","118056.00"
"POLICE OFFICER","109352.00"
"P.O. DA DET GR3","119980.00"
"POLICE OFFICER","109352.00"
"POLICE OFFICER","109352.00"
"SERGEANT-","118056.00"
"POLICE OFFICER","109352.00"
"P.O. DET SPEC","119980.00"
"P.O. DA DET GR3","119980.00"
"POLICE OFFICER","109352.00"
"SERGEANT-","118056.00"
"POLICE OFFICER","109352.00"
"POLICE OFFICER","109352.00"
"POLICE OFFICER D/A DETECTIVE 2ND GR","134819.00"
"SERGEANT-","118056.00"
"P.O. DA DET GR3","119248.00"
"P.O. DET SPEC","119980.00"
"POLICE OFFICER D/A DETECTIVE 2ND GR","134819.00"
"LIEUTENANT","154751.00"
"LIEUTENANT","141684.00"
"P.O. DA DET GR3","119980.00"
"P.O. DA DET GR3","119980.00"
"SERGEANT-","118056.00"
"POLICE OFFICER","109352.00"
"SERGEANT-","118056.00"
"LIEUTENANT","154751.00"
"P.O. DET SPEC","119980.00"
"POLICE OFFICER","109352.00"
"POLICE OFFICER","109352.00"
"POLICE OFFICER","109352.00"
"SERGEANT-","118056.00"
"POLICE OFFICER","109352.00"
"SERGEANT-","118056.00"
"CAPTAIN","194689.00"
"SERGEANT-","118056.00"
"P.O. DA DET GR3","119980.00"
"LIEUTENANT D/A COMMANDER OF DETECTIVE SQUAD","170234.00"
"POLICE OFFICER","109352.00"
"LIEUTENANT","142202.00"
"POLICE OFFICER D/A DETECTIVE 2ND GR","134819.00"
"POLICE OFFICER D/A DETECTIVE 2ND GR","134819.00"
"P.O. DET SPEC","119980.00"
"POLICE OFFICER","109352.00"
"P.O. DA DET GR3","119980.00"
"POLICE OFFICER","109352.00"
"P.O. DA DET GR3","119980.00"
"POLICE OFFICER","109352.00"
"POLICE OFFICER","109352.00"
"LIEUTENANT","154751.00"
"P.O. DET SPEC","119980.00"
"SERGEANT-","118056.00"
"POLICE OFFICER D/A DETECTIVE 2ND GR","134819.00"
"POLICE OFFICER","109352.00"
"P.O. DET SPEC","119980.00"
"POLICE OFFICER","109352.00"
"LIEUTENANT","154751.00"
"LIEUTENANT","154751.00"
"POLICE OFFICER","109352.00"
"LIEUTENANT","154751.00"
"P.O. DET SPEC","119980.00"
"POLICE OFFICER","109352.00"
"SERGEANT-","97894.00"
"LIEUTENANT D/A SPECIAL ASSIGNMENT","156098.00"
"POLICE OFFICER","109352.00"
"SERGEANT-","118056.00"
"SERGEANT-","105606.00"
"POLICE OFFICER","109352.00"
"SERGEANT-","118056.00"
"SERGEANT-","118056.00"
"POLICE OFFICER","109352.00"
"P.O. DA DET GR3","119980.00"
"POLICE OFFICER","109352.00"
"P.O. DA DET GR3","119980.00"
"SERGEANT-","118056.00"
"POLICE OFFICER D/A DETECTIVE 2ND GR","134819.00"
"SERGEANT-D/A SPECIAL ASSIGNMENT","135511.00"
"P.O. DA DET GR3","119980.00"
"POLICE OFFICER","109352.00"
"POLICE OFFICER","109352.00"
"SERGEANT-","118056.00"
"POLICE OFFICER D/A DETECTIVE 2ND GR","134819.00"
"POLICE OFFICER","109352.00"
"POLICE OFFICER","109352.00"
"P.O. DA DET GR3","119980.00"
"POLICE OFFICER","109352.00"
"P.O. DA DET GR3","119980.00"
"POLICE OFFICER","109352.00"
"SERGEANT-","118056.00"
"SERGEANT-","118056.00"
"SERGEANT-","118056.00"
"SERGEANT-","105606.00"
"POLICE OFFICER","109352.00"
"SERGEANT-","118056.00"
"POLICE ADMINISTRATIVE AIDE","55753.00"
"ASSOCIATE TRAFFIC ENFORCEMENT AGENT","57817.00"
"ADMINISTRATIVE STAFF ANALYST","110600.00"
"SERGEANT-","105606.00"
"CRIMINALIST","96059.00"
"ASSOCIATE TRAFFIC ENFORCEMENT AGENT","57817.00"
"TRAFFIC ENFORCEMENT AGENT","53985.00"
"ASSOCIATE TRAFFIC ENFORCEMENT AGENT","63757.00"
"ASSOCIATE TRAFFIC ENFORCEMENT AGENT","57817.00"
"TRAFFIC ENFORCEMENT AGENT","53985.00"
"ADMIN TRAFFIC ENF AGNT-UNION","84507.00"
"TRAFFIC ENFORCEMENT AGENT","53985.00"
"TRAFFIC ENFORCEMENT AGENT","53985.00"
"TRAFFIC ENFORCEMENT AGENT","53985.00"
"ASSOCIATE TRAFFIC ENFORCEMENT AGENT","57817.00"
"POLICE OFFICER","109352.00"
"POLICE OFFICER","109352.00"
"ASSOCIATE TRAFFIC ENFORCEMENT AGENT","57817.00"
"SENIOR POLICE ADMINISTRATIVE AIDE","58733.00"
"ASSOCIATE TRAFFIC ENFORCEMENT AGENT","57817.00"
"ASSOCIATE TRAFFIC ENFORCEMENT AGENT","57817.00"
"POLICE COMMUNICATIONS TECHNICIAN","57805.00"
"TRAFFIC ENFORCEMENT AGENT","53985.00"
"POLICE OFFICER","109352.00"
"P.O. DA DET GR3","119248.00"
"TRAFFIC ENFORCEMENT AGENT","60042.00"
"TRAFFIC ENFORCEMENT AGENT","53985.00"
"SERGEANT-","105606.00"
"P.O. DET SPEC","119980.00"
"ASSOCIATE TRAFFIC ENFORCEMENT AGENT","58193.00"
"TRAFFIC ENFORCEMENT AGENT","53985.00"
"POLICE OFFICER","109352.00"
"POLICE COMMUNICATIONS TECHNICIAN","61883.00"
"ASSOCIATE TRAFFIC ENFORCEMENT AGENT","65670.00"
"TRAFFIC ENFORCEMENT AGENT","53985.00"
"TRAFFIC ENFORCEMENT AGENT","49205.00"
"TRAFFIC ENFORCEMENT AGENT","53985.00"
"ASSOCIATE TRAFFIC ENFORCEMENT AGENT","57817.00"
"POLICE OFFICER","109352.00"
"ASSOCIATE TRAFFIC ENFORCEMENT AGENT","57817.00"
"CERTIFIED IT ADMINISTRATOR","125207.00"
"TRAFFIC ENFORCEMENT AGENT","53985.00"
"TRAFFIC ENFORCEMENT AGENT","53985.00"
"ASSOCIATE TRAFFIC ENFORCEMENT AGENT","57817.00"
"TRAFFIC ENFORCEMENT AGENT","53985.00"
"TRAFFIC ENFORCEMENT AGENT","53985.00"
"LIEUTENANT","141684.00"
"TRAFFIC ENFORCEMENT AGENT","53985.00"
"TRAFFIC ENFORCEMENT AGENT","54412.00"
"POLICE OFFICER","109352.00"
"TRAFFIC ENFORCEMENT AGENT","53985.00"
"TRAFFIC ENFORCEMENT AGENT","53985.00"
"ASSOCIATE TRAFFIC ENFORCEMENT AGENT","57817.00"
"EVIDENCE AND PROPERTY CONTROL SPECIALIST","65303.00"
"TRAFFIC ENFORCEMENT AGENT","53985.00"
"TRAFFIC ENFORCEMENT AGENT","53985.00"
"TRAFFIC ENFORCEMENT AGENT","54875.00"
"ASSOCIATE TRAFFIC ENFORCEMENT AGENT","57817.00"
"TRAFFIC ENFORCEMENT AGENT","53985.00"
"TRAFFIC ENFORCEMENT AGENT","53985.00"
"TRAFFIC ENFORCEMENT AGENT","53985.00"
"TRAFFIC ENFORCEMENT AGENT","53985.00"
"TRAFFIC ENFORCEMENT AGENT","53985.00"
"ASSOCIATE TRAFFIC ENFORCEMENT AGENT","57817.00"
"TRAFFIC ENFORCEMENT AGENT","53985.00"
"ASSOCIATE TRAFFIC ENFORCEMENT AGENT","57817.00"
"TRAFFIC ENFORCEMENT AGENT","53985.00"
"TRAFFIC ENFORCEMENT AGENT","53985.00"
"TRAFFIC ENFORCEMENT AGENT","53985.00"
"TRAFFIC ENFORCEMENT AGENT","53985.00"
"POLICE OFFICER","109352.00"
"TRAFFIC ENFORCEMENT AGENT","53985.00"
"ASSOCIATE TRAFFIC ENFORCEMENT AGENT","57817.00"
"TRAFFIC ENFORCEMENT AGENT","53985.00"
"ASSOCIATE TRAFFIC ENFORCEMENT AGENT","57817.00"
"POLICE OFFICER","109352.00"
"TRAFFIC ENFORCEMENT AGENT","53985.00"
"TRAFFIC ENFORCEMENT AGENT","53985.00"
"POLICE OFFICER","109352.00"
"ASSOCIATE TRAFFIC ENFORCEMENT AGENT","57817.00"
"ASSOCIATE TRAFFIC ENFORCEMENT AGENT","57817.00"
"ASSOCIATE TRAFFIC ENFORCEMENT AGENT","57817.00"
"TRAFFIC ENFORCEMENT AGENT","49830.00"
"POLICE OFFICER","109352.00"
"POLICE OFFICER","109352.00"
"POLICE OFFICER","109352.00"
"POLICE OFFICER","109352.00"
"TRAFFIC ENFORCEMENT AGENT","53985.00"
"TRAFFIC ENFORCEMENT AGENT","53985.00"
"ASSOCIATE TRAFFIC ENFORCEMENT AGENT","57817.00"
"EVIDENCE AND PROPERTY CONTROL SPECIALIST","65303.00"
"TRAFFIC ENFORCEMENT AGENT","53985.00"
"TRAFFIC ENFORCEMENT AGENT","51988.00"
"TRAFFIC ENFORCEMENT AGENT","52413.00"
"TRAFFIC ENFORCEMENT AGENT","53985.00"
"TRAFFIC ENFORCEMENT AGENT","53985.00"
"SERGEANT-","96477.00"
"P.O. DA DET GR3","115923.00"
"POLICE OFFICER","109352.00"
"P.O. DET SPEC","119980.00"
"P.O. DET SPEC","119248.00"
"P.O. DA DET GR3","119980.00"
"SERGEANT-","118056.00"
"POLICE OFFICER","109352.00"
"POLICE OFFICER","55942.00"
"P.O. DA DET GR3","119314.00"
"POLICE OFFICER","109352.00"
"POLICE OFFICER","109352.00"
"POLICE OFFICER","109352.00"
"POLICE OFFICER","109352.00"
"TRAFFIC ENFORCEMENT AGENT","53985.00"
"TRAFFIC ENFORCEMENT AGENT","53985.00"
"TRAFFIC ENFORCEMENT AGENT","45597.00"
"POLICE OFFICER","109352.00"
"P.O. DA DET GR3","119314.00"
"TRAFFIC ENFORCEMENT AGENT","53985.00"
"POLICE OFFICER","109352.00"
"TRAFFIC ENFORCEMENT AGENT","48128.00"
"TRAFFIC ENFORCEMENT AGENT","54875.00"
"TRAFFIC ENFORCEMENT AGENT","54875.00"
"POLICE OFFICER","109352.00"
"TRAFFIC ENFORCEMENT AGENT","48379.00"
"SCHOOL SAFETY AGENT","53264.00"
"ASSOCIATE TRAFFIC ENFORCEMENT AGENT","57817.00"
"TRAFFIC ENFORCEMENT AGENT","53985.00"
"POLICE OFFICER","109352.00"
"POLICE OFFICER","109352.00"
"SCHOOL SAFETY AGENT","56508.00"
"TRAFFIC ENFORCEMENT AGENT","53985.00"
"POLICE OFFICER","109352.00"
"SCHOOL SAFETY AGENT","56508.00"
"TRAFFIC ENFORCEMENT AGENT","53985.00"
"POLICE OFFICER","55942.00"
"POLICE OFFICER","109352.00"
"ASSOCIATE TRAFFIC ENFORCEMENT AGENT","58193.00"
"TRAFFIC ENFORCEMENT AGENT","54875.00"
"TRAFFIC ENFORCEMENT AGENT","53985.00"
"TRAFFIC ENFORCEMENT AGENT","49830.00"
"ASSOCIATE TRAFFIC ENFORCEMENT AGENT","57817.00"
"POLICE OFFICER","109352.00"
"POLICE OFFICER","55942.00"
"TRAFFIC ENFORCEMENT AGENT","49205.00"
"POLICE OFFICER","109352.00"
"LIEUTENANT","141943.00"
"EVIDENCE AND PROPERTY CONTROL SPECIALIST","65303.00"
"POLICE OFFICER","109352.00"
"SUPERVISOR OF STOCK WORKERS","62249.00"
"POLICE OFFICER","55942.00"
"POLICE OFFICER","55942.00"
"POLICE OFFICER","65387.00"
"SCHOOL SAFETY AGENT","54862.00"
"POLICE OFFICER","109352.00"
"POLICE ADMINISTRATIVE AIDE","42288.00"
"P.O. DET SPEC","119980.00"
"TRAFFIC ENFORCEMENT AGENT","48769.00"
"POLICE OFFICER","109352.00"
"SCHOOL SAFETY AGENT","56508.00"
"SCHOOL SAFETY AGENT","43093.00"
"EVIDENCE AND PROPERTY CONTROL SPECIALIST","65303.00"
"POLICE COMMUNICATIONS TECHNICIAN","57805.00"
"SCHOOL CROSSING GUARD","44533.00"
"SENIOR POLICE ADMINISTRATIVE AIDE","63991.00"
"POLICE OFFICER","109352.00"
"POLICE ADMINISTRATIVE AIDE","48631.00"
"SENIOR POLICE ADMINISTRATIVE AIDE","58707.00"
"TRAFFIC ENFORCEMENT AGENT","46726.00"
"TRAFFIC ENFORCEMENT AGENT","49270.00"
"ACCOUNTANT","67110.00"
"POLICE OFFICER","109352.00"
"POLICE OFFICER","109352.00"
"POLICE OFFICER","109352.00"
"SENIOR POLICE ADMINISTRATIVE AIDE","58707.00"
"TRAFFIC ENFORCEMENT AGENT","49830.00"
"POLICE OFFICER","109352.00"
"POLICE OFFICER","57976.00"
"TRAFFIC ENFORCEMENT AGENT","48769.00"
"SCHOOL SAFETY AGENT","56508.00"
"POLICE ADMINISTRATIVE AIDE","51254.00"
"POLICE COMMUNICATIONS TECHNICIAN","61883.00"
"CRIME ANALYST","63667.00"
"SCHOOL SAFETY AGENT","56508.00"
"TELECOMMUNICATIONS ASSOCIATE","80919.00"
"POLICE OFFICER","53790.00"
"POLICE OFFICER","109352.00"
"SCHOOL SAFETY AGENT","56508.00"
"SCHOOL SAFETY AGENT","56508.00"
"SENIOR POLICE ADMINISTRATIVE AIDE","58707.00"
"POLICE OFFICER","59065.00"
"POLICE OFFICER","109352.00"
"SENIOR POLICE ADMINISTRATIVE AIDE","63133.00"
"SCHOOL SAFETY AGENT","56508.00"
"POLICE OFFICER D/A DETECTIVE 2ND GR","134819.00"
"P.O. DET SPEC","119980.00"
"SCHOOL SAFETY AGENT","56508.00"
"SCHOOL CROSSING GUARD","44533.00"
"POLICE OFFICER","109352.00"
"POLICE OFFICER","109352.00"
"TRAFFIC ENFORCEMENT AGENT","48769.00"
"POLICE OFFICER","109352.00"
"POLICE OFFICER","57976.00"
"POLICE OFFICER","109352.00"
"SCHOOL SAFETY AGENT","39206.00"
"POLICE OFFICER","109352.00"
"POLICE OFFICER","60363.00"
"SCHOOL SAFETY AGENT","56508.00"
"POLICE OFFICER","55942.00"
"POLICE OFFICER","55942.00"
"POLICE OFFICER","60363.00"
"SCHOOL SAFETY AGENT","56508.00"
"POLICE OFFICER","55942.00"
"SCHOOL SAFETY AGENT","56508.00"
"POLICE OFFICER","65387.00"
"TRAFFIC ENFORCEMENT AGENT","48769.00"
"POLICE OFFICER","109352.00"
"TRAFFIC ENFORCEMENT AGENT","53985.00"
"SCHOOL SAFETY AGENT","56508.00"
"POLICE OFFICER","109352.00"
"SCHOOL SAFETY AGENT","43093.00"
"POLICE ADMINISTRATIVE AIDE","48631.00"
"INVESTIGATOR","55437.00"
"POLICE COMMUNICATIONS TECHNICIAN","61883.00"
"SERGEANT-","96477.00"
"ADMINISTRATIVE STAFF ANALYST","117262.00"
"TRAFFIC ENFORCEMENT AGENT","49205.00"
"POLICE OFFICER","109352.00"
"POLICE OFFICER","109352.00"
"P.O. DET SPEC","119429.00"
"SCHOOL SAFETY AGENT","56508.00"
"SCHOOL SAFETY AGENT","56508.00"
"SUPERVISING POLICE COMMUNICATIONS TECHNICIAN","79705.00"
"P.O. DA DET GR3","115923.00"
"P.O. DET SPEC","119980.00"
"SENIOR POLICE ADMINISTRATIVE AIDE","58707.00"
"SCHOOL SAFETY AGENT","39206.00"
"POLICE ADMINISTRATIVE AIDE","50060.00"
"SCHOOL SAFETY AGENT","56508.00"
"POLICE OFFICER","109352.00"
"POLICE ADMINISTRATIVE AIDE","48631.00"
"CRIME ANALYST","63667.00"
"SCHOOL SAFETY AGENT","41797.00"
"POLICE ADMINISTRATIVE AIDE","48631.00"
"LIEUTENANT","141943.00"
"P.O. DA DET GR3","119314.00"
"SCHOOL CROSSING GUARD","44533.00"
"POLICE OFFICER","59065.00"
"TRAFFIC ENFORCEMENT AGENT","47621.00"
"POLICE OFFICER","109352.00"
"POLICE ADMINISTRATIVE AIDE","48631.00"
"POLICE OFFICER","55942.00"
"SERGEANT-","118056.00"
"TRAFFIC ENFORCEMENT AGENT","47621.00"
"TRAFFIC ENFORCEMENT AGENT","53985.00"
"POLICE OFFICER","59065.00"
"BOOKKEEPER","63227.00"
"TRAFFIC ENFORCEMENT AGENT","53985.00"
"POLICE OFFICER","109352.00"
"POLICE OFFICER","57976.00"
"SCHOOL SAFETY AGENT","56508.00"
"EVIDENCE AND PROPERTY CONTROL SPECIALIST","65303.00"
"POLICE OFFICER","109352.00"
"P.O. DET SPEC","119248.00"
"TRAFFIC ENFORCEMENT AGENT","53985.00"
"POLICE ADMINISTRATIVE AIDE","52521.00"
"SCHOOL SAFETY AGENT","41840.00"
"POLICE OFFICER","109352.00"
"POLICE OFFICER","55942.00"
"SERGEANT-","118056.00"
"SCHOOL SAFETY AGENT","56508.00"
"SCHOOL SAFETY AGENT","38287.00"
"INTELLIGENCE RESEARCH MANAGER-PD","154156.00"
"POLICE OFFICER","109352.00"
"SCHOOL SAFETY AGENT","43093.00"
"CRIME ANALYST","63667.00"
"SENIOR POLICE ADMINISTRATIVE AIDE","58707.00"
"SENIOR POLICE ADMINISTRATIVE AIDE","62815.00"
"POLICE ADMINISTRATIVE AIDE","48631.00"
"POLICE ADMINISTRATIVE AIDE","48631.00"
"POLICE ADMINISTRATIVE AIDE","55157.00"
"SENIOR POLICE ADMINISTRATIVE AIDE","62813.00"
"SENIOR POLICE ADMINISTRATIVE AIDE","58707.00"
"SENIOR POLICE ADMINISTRATIVE AIDE","63404.00"
"SENIOR POLICE ADMINISTRATIVE AIDE","62815.00"
"POLICE ADMINISTRATIVE AIDE","53494.00"
"POLICE ADMINISTRATIVE AIDE","50577.00"
"POLICE ADMINISTRATIVE AIDE","53400.00"
"SENIOR POLICE ADMINISTRATIVE AIDE","58707.00"
"SENIOR POLICE ADMINISTRATIVE AIDE","59810.00"
"POLICE ADMINISTRATIVE AIDE","54567.00"
"SENIOR POLICE ADMINISTRATIVE AIDE","60911.00"
"SENIOR POLICE ADMINISTRATIVE AIDE","56859.00"
"ASSOCIATE STAFF ANALYST","91464.00"
"POLICE ADMINISTRATIVE AIDE","54549.00"
"SENIOR POLICE ADMINISTRATIVE AIDE","58707.00"
"POLICE OFFICER","109352.00"
"POLICE OFFICER D/A DETECTIVE 2ND GR","134819.00"
"P.O. DA DET GR3","119980.00"
"LIEUTENANT","141943.00"
"POLICE OFFICER","109352.00"
"POLICE OFFICER","109352.00"
"LIEUTENANT","141684.00"
"P.O. DA DET GR3","119980.00"
"SERGEANT-","118056.00"
"LIEUTENANT","141943.00"
"LIEUTENANT","141684.00"
"SERGEANT-","97894.00"
"SERGEANT-","105606.00"
"POLICE OFFICER","109352.00"
"POLICE COMMUNICATIONS TECHNICIAN","61883.00"
"POLICE COMMUNICATIONS TECHNICIAN","61883.00"
"P.O. DA DET GR3","115390.00"
"SUPERVISING POLICE COMMUNICATIONS TECHNICIAN","79705.00"
"P.O. DA DET GR3","119980.00"
"SUPERVISING POLICE COMMUNICATIONS TECHNICIAN","79705.00"
"POLICE COMMUNICATIONS TECHNICIAN","61883.00"
"SERGEANT-","97894.00"
"SENIOR POLICE ADMINISTRATIVE AIDE","56859.00"
"POLICE COMMUNICATIONS TECHNICIAN","61883.00"
"SENIOR POLICE ADMINISTRATIVE AIDE","61054.00"
"POLICE COMMUNICATIONS TECHNICIAN","61883.00"
"POLICE COMMUNICATIONS TECHNICIAN","61883.00"
"POLICE OFFICER","109352.00"
"SENIOR POLICE ADMINISTRATIVE AIDE","64240.00"
"SUPERVISING POLICE COMMUNICATIONS TECHNICIAN","76443.00"
"SUPERVISING POLICE COMMUNICATIONS TECHNICIAN","79705.00"
"POLICE COMMUNICATIONS TECHNICIAN","61883.00"
"SUPERVISING POLICE COMMUNICATIONS TECHNICIAN","79705.00"
"POLICE COMMUNICATIONS TECHNICIAN","61883.00"
"SUPERVISING POLICE COMMUNICATIONS TECHNICIAN","69898.00"
"POLICE COMMUNICATIONS TECHNICIAN","58189.00"
"P.O. DET SPEC","119980.00"
"POLICE COMMUNICATIONS TECHNICIAN","61883.00"
"POLICE COMMUNICATIONS TECHNICIAN","61883.00"
"POLICE OFFICER","109352.00"
"POLICE OFFICER","109352.00"
"SUPERVISING POLICE COMMUNICATIONS TECHNICIAN","79705.00"
"POLICE OFFICER","109352.00"
"SCHOOL SAFETY AGENT","56508.00"
"DEPUTY CHIEF SURGEON","184441.00"
"POLICE ADMINISTRATIVE AIDE","54567.00"
"COMMUNITY ASSISTANT","43460.00"
"SCHOOL SAFETY AGENT","41797.00"
"SENIOR POLICE ADMINISTRATIVE AIDE","64240.00"
"ADMINISTRATIVE STAFF ANALYST","99783.00"
"ASSOCIATE STAFF ANALYST","96913.00"
"P.O. DA DET GR3","119980.00"
"POLICE OFFICER","109352.00"
"POLICE OFFICER","109352.00"
"POLICE OFFICER","109352.00"
"POLICE OFFICER","109352.00"
"CRIME ANALYST","63667.00"
"POLICE OFFICER","59065.00"
"SCHOOL CROSSING GUARD","44533.00"
"POLICE OFFICER","59065.00"
"POLICE COMMUNICATIONS TECHNICIAN","61883.00"
"SUPERVISING POLICE COMMUNICATIONS TECHNICIAN","76443.00"
"SENIOR POLICE ADMINISTRATIVE AIDE","63990.00"
"SCHOOL SAFETY AGENT","56508.00"
"POLICE COMMUNICATIONS TECHNICIAN","45704.00"
"TRAFFIC ENFORCEMENT AGENT","48769.00"
"POLICE OFFICER","109352.00"
"POLICE ADMINISTRATIVE AIDE","48631.00"
"POLICE OFFICER","109352.00"
"POLICE OFFICER","109352.00"
"Executive Program Specialist","260000.00"
"POLICE OFFICER","109352.00"
"POLICE OFFICER","60363.00"
"P.O. DA DET GR3","119429.00"
"POLICE OFFICER","109352.00"
"SERGEANT-","118056.00"
"LIEUTENANT","141943.00"
"P.O. DET SPEC","119980.00"
"LIEUTENANT","141684.00"
"POLICE OFFICER","109352.00"
"POLICE OFFICER","109352.00"
"SERGEANT-","118056.00"
"POLICE OFFICER","109352.00"
"POLICE OFFICER","109352.00"
"POLICE OFFICER","109352.00"
"LIEUTENANT","141684.00"
"SERGEANT-","118056.00"
"SERGEANT-","105606.00"
"SERGEANT-","105606.00"
"P.O. DA DET GR3","119429.00"
"P.O. DA DET GR3","119980.00"
"P.O. DET SPEC","119980.00"
"P.O. DA DET GR3","119314.00"
"P.O. DA DET GR3","119980.00"
"POLICE OFFICER","98155.00"
"P.O. DA DET GR3","119980.00"
"SERGEANT-","97894.00"
"P.O. DA DET GR3","119980.00"
"P.O. DA DET GR3","119980.00"
"POLICE OFFICER","109352.00"
"POLICE OFFICER","109352.00"
"POLICE OFFICER","109352.00"
"POLICE OFFICER D/A DETECTIVE 2ND GR","134819.00"
"SERGEANT-","96477.00"
"POLICE OFFICER","109352.00"
"POLICE OFFICER","109352.00"
"SERGEANT-","118056.00"
"POLICE OFFICER","105146.00"
"POLICE OFFICER","109352.00"
"P.O. DA DET GR3","119980.00"
"SERGEANT-","118056.00"
"P.O. DA DET GR3","119980.00"
"SERGEANT-","105606.00"
"P.O. DA DET GR3","119980.00"
"SERGEANT-","118056.00"
"POLICE OFFICER","109352.00"
"POLICE OFFICER","109352.00"
"POLICE OFFICER","109352.00"
"POLICE OFFICER","109352.00"
"P.O. DA DET GR3","119980.00"
"SERGEANT-","118056.00"
"POLICE OFFICER","109352.00"
"P.O. DET SPEC","119980.00"
"POLICE OFFICER","109352.00"
"POLICE OFFICER","109352.00"
"POLICE OFFICER","109352.00"
"SERGEANT-","115016.00"
"POLICE OFFICER","109352.00"
"POLICE OFFICER","109352.00"
"POLICE OFFICER","109352.00"
"POLICE OFFICER","109352.00"
"SERGEANT-","118056.00"
"SERGEANT-D/A SUPERVISOR DETECTIVE SQUAD","120744.00"
"SERGEANT-","105606.00"
"SERGEANT-","97894.00"
"SERGEANT-","96477.00"
"POLICE OFFICER","109352.00"
"POLICE OFFICER","109352.00"
"POLICE OFFICER","109352.00"
"SERGEANT-","118056.00"
"SERGEANT-","118056.00"
"POLICE OFFICER","109352.00"
"P.O. DA DET GR3","119980.00"
"POLICE OFFICER","109352.00"
"LIEUTENANT","141943.00"
"SERGEANT-","97894.00"
"SERGEANT-","118056.00"
"SERGEANT-","118056.00"
"P.O. DA DET GR3","119980.00"
"LIEUTENANT","141684.00"
"POLICE OFFICER","109352.00"
"SERGEANT-","105606.00"
"P.O. DA DET GR3","119248.00"
"POLICE OFFICER","109352.00"
"POLICE OFFICER","109352.00"
"P.O. DET SPEC","119980.00"
"P.O. DA DET GR3","119980.00"
"SERGEANT-","96477.00"
"P.O. DET SPEC","119980.00"
"P.O. DET SPEC","119314.00"
"P.O. DA DET GR3","115923.00"
"SERGEANT-D/A SPECIAL ASSIGNMENT","121048.00"
"POLICE OFFICER","109352.00"
"LIEUTENANT","141684.00"
"SERGEANT-","105606.00"
"P.O. DET SPEC","119429.00"
"POLICE OFFICER","109352.00"
"SERGEANT-","118056.00"
"SERGEANT-","118056.00"
"POLICE OFFICER","109352.00"
"SERGEANT-","96477.00"
"SERGEANT-","118056.00"
"P.O. DA DET GR3","119980.00"
"SERGEANT-","118056.00"
"POLICE OFFICER","109352.00"
"P.O. DET SPEC","119980.00"
"P.O. DET SPEC","119429.00"
"SERGEANT-","97894.00"
"P.O. DA DET GR3","119980.00"
"LIEUTENANT","141684.00"
"POLICE OFFICER","109352.00"
"POLICE OFFICER","109352.00"
"P.O. DET SPEC","119429.00"
"LIEUTENANT","141943.00"
"POLICE OFFICER","109352.00"
"POLICE OFFICER","109352.00"
"POLICE OFFICER","109352.00"
"POLICE OFFICER","109352.00"
"P.O. DA DET GR3","119980.00"
"SERGEANT-","97894.00"
"POLICE OFFICER","109352.00"
"P.O. DA DET GR3","119980.00"
"P.O. DET SPEC","119248.00"
"P.O. DA DET GR3","119980.00"
"POLICE OFFICER","109352.00"
"SERGEANT-","97894.00"
"POLICE OFFICER","109352.00"
"POLICE OFFICER","109352.00"
"LIEUTENANT","141943.00"
"LIEUTENANT","141943.00"
"POLICE OFFICER","109352.00"
"POLICE OFFICER D/A DETECTIVE 2ND GR","134819.00"
"SERGEANT-","97894.00"
"P.O. DET SPEC","119980.00"
"POLICE OFFICER","109352.00"
"POLICE OFFICER","109352.00"
"POLICE ADMINISTRATIVE AIDE","48631.00"
"P.O. DET SPEC","119429.00"
"POLICE OFFICER","109352.00"
"ASSOCIATE STAFF ANALYST","94159.00"
"STAFF ANALYST","69761.00"
"SCHOOL SAFETY AGENT","56508.00"
"POLICE OFFICER","59065.00"
"POLICE OFFICER","109352.00"
"POLICE ADMINISTRATIVE AIDE","48631.00"
"P.O. DA DET GR3","119429.00"
"SERGEANT-","96477.00"
"POLICE OFFICER","60363.00"
"SERGEANT-","118056.00"
"POLICE OFFICER","109352.00"
"POLICE OFFICER","109352.00"
"SERGEANT-","96477.00"
"SENIOR POLICE ADMINISTRATIVE AIDE","58707.00"
"POLICE OFFICER","109352.00"
"LIEUTENANT","141943.00"
"LIEUTENANT","141943.00"
"POLICE OFFICER","109352.00"
"POLICE OFFICER D/A DETECTIVE 2ND GR","134819.00"
"POLICE COMMUNICATIONS TECHNICIAN","44265.00"
"SENIOR POLICE ADMINISTRATIVE AIDE","58707.00"
"POLICE OFFICER","109352.00"
"POLICE OFFICER","109352.00"
"POLICE OFFICER","65387.00"
"POLICE ADMINISTRATIVE AIDE","48631.00"
"STAFF ANALYST","69631.00"
"SERGEANT-","97894.00"
"POLICE ADMINISTRATIVE AIDE","48631.00"
"POLICE OFFICER","109352.00"
"POLICE OFFICER","109352.00"
"POLICE OFFICER","109352.00"
"ASSOCIATE PUBLIC RECORDS OFFICER","72882.00"
"P.O. DA DET GR3","119980.00"
"SENIOR IT ARCHITECT","180738.00"
"P.O. DA DET GR3","119980.00"
"SERGEANT-","118056.00"
"POLICE OFFICER","109352.00"
"P.O. DA DET GR3","119248.00"
"POLICE OFFICER","109352.00"
"P.O. DA DET GR3","119314.00"
"POLICE OFFICER","109352.00"
"SERGEANT-","118056.00"
"EVIDENCE AND PROPERTY CONTROL SPECIALIST","65303.00"
"POLICE OFFICER","65387.00"
"TRAFFIC ENFORCEMENT AGENT","53985.00"
"PARALEGAL AIDE","68583.00"
"SENIOR POLICE ADMINISTRATIVE AIDE","58707.00"
"POLICE OFFICER","109352.00"
"PARALEGAL AIDE","62348.00"
"POLICE OFFICER","65387.00"
"SCHOOL SAFETY AGENT","56508.00"
"POLICE OFFICER","53790.00"
"POLICE OFFICER","109352.00"
"SERGEANT-","118056.00"
"POLICE OFFICER","60363.00"
"POLICE OFFICER","109352.00"
"POLICE OFFICER","109352.00"
"P.O. DET SPEC","119314.00"
"POLICE OFFICER","109352.00"
"TRAFFIC ENFORCEMENT AGENT","56044.00"
"TRAFFIC ENFORCEMENT AGENT","53985.00"
"SCHOOL SAFETY AGENT","56508.00"
"SERGEANT-","115016.00"
"POLICE OFFICER","109352.00"
"TRAFFIC ENFORCEMENT AGENT","53985.00"
"POLICE OFFICER","109352.00"
"TRAFFIC ENFORCEMENT AGENT","51725.00"
"ASSOCIATE TRAFFIC ENFORCEMENT AGENT","57817.00"
"ADMIN TRAFFIC ENF AGNT-UNION","88716.00"
"SERGEANT-","118056.00"
"SCHOOL SAFETY AGENT","56508.00"
"TRAFFIC ENFORCEMENT AGENT","53985.00"
"ASSOCIATE TRAFFIC ENFORCEMENT AGENT","57817.00"
"POLICE OFFICER","109352.00"
"TRAFFIC ENFORCEMENT AGENT","52413.00"
"ADMIN TRAFFIC ENF AGNT-UNION","84507.00"
"POLICE OFFICER","109352.00"
"POLICE OFFICER","109352.00"
"POLICE OFFICER","109352.00"
"CERTIFIED IT ADMINISTRATOR","114090.00"
"POLICE OFFICER","57976.00"
"P.O. DA DET GR3","119980.00"
"POLICE OFFICER","55942.00"
"SERGEANT-","118056.00"
"POLICE OFFICER","109352.00"
"SERGEANT-","118056.00"
"SERGEANT-","118056.00"
"SCHOOL SAFETY AGENT","56508.00"
"SCHOOL SAFETY AGENT","56508.00"
"POLICE OFFICER","109352.00"
"POLICE ADMINISTRATIVE AIDE","48631.00"
"POLICE OFFICER","109352.00"
"SCHOOL SAFETY AGENT","56508.00"
"SCHOOL SAFETY AGENT","56508.00"
"SCHOOL SAFETY AGENT","54862.00"
"SCHOOL SAFETY AGENT","56508.00"
"SCHOOL SAFETY AGENT","56508.00"
"SCHOOL SAFETY AGENT","56508.00"
"SCHOOL SAFETY AGENT","56508.00"
"SCHOOL SAFETY AGENT","56508.00"
"SERGEANT-","118056.00"
"SCHOOL SAFETY AGENT","56508.00"
"POLICE OFFICER","59065.00"
"POLICE OFFICER","109352.00"
"SCHOOL SAFETY AGENT","56508.00"
"SCHOOL SAFETY AGENT","56508.00"
"POLICE OFFICER","109352.00"
"SCHOOL SAFETY AGENT","56508.00"
"SCHOOL SAFETY AGENT","56508.00"
"SCHOOL SAFETY AGENT","56508.00"
"SCHOOL SAFETY AGENT","56508.00"
"SCHOOL SAFETY AGENT","56508.00"
"POLICE OFFICER","109352.00"
"SCHOOL SAFETY AGENT","53264.00"
"SCHOOL SAFETY AGENT","56508.00"
"SCHOOL SAFETY AGENT","56508.00"
"SCHOOL SAFETY AGENT","56508.00"
"SCHOOL SAFETY AGENT","56508.00"
"SCHOOL SAFETY AGENT","56508.00"
"SCHOOL SAFETY AGENT","54862.00"
"SCHOOL SAFETY AGENT","56508.00"
"SCHOOL SAFETY AGENT","56508.00"
"SCHOOL SAFETY AGENT","56508.00"
"POLICE OFFICER","60363.00"
"EXECUTIVE AGENCY COUNSEL","160317.00"
"SERGEANT-","118056.00"
"POLICE OFFICER","59065.00"
"TRAFFIC ENFORCEMENT AGENT","47621.00"
"SERGEANT-","96477.00"
"LIEUTENANT","141943.00"
"POLICE OFFICER","109352.00"
"SCHOOL SAFETY AGENT","44388.00"
"TRAFFIC ENFORCEMENT AGENT","49270.00"
"POLICE OFFICER","109352.00"
"POLICE OFFICER","109352.00"
"POLICE OFFICER","109352.00"
"SENIOR POLICE ADMINISTRATIVE AIDE","58707.00"
"SERGEANT-","96477.00"
"POLICE OFFICER","55942.00"
"CASE MANAGEMENT NURSE","106301.00"
"SERGEANT-","118056.00"
"POLICE OFFICER","55942.00"
"EVIDENCE AND PROPERTY CONTROL SPECIALIST","65303.00"
"POLICE OFFICER","109352.00"
"SENIOR POLICE ADMINISTRATIVE AIDE","63991.00"
"SENIOR POLICE ADMINISTRATIVE AIDE","58707.00"
"LIEUTENANT","141684.00"
"POLICE OFFICER","109352.00"
"POLICE OFFICER D/A DETECTIVE 2ND GR","134819.00"
"POLICE OFFICER","109352.00"
"POLICE OFFICER","109352.00"
"POLICE OFFICER","109352.00"
"SERGEANT-","118056.00"
"POLICE OFFICER","109352.00"
"P.O. DA DET GR3","119980.00"
"LIEUTENANT","141943.00"
"SERGEANT-","118056.00"
"POLICE OFFICER","109352.00"
"P.O. DET SPEC","119248.00"
"POLICE OFFICER","109352.00"
"POLICE OFFICER","109352.00"
"P.O. DA DET GR3","119980.00"
"POLICE OFFICER","109352.00"
"P.O. DA DET GR3","119980.00"
"P.O. DET SPEC","119980.00"
"SERGEANT-","118056.00"
"POLICE OFFICER","109352.00"
"POLICE OFFICER","109352.00"
"P.O. DET SPEC","119248.00"
"P.O. DA DET GR3","119248.00"
"POLICE OFFICER","109352.00"
"LIEUTENANT","141684.00"
"P.O. DA DET GR3","119429.00"
"POLICE OFFICER","109352.00"
"LIEUTENANT","141684.00"
"P.O. DA DET GR3","119980.00"
"POLICE OFFICER","109352.00"
"SERGEANT-","96477.00"
"P.O. DA DET GR3","119314.00"
"POLICE OFFICER","109352.00"
"POLICE OFFICER","109352.00"
"P.O. DA DET GR3","119980.00"
"POLICE OFFICER","109352.00"
"POLICE OFFICER","109352.00"
"P.O. DA DET GR3","119980.00"
"POLICE OFFICER","109352.00"
"P.O. DA DET GR3","119980.00"
"SERGEANT-","118056.00"
"POLICE OFFICER","109352.00"
"LIEUTENANT","141943.00"
"LIEUTENANT","141943.00"
"POLICE OFFICER","109352.00"
"POLICE OFFICER","109352.00"
"P.O. DA DET GR3","119980.00"
"POLICE OFFICER","109352.00"
"POLICE OFFICER","109352.00"
"POLICE OFFICER","109352.00"
"POLICE OFFICER","109352.00"
"POLICE OFFICER","105146.00"
"POLICE OFFICER","109352.00"
"P.O. DET SPEC","119980.00"
"P.O. DA DET GR3","119314.00"
"SERGEANT-","96477.00"
"POLICE OFFICER","109352.00"
"LIEUTENANT","141943.00"
"POLICE OFFICER","109352.00"
"POLICE OFFICER","109352.00"
"POLICE OFFICER","109352.00"
"POLICE OFFICER","109352.00"
"POLICE OFFICER","109352.00"
"POLICE OFFICER","109352.00"
"POLICE OFFICER","109352.00"
"POLICE OFFICER","109352.00"
"SERGEANT-","96477.00"
"SERGEANT-","118056.00"
"POLICE OFFICER","109352.00"
"SERGEANT-","118056.00"
"POLICE OFFICER","109352.00"
"POLICE OFFICER","109352.00"
"SERGEANT-","118056.00"
"POLICE OFFICER","109352.00"
"POLICE OFFICER","109352.00"
"SERGEANT-","97894.00"
"P.O. DA DET GR3","119980.00"
"P.O. DA DET GR3","119980.00"
"POLICE OFFICER","109352.00"
"SERGEANT-","97894.00"
"POLICE OFFICER","109352.00"
"POLICE OFFICER","109352.00"
"POLICE OFFICER","109352.00"
"POLICE OFFICER","109352.00"
"SERGEANT-","96477.00"
"POLICE OFFICER","109352.00"
"POLICE OFFICER","109352.00"
"LIEUTENANT","141684.00"
"POLICE OFFICER","109352.00"
"P.O. DA DET GR3","115923.00"
"LIEUTENANT","141943.00"
"SERGEANT-","96477.00"
"P.O. DA DET GR3","119980.00"
"P.O. DA DET GR3","119980.00"
"SERGEANT-","118056.00"
"POLICE OFFICER","109352.00"
"POLICE OFFICER","109352.00"
"POLICE OFFICER","109352.00"
"SERGEANT-","96477.00"
"P.O. DA DET GR3","119248.00"
"POLICE OFFICER","109352.00"
"SERGEANT-","118056.00"
"SERGEANT-","96477.00"
"POLICE OFFICER","109352.00"
"P.O. DA DET GR3","119314.00"
"POLICE OFFICER","109352.00"
"P.O. DET SPEC","119980.00"
"POLICE OFFICER","109352.00"
"P.O. DA DET GR3","119980.00"
"SERGEANT-","96477.00"
"POLICE OFFICER","109352.00"
"POLICE OFFICER","109352.00"
"POLICE OFFICER","109352.00"
"POLICE OFFICER","109352.00"
"POLICE OFFICER","109352.00"
"POLICE OFFICER","109352.00"
"POLICE OFFICER","109352.00"
"SERGEANT-","105606.00"
"P.O. DET SPEC","115923.00"
"POLICE OFFICER","109352.00"
"P.O. DA DET GR3","119980.00"
"POLICE OFFICER","109352.00"
"POLICE OFFICER","109352.00"
"P.O. DA DET GR3","119980.00"
"SERGEANT-","118056.00"
"LIEUTENANT","141684.00"
"POLICE OFFICER","109352.00"
"SERGEANT-","118056.00"
"SERGEANT-","97894.00"
"SERGEANT-","118056.00"
"P.O. DA DET GR3","119980.00"
"SERGEANT-","118056.00"
"SERGEANT-","96477.00"
"SERGEANT-","97894.00"
"P.O. DA DET GR3","119980.00"
"SERGEANT-","97894.00"
"SERGEANT-","118056.00"
"SERGEANT-","118056.00"
"P.O. DA DET GR3","119980.00"
"POLICE OFFICER","105146.00"
"P.O. DET SPEC","119429.00"
"POLICE OFFICER","109352.00"
"POLICE OFFICER","109352.00"
"P.O. DET SPEC","119980.00"
"POLICE OFFICER","109352.00"
"POLICE OFFICER","109352.00"
"SERGEANT-","118056.00"
"SERGEANT-","118056.00"
"P.O. DET SPEC","119248.00"
"POLICE OFFICER","109352.00"
"SERGEANT-","118056.00"
"POLICE OFFICER","109352.00"
"POLICE OFFICER","109352.00"
"LIEUTENANT","141943.00"
"SERGEANT-D/A SPECIAL ASSIGNMENT","120744.00"
"SERGEANT-D/A SUPERVISOR DETECTIVE SQUAD","120442.00"
"POLICE OFFICER","109352.00"
"POLICE OFFICER","109352.00"
"SERGEANT-","118056.00"
"SERGEANT-","118056.00"
"LIEUTENANT","141684.00"
"POLICE OFFICER","109352.00"
"SERGEANT-","97894.00"
"POLICE OFFICER","109352.00"
"LIEUTENANT","141684.00"
"POLICE OFFICER","109352.00"
"POLICE OFFICER","109352.00"
"POLICE OFFICER","109352.00"
"SERGEANT-","118056.00"
"POLICE OFFICER","109352.00"
"POLICE OFFICER","109352.00"
"P.O. DET SPEC","119314.00"
"P.O. DA DET GR3","119248.00"
"POLICE OFFICER","109352.00"
"POLICE OFFICER","109352.00"
"LIEUTENANT","141684.00"
"SERGEANT-","96477.00"
"P.O. DA DET GR3","119429.00"
"P.O. DA DET GR3","119980.00"
"SERGEANT-","96477.00"
"SERGEANT-","97894.00"
"POLICE OFFICER","109352.00"
"POLICE OFFICER","109352.00"
"POLICE OFFICER","109352.00"
"POLICE OFFICER","109352.00"
"SERGEANT-D/A SUPERVISOR DETECTIVE SQUAD","120442.00"
"SERGEANT-","105606.00"
"POLICE OFFICER","109352.00"
"POLICE OFFICER","109352.00"
"POLICE OFFICER","109352.00"
"SERGEANT-","118056.00"
"POLICE OFFICER","109352.00"
"POLICE OFFICER","109352.00"
"P.O. DA DET GR3","119980.00"
"LIEUTENANT","141943.00"
"POLICE OFFICER","109352.00"
"POLICE OFFICER","109352.00"
"POLICE OFFICER","109352.00"
"POLICE OFFICER","109352.00"
"P.O. DA DET GR3","119314.00"
"P.O. DA DET GR3","119980.00"
"POLICE OFFICER","109352.00"
"P.O. DA DET GR3","119980.00"
"SERGEANT-","118056.00"
"P.O. DA DET GR3","119980.00"
"P.O. DA DET GR3","119314.00"
"SERGEANT-","118056.00"
"POLICE OFFICER","109352.00"
"SERGEANT-","105606.00"
"POLICE OFFICER","109352.00"
"SERGEANT-D/A SPECIAL ASSIGNMENT","120442.00"
"POLICE OFFICER","109352.00"
"P.O. DA DET GR3","119429.00"
"POLICE OFFICER","109352.00"
"LIEUTENANT","141684.00"
"POLICE OFFICER","109352.00"
"LIEUTENANT","141684.00"
"SERGEANT-","118056.00"
"SERGEANT-","97894.00"
"POLICE OFFICER","109352.00"
"SERGEANT-","118056.00"
"LIEUTENANT","141943.00"
"P.O. DA DET GR3","119429.00"
"POLICE OFFICER","109352.00"
"SERGEANT-","118056.00"
"SERGEANT-","96477.00"
"SERGEANT-","96477.00"
"POLICE OFFICER","109352.00"
"LIEUTENANT","141684.00"
"LIEUTENANT","141943.00"
"LIEUTENANT","141684.00"
"POLICE OFFICER","109352.00"
"P.O. DA DET GR3","119980.00"
"POLICE OFFICER","109352.00"
"POLICE OFFICER","109352.00"
"SERGEANT-","118056.00"
"P.O. DA DET GR3","119248.00"
"POLICE OFFICER","109352.00"
"SERGEANT-","118056.00"
"POLICE OFFICER","65387.00"
"POLICE OFFICER","109352.00"
"SCHOOL SAFETY AGENT","40502.00"
"POLICE COMMUNICATIONS TECHNICIAN","61883.00"
"POLICE OFFICER","109352.00"
"SERGEANT-","96477.00"
"POLICE OFFICER","109352.00"
"POLICE OFFICER","109352.00"
"POLICE OFFICER","109352.00"
"SCHOOL SAFETY AGENT","56508.00"
"POLICE OFFICER","109352.00"
"POLICE OFFICER","109352.00"
"SERGEANT-","105606.00"
"TRAFFIC ENFORCEMENT AGENT","47621.00"
"LIEUTENANT","141943.00"
"POLICE OFFICER","65387.00"
"POLICE OFFICER","109352.00"
"SCHOOL SAFETY AGENT","56508.00"
"POLICE OFFICER","109352.00"
"POLICE ADMINISTRATIVE AIDE","48631.00"
"SENIOR PHOTOGRAPHER","69288.00"
"POLICE OFFICER","109352.00"
"SCHOOL SAFETY AGENT","44388.00"
"POLICE ATTENDANT","49688.00"
"POLICE OFFICER","57976.00"
"P.O. DET SPEC","119248.00"
"POLICE OFFICER","109352.00"
"SERGEANT-","118056.00"
"SERGEANT-","118056.00"
"POLICE OFFICER","59065.00"
"POLICE COMMUNICATIONS TECHNICIAN","41855.00"
"POLICE OFFICER","109352.00"
"BOOKKEEPER","67402.00"
"P.O. DET SPEC","119429.00"
"SERGEANT-","118056.00"
"P.O. DA DET GR3","119314.00"
"SERGEANT-","97894.00"
"P.O. DA DET GR3","119429.00"
"POLICE ADMINISTRATIVE AIDE","42288.00"
"PHOTOGRAPHER","56590.00"
"INVESTIGATOR","55437.00"
"POLICE COMMUNICATIONS TECHNICIAN","61883.00"
"PHOTOGRAPHER","56590.00"
"P.O. DA DET GR3","119980.00"
"TRAFFIC ENFORCEMENT AGENT","48128.00"
"POLICE OFFICER","109352.00"
"POLICE OFFICER","60363.00"
"CITY CUSTODIAL ASSISTANT","42898.00"
"SERGEANT-","118056.00"
"POLICE OFFICER","109352.00"
"P.O. DA DET GR3","119248.00"
"POLICE COMMUNICATIONS TECHNICIAN","44265.00"
"SERGEANT-","118056.00"
"POLICE OFFICER","109352.00"
"STOCK WORKER","50686.00"
"POLICE COMMUNICATIONS TECHNICIAN","45704.00"
"SCHOOL SAFETY AGENT","39206.00"
"POLICE OFFICER","109352.00"
"POLICE OFFICER","109352.00"
"POLICE OFFICER","109352.00"
"POLICE OFFICER","55942.00"
"POLICE OFFICER","109352.00"
"SERGEANT-","96477.00"
"SERGEANT-","96477.00"
"LIEUTENANT","141943.00"
"POLICE OFFICER","109352.00"
"P.O. DA DET GR3","119980.00"
"SERGEANT-","118056.00"
"LIEUTENANT","141943.00"
"SERGEANT-","96477.00"
"SERGEANT-","97894.00"
"SERGEANT-","97894.00"
"SERGEANT-","105606.00"
"P.O. DA DET GR3","119980.00"
"P.O. DA DET GR3","119980.00"
"LIEUTENANT","141684.00"
"POLICE OFFICER","109352.00"
"POLICE OFFICER","109352.00"
"SERGEANT-","118056.00"
"POLICE OFFICER","109352.00"
"P.O. DA DET GR3","119980.00"
"P.O. DA DET GR3","115215.00"
"P.O. DA DET GR3","119248.00"
"POLICE OFFICER","109352.00"
"P.O. DA DET GR3","119980.00"
"POLICE OFFICER","109352.00"
"SERGEANT-","97894.00"
"POLICE OFFICER","109352.00"
"POLICE OFFICER","109352.00"
"POLICE OFFICER","109352.00"
"POLICE OFFICER","109352.00"
"P.O. DA DET GR3","119980.00"
"POLICE OFFICER","109352.00"
"P.O. DA DET GR3","119980.00"
"POLICE OFFICER","109352.00"
"POLICE OFFICER","109352.00"
"POLICE OFFICER","109352.00"
"POLICE OFFICER","109352.00"
"P.O. DA DET GR3","119980.00"
"POLICE OFFICER","109352.00"
"SERGEANT-","118056.00"
"SERGEANT-","105606.00"
"POLICE OFFICER","109352.00"
"SERGEANT-","118056.00"
"SERGEANT-","118056.00"
"POLICE OFFICER","109352.00"
"P.O. DA DET GR3","115279.00"
"POLICE OFFICER","109352.00"
"POLICE OFFICER","109352.00"
"P.O. DA DET GR3","115923.00"
"POLICE OFFICER","109352.00"
"LIEUTENANT","141943.00"
"POLICE OFFICER","109352.00"
"POLICE OFFICER","109352.00"
"P.O. DET SPEC","119429.00"
"P.O. DA DET GR3","119980.00"
"SERGEANT-","105606.00"
"SERGEANT-","118056.00"
"LIEUTENANT","141943.00"
"P.O. DET SPEC","119248.00"
"POLICE OFFICER","109352.00"
"SERGEANT-","118056.00"
"P.O. DA DET GR3","119980.00"
"SERGEANT-","118056.00"
"POLICE OFFICER","109352.00"
"LIEUTENANT","141684.00"
"SERGEANT-","105606.00"
"SERGEANT-","97894.00"
"POLICE OFFICER","109352.00"
"LIEUTENANT","141943.00"
"POLICE OFFICER","109352.00"
"POLICE OFFICER","109352.00"
"POLICE OFFICER","109352.00"
"SERGEANT-","118056.00"
"POLICE OFFICER","109352.00"
"POLICE OFFICER","109352.00"
"SERGEANT-","97894.00"
"POLICE OFFICER","109352.00"
"POLICE OFFICER","109352.00"
"SERGEANT-","118056.00"
"SERGEANT-","97894.00"
"P.O. DA DET GR3","119980.00"
"SERGEANT-","96477.00"
"SERGEANT-","96477.00"
"POLICE OFFICER","109352.00"
"SERGEANT-","97894.00"
"SERGEANT-","118056.00"
"POLICE OFFICER","109352.00"
"SERGEANT-","118056.00"
"POLICE OFFICER","109352.00"
"SERGEANT-","96477.00"
"SERGEANT-","96477.00"
"SERGEANT-","97894.00"
"P.O. DA DET GR3","119980.00"
"POLICE OFFICER","109352.00"
"SERGEANT-","96477.00"
"P.O. DA DET GR3","119980.00"
"P.O. DA DET GR3","119980.00"
"POLICE OFFICER","109352.00"
"LIEUTENANT","141943.00"
"SERGEANT-","97894.00"
"SERGEANT-","118056.00"
"POLICE OFFICER","109352.00"
"P.O. DA DET GR3","119980.00"
"POLICE OFFICER","109352.00"
"LIEUTENANT","141943.00"
"P.O. DA DET GR3","119980.00"
"P.O. DA DET GR3","119980.00"
"SERGEANT-","96477.00"
"LIEUTENANT","141943.00"
"SERGEANT-","118056.00"
"P.O. DA DET GR3","119980.00"
"POLICE OFFICER","109352.00"
"POLICE OFFICER","109352.00"
"POLICE OFFICER","109352.00"
"SERGEANT-","118056.00"
"SERGEANT-","97894.00"
"POLICE OFFICER","109352.00"
"POLICE OFFICER","109352.00"
"POLICE OFFICER","109352.00"
"P.O. DA DET GR3","119980.00"
"SERGEANT-","118056.00"
"POLICE OFFICER","109352.00"
"P.O. DA DET GR3","119980.00"
"SERGEANT-","118056.00"
"POLICE OFFICER","109352.00"
"P.O. DET SPEC","119314.00"
"SERGEANT-","118056.00"
"POLICE OFFICER","109352.00"
"POLICE OFFICER","109352.00"
"SERGEANT-","97894.00"
"POLICE OFFICER","109352.00"
"SERGEANT-","118056.00"
"LIEUTENANT","141684.00"
"POLICE OFFICER","109352.00"
"P.O. DA DET GR3","119429.00"
"SERGEANT-","96477.00"
"POLICE OFFICER","109352.00"
"P.O. DA DET GR3","119248.00"
"P.O. DA DET GR3","119980.00"
"SERGEANT-","118056.00"
"SERGEANT-","97894.00"
"P.O. DA DET GR3","119980.00"
"POLICE OFFICER","109352.00"
"POLICE OFFICER","109352.00"
"LIEUTENANT","141684.00"
"P.O. DA DET GR3","119980.00"
"P.O. DET SPEC","119314.00"
"POLICE OFFICER","109352.00"
"POLICE OFFICER","105146.00"
"LIEUTENANT","141684.00"
"POLICE OFFICER","109352.00"
"POLICE OFFICER","109352.00"
"POLICE OFFICER","109352.00"
"POLICE OFFICER","109352.00"
"POLICE OFFICER","109352.00"
"POLICE OFFICER","109352.00"
"LIEUTENANT","141684.00"
"SERGEANT-","97894.00"
"SERGEANT-","118056.00"
"POLICE OFFICER","109352.00"
"POLICE OFFICER","109352.00"
"LIEUTENANT","141684.00"
"POLICE OFFICER","109352.00"
"POLICE OFFICER","109352.00"
"LIEUTENANT","141684.00"
"POLICE OFFICER","109352.00"
"POLICE OFFICER","109352.00"
"POLICE OFFICER","109352.00"
"SERGEANT-","118056.00"
"LIEUTENANT","141684.00"
"SERGEANT-","96477.00"
"POLICE OFFICER","109352.00"
"SERGEANT-","118056.00"
"P.O. DA DET GR3","119248.00"
"P.O. DA DET GR3","119314.00"
"SERGEANT-","96477.00"
"SERGEANT-","96477.00"
"POLICE OFFICER","109352.00"
"SERGEANT-","96477.00"
"SERGEANT-","97894.00"
"POLICE OFFICER","109352.00"
"POLICE OFFICER","109352.00"
"LIEUTENANT","141943.00"
"POLICE OFFICER","109352.00"
"P.O. DET SPEC","119980.00"
"POLICE OFFICER","109352.00"
"LIEUTENANT","141943.00"
"SERGEANT-","118056.00"
"POLICE OFFICER","109352.00"
"SERGEANT-","97894.00"
"POLICE OFFICER","109352.00"
"POLICE OFFICER","109352.00"
"POLICE OFFICER","109352.00"
"P.O. DA DET GR3","119248.00"
"SERGEANT-","118056.00"
"P.O. DA DET GR3","119429.00"
"LIEUTENANT","141684.00"
"POLICE OFFICER","109352.00"
"P.O. DA DET GR3","119980.00"
"POLICE OFFICER","109352.00"
"SERGEANT-","118056.00"
"P.O. DA DET GR3","119980.00"
"P.O. DET SPEC","119980.00"
"SERGEANT-","118056.00"
"POLICE OFFICER","109352.00"
"POLICE OFFICER","109352.00"
"POLICE OFFICER","109352.00"
"P.O. DA DET GR3","119248.00"
"P.O. DET SPEC","119429.00"
"LIEUTENANT","141943.00"
"POLICE OFFICER","109352.00"
"LIEUTENANT","141684.00"
"POLICE OFFICER","109352.00"
"P.O. DA DET GR3","119314.00"
"POLICE OFFICER","109352.00"
"POLICE OFFICER","109352.00"
"P.O. DA DET GR3","119980.00"
"POLICE OFFICER","109352.00"
"POLICE OFFICER","109352.00"
"POLICE OFFICER","109352.00"
"SERGEANT-","118056.00"
"SERGEANT-","118056.00"
"POLICE OFFICER","109352.00"
"POLICE OFFICER","109352.00"
"POLICE OFFICER","109352.00"
"P.O. DA DET GR3","119980.00"
"SERGEANT-","97894.00"
"SERGEANT-","97894.00"
"SERGEANT-","118056.00"
"P.O. DA DET GR3","119314.00"
"P.O. DA DET GR3","119429.00"
"P.O. DA DET GR3","119980.00"
"POLICE OFFICER","109352.00"
"SERGEANT-","96477.00"
"P.O. DA DET GR3","119248.00"
"SERGEANT-","118056.00"
"P.O. DA DET GR3","119980.00"
"SERGEANT-","105606.00"
"POLICE OFFICER","109352.00"
"POLICE OFFICER","109352.00"
"POLICE OFFICER","109352.00"
"P.O. DET SPEC","119248.00"
"POLICE OFFICER","109352.00"
"P.O. DA DET GR3","119980.00"
"P.O. DA DET GR3","111745.00"
"POLICE OFFICER","109352.00"
"P.O. DA DET GR3","119314.00"
"SERGEANT-","118056.00"
"POLICE OFFICER","109352.00"
"POLICE OFFICER","109352.00"
"POLICE OFFICER","109352.00"
"POLICE OFFICER","109352.00"
"P.O. DA DET GR3","119429.00"
"POLICE OFFICER","109352.00"
"LIEUTENANT","141684.00"
"P.O. DA DET GR3","119980.00"
"P.O. DA DET GR3","115923.00"
"SERGEANT-","118056.00"
"SERGEANT-","118056.00"
"POLICE OFFICER","109352.00"
"POLICE OFFICER","109352.00"
"SERGEANT-","97894.00"
"SERGEANT-","96477.00"
"POLICE OFFICER","109352.00"
"SERGEANT-","118056.00"
"SERGEANT-","118056.00"
"P.O. DET SPEC","119429.00"
"POLICE OFFICER","109352.00"
"POLICE OFFICER","105146.00"
"P.O. DA DET GR3","119980.00"
"P.O. DA DET GR3","119248.00"
"P.O. DA DET GR3","119980.00"
"P.O. DA DET GR3","119429.00"
"SERGEANT-","118056.00"
"POLICE OFFICER","109352.00"
"SERGEANT-","105606.00"
"POLICE OFFICER","109352.00"
"P.O. DA DET GR3","119980.00"
"SERGEANT-","118056.00"
"POLICE OFFICER","109352.00"
"POLICE OFFICER","109352.00"
"SERGEANT-","105606.00"
"P.O. DET SPEC","119314.00"
"P.O. DA DET GR3","119980.00"
"SERGEANT-","118056.00"
"SERGEANT-","97894.00"
"POLICE OFFICER","109352.00"
"SERGEANT-","97894.00"
"SERGEANT-","96477.00"
"POLICE OFFICER","109352.00"
"P.O. DET SPEC","119980.00"
"SERGEANT-","97894.00"
"POLICE OFFICER","109352.00"
"POLICE OFFICER","109352.00"
"POLICE OFFICER","109352.00"
"SERGEANT-","118056.00"
"POLICE OFFICER","109352.00"
"P.O. DA DET GR3","119980.00"
"SERGEANT-","96477.00"
"POLICE OFFICER","109352.00"
"POLICE OFFICER","109352.00"
"SERGEANT-","118056.00"
"POLICE OFFICER","109352.00"
"P.O. DA DET GR3","119980.00"
"SERGEANT-","118056.00"
"POLICE OFFICER","109352.00"
"LIEUTENANT","141684.00"
"POLICE OFFICER","109352.00"
"POLICE OFFICER","109352.00"
"P.O. DA DET GR3","119429.00"
"P.O. DA DET GR3","119980.00"
"POLICE OFFICER","109352.00"
"SUPERVISING POLICE COMMUNICATIONS TECHNICIAN","77196.00"
"POLICE COMMUNICATIONS TECHNICIAN","61883.00"
"POLICE OFFICER","109352.00"
"POLICE COMMUNICATIONS TECHNICIAN","61883.00"
"POLICE OFFICER","65387.00"
"PARALEGAL AIDE","60829.00"
"POLICE OFFICER","109352.00"
"POLICE OFFICER","109352.00"
"POLICE COMMUNICATIONS TECHNICIAN","61883.00"
"POLICE OFFICER","109352.00"
"POLICE OFFICER","109352.00"
"POLICE OFFICER","109352.00"
"POLICE OFFICER","55942.00"
"ACCOUNTANT","75685.00"
"SCHOOL SAFETY AGENT","40502.00"
"CRIMINALIST","106951.00"
"POLICE OFFICER","109352.00"
"CRIME ANALYST","63667.00"
"POLICE OFFICER","55942.00"
"POLICE OFFICER","109352.00"
"POLICE OFFICER","109352.00"
"POLICE OFFICER","55942.00"
"POLICE OFFICER","109352.00"
"POLICE OFFICER","109352.00"
"ADMINISTRATIVE STAFF ANALYST","146260.00"
"BOOKKEEPER","60796.00"
"STAFF ANALYST","69631.00"
"SCHOOL SAFETY AGENT","56508.00"
"TRAFFIC ENFORCEMENT AGENT","49830.00"
"SCHOOL CROSSING GUARD","44533.00"
"POLICE OFFICER","109352.00"
"POLICE OFFICER","109352.00"
"ACCOUNTANT","67868.00"
"STAFF ANALYST","80856.00"
"SCHOOL SAFETY AGENT","44283.00"
"POLICE COMMUNICATIONS TECHNICIAN","61883.00"
"POLICE OFFICER","55942.00"
"POLICE OFFICER","57976.00"
"POLICE COMMUNICATIONS TECHNICIAN","45704.00"
"POLICE ADMINISTRATIVE AIDE","48631.00"
"POLICE OFFICER","109352.00"
"POLICE OFFICER","55942.00"
"POLICE OFFICER","109352.00"
"INVESTIGATOR","55437.00"
"POLICE OFFICER","57976.00"
"SCHOOL SAFETY AGENT","56508.00"
"TRAFFIC ENFORCEMENT AGENT","53985.00"
"TRAFFIC ENFORCEMENT AGENT","41143.00"
"ASSOCIATE TRAFFIC ENFORCEMENT AGENT","57817.00"
"TRAFFIC ENFORCEMENT AGENT","53985.00"
"TRAFFIC ENFORCEMENT AGENT","53985.00"
"TRAFFIC ENFORCEMENT AGENT","53985.00"
"TRAFFIC ENFORCEMENT AGENT","53985.00"
"POLICE OFFICER","109352.00"
"POLICE OFFICER","109352.00"
"TRAFFIC ENFORCEMENT AGENT","54875.00"
"SCHOOL SAFETY AGENT","56508.00"
"SERGEANT-","118056.00"
"TRAFFIC ENFORCEMENT AGENT","49830.00"
"TRAFFIC ENFORCEMENT AGENT","52413.00"
"TRAFFIC ENFORCEMENT AGENT","53985.00"
"ASSOCIATE TRAFFIC ENFORCEMENT AGENT","57817.00"
"SCHOOL SAFETY AGENT","56508.00"
"POLICE OFFICER","109352.00"
"TRAFFIC ENFORCEMENT AGENT","53985.00"
"ASSOCIATE TRAFFIC ENFORCEMENT AGENT","57817.00"
"POLICE OFFICER","109352.00"
"TRAFFIC ENFORCEMENT AGENT","53985.00"
"TRAFFIC ENFORCEMENT AGENT","52413.00"
"POLICE OFFICER","109352.00"
"POLICE OFFICER","109352.00"
"POLICE OFFICER","59065.00"
"POLICE OFFICER","109352.00"
"TRAFFIC ENFORCEMENT AGENT","53985.00"
"TRAFFIC ENFORCEMENT AGENT","53985.00"
"POLICE OFFICER","109352.00"
"TRAFFIC ENFORCEMENT AGENT","53985.00"
"POLICE ADMINISTRATIVE AIDE","49390.00"
"SCHOOL SAFETY AGENT","56508.00"
"TRAFFIC ENFORCEMENT AGENT","52413.00"
"ASSOCIATE TRAFFIC ENFORCEMENT AGENT","57817.00"
"ADMIN TRAFFIC ENF AGNT-UNION","84507.00"
"POLICE OFFICER","55942.00"
"TRAFFIC ENFORCEMENT AGENT","53985.00"
"TRAFFIC ENFORCEMENT AGENT","52413.00"
"POLICE OFFICER","109352.00"
"TRAFFIC ENFORCEMENT AGENT","53985.00"
"TRAFFIC ENFORCEMENT AGENT","49270.00"
"ASSOCIATE TRAFFIC ENFORCEMENT AGENT","57817.00"
"TRAFFIC ENFORCEMENT AGENT","53985.00"
"TRAFFIC ENFORCEMENT AGENT","53985.00"
"ADMINISTRATIVE ACCOUNTANT","142485.00"
"TRAFFIC ENFORCEMENT AGENT","53985.00"
"SCHOOL SAFETY AGENT","54862.00"
"SCHOOL SAFETY AGENT","40502.00"
"EXECUTIVE AGENCY COUNSEL","185886.00"
"POLICE OFFICER","105146.00"
"POLICE COMMUNICATIONS TECHNICIAN","47222.00"
"AGENCY ATTORNEY","84945.00"
"CRIMINALIST","95722.00"
"POLICE OFFICER","109352.00"
"POLICE OFFICER","109352.00"
"SERGEANT-","118056.00"
"SERGEANT-","105606.00"
"POLICE OFFICER","109352.00"
"POLICE OFFICER","109352.00"
"POLICE OFFICER","109352.00"
"POLICE OFFICER","109352.00"
"SERGEANT-","118056.00"
"P.O. DA DET GR3","119980.00"
"P.O. DA DET GR3","119980.00"
"POLICE OFFICER","109352.00"
"SERGEANT-","118056.00"
"SERGEANT-","118056.00"
"P.O. DA DET GR3","119980.00"
"POLICE OFFICER","109352.00"
"SERGEANT-","118056.00"
"P.O. DA DET GR3","119980.00"
"POLICE OFFICER","109352.00"
"SERGEANT-","105606.00"
"POLICE OFFICER","109352.00"
"POLICE OFFICER","109352.00"
"POLICE OFFICER","109352.00"
"POLICE OFFICER","109352.00"
"P.O. DA DET GR3","119314.00"
"SERGEANT-","118056.00"
"POLICE OFFICER","109352.00"
"POLICE OFFICER","109352.00"
"POLICE OFFICER","109352.00"
"POLICE OFFICER","109352.00"
"POLICE OFFICER","59065.00"
"POLICE OFFICER","109352.00"
"POLICE OFFICER","109352.00"
"TRAFFIC ENFORCEMENT AGENT","48769.00"
"POLICE OFFICER","109352.00"
"POLICE COMMUNICATIONS TECHNICIAN","57805.00"
"P.O. DA DET GR3","119314.00"
"P.O. DET SPEC","119980.00"
"SERGEANT-","118056.00"
"SERGEANT-","118056.00"
"P.O. DA DET GR3","119314.00"
"POLICE COMMUNICATIONS TECHNICIAN","45704.00"
"POLICE OFFICER","109352.00"
"POLICE OFFICER","59065.00"
"POLICE OFFICER","109352.00"
"POLICE OFFICER","109352.00"
"POLICE OFFICER","59065.00"
"MOTOR VEHICLE OPERATOR","56194.00"
"MOTOR VEHICLE OPERATOR","58020.00"
"POLICE COMMUNICATIONS TECHNICIAN","47222.00"
"POLICE OFFICER","59065.00"
"POLICE COMMUNICATIONS TECHNICIAN","61883.00"
"POLICE OFFICER","65387.00"
"SCHOOL SAFETY AGENT","40502.00"
"POLICE OFFICER","65387.00"
"POLICE OFFICER","55942.00"
"POLICE OFFICER","65387.00"
"POLICE OFFICER","65387.00"
"POLICE OFFICER","65387.00"
"POLICE OFFICER","57976.00"
"POLICE OFFICER","109352.00"
"POLICE OFFICER","109352.00"
"POLICE OFFICER","59065.00"
"POLICE OFFICER","60363.00"
"SCHOOL SAFETY AGENT","56508.00"
"SCHOOL SAFETY AGENT","56508.00"
"SCHOOL SAFETY AGENT","56508.00"
"SCHOOL SAFETY AGENT","56508.00"
"SCHOOL SAFETY AGENT","56508.00"
"POLICE OFFICER","109352.00"
"SCHOOL SAFETY AGENT","56508.00"
"POLICE OFFICER","109352.00"
"SCHOOL SAFETY AGENT","56508.00"
"SCHOOL SAFETY AGENT","56508.00"
"SCHOOL SAFETY AGENT","54862.00"
"SCHOOL SAFETY AGENT","56508.00"
"SCHOOL SAFETY AGENT","56508.00"
"POLICE OFFICER","55942.00"
"SCHOOL SAFETY AGENT","56508.00"
"EVIDENCE AND PROPERTY CONTROL SPECIALIST","65303.00"
"SCHOOL SAFETY AGENT","56508.00"
"POLICE OFFICER","109352.00"
"SCHOOL SAFETY AGENT","56508.00"
"POLICE OFFICER","109352.00"
"POLICE OFFICER","109352.00"
"SCHOOL SAFETY AGENT","56508.00"
"SCHOOL SAFETY AGENT","56508.00"
"SCHOOL SAFETY AGENT","56508.00"
"SCHOOL SAFETY AGENT","54862.00"
"SCHOOL SAFETY AGENT","56508.00"
"SCHOOL SAFETY AGENT","56508.00"
"POLICE OFFICER","109352.00"
"SCHOOL SAFETY AGENT","56508.00"
"SCHOOL SAFETY AGENT","56508.00"
"SCHOOL SAFETY AGENT","56508.00"
"SCHOOL SAFETY AGENT","56508.00"
"SCHOOL SAFETY AGENT","56508.00"
"SERGEANT-","118056.00"
"POLICE OFFICER","55746.00"
"POLICE OFFICER","109352.00"
"POLICE OFFICER","109352.00"
"SCHOOL SAFETY AGENT","56508.00"
"SCHOOL SAFETY AGENT","56508.00"
"SCHOOL SAFETY AGENT","56508.00"
"SCHOOL SAFETY AGENT","56508.00"
"SCHOOL SAFETY AGENT","56508.00"
"POLICE OFFICER","109352.00"
"SCHOOL SAFETY AGENT","56508.00"
"POLICE OFFICER","109352.00"
"P.O. DA DET GR3","119980.00"
"POLICE OFFICER","109352.00"
"POLICE OFFICER","55942.00"
"POLICE OFFICER","109352.00"
"SCHOOL SAFETY AGENT","56508.00"
"POLICE OFFICER","109352.00"
"SCHOOL SAFETY AGENT","56508.00"
"SCHOOL SAFETY AGENT","56508.00"
"POLICE OFFICER","109352.00"
"POLICE OFFICER","55942.00"
"CITY CUSTODIAL ASSISTANT","42898.00"
"POLICE OFFICER","55942.00"
"STAFF ANALYST","80856.00"
"POLICE OFFICER","57976.00"
"POLICE COMMUNICATIONS TECHNICIAN","57805.00"
"POLICE OFFICER","109352.00"
"POLICE OFFICER","57976.00"
"POLICE OFFICER","60363.00"
"POLICE OFFICER","60363.00"
"P.O. DA DET GR3","119248.00"
"POLICE OFFICER","109352.00"
"CRIME ANALYST","63667.00"
"P.O. DA DET GR3","119980.00"
"POLICE OFFICER","109352.00"
"POLICE OFFICER","109352.00"
"POLICE OFFICER","109352.00"
"POLICE OFFICER","109352.00"
"POLICE OFFICER","109352.00"
"P.O. DA DET GR3","119980.00"
"POLICE OFFICER","109352.00"
"POLICE OFFICER","109352.00"
"POLICE OFFICER","109352.00"
"POLICE OFFICER","109352.00"
"P.O. DA DET GR3","119248.00"
"SERGEANT-","118056.00"
"SERGEANT-","118056.00"
"P.O. DA DET GR3","119980.00"
"POLICE OFFICER","109352.00"
"P.O. DET SPEC","119980.00"
"POLICE OFFICER","109352.00"
"POLICE OFFICER D/A DETECTIVE 2ND GR","134819.00"
"P.O. DA DET GR3","119429.00"
"POLICE OFFICER","109352.00"
"POLICE OFFICER","109352.00"
"SERGEANT-","118056.00"
"POLICE OFFICER","109352.00"
"SERGEANT-","105606.00"
"P.O. DA DET GR3","119248.00"
"POLICE OFFICER","109352.00"
"POLICE OFFICER","109352.00"
"POLICE OFFICER","109352.00"
"POLICE OFFICER","109352.00"
"P.O. DA DET GR3","119980.00"
"POLICE OFFICER","109352.00"
"P.O. DA DET GR3","119980.00"
"SERGEANT-","118056.00"
"P.O. DA DET GR3","119980.00"
"P.O. DA DET GR3","119980.00"
"POLICE OFFICER","109352.00"
"P.O. DA DET GR3","119980.00"
"POLICE OFFICER","109352.00"
"POLICE OFFICER","109352.00"
"P.O. DA DET GR3","119980.00"
"SERGEANT-","118056.00"
"POLICE OFFICER","109352.00"
"POLICE OFFICER","109352.00"
"POLICE OFFICER","109352.00"
"POLICE OFFICER","109352.00"
"POLICE OFFICER","109352.00"
"POLICE OFFICER","109352.00"
"SERGEANT-","118056.00"
"POLICE OFFICER","109352.00"
"POLICE OFFICER","109352.00"
"POLICE OFFICER","109352.00"
"POLICE OFFICER","109352.00"
"SCHOOL SAFETY AGENT","56508.00"
"SCHOOL SAFETY AGENT","56508.00"
"SCHOOL SAFETY AGENT","56508.00"
"POLICE OFFICER","109352.00"
"SCHOOL SAFETY AGENT","56508.00"
"SCHOOL SAFETY AGENT","56508.00"
"SCHOOL SAFETY AGENT","56508.00"
"SCHOOL SAFETY AGENT","56508.00"
"POLICE OFFICER","109352.00"
"POLICE OFFICER","109352.00"
"SERGEANT-","118056.00"
"POLICE OFFICER","109352.00"
"POLICE OFFICER","109352.00"
"SCHOOL SAFETY AGENT","56508.00"
"SCHOOL SAFETY AGENT","56508.00"
"SCHOOL SAFETY AGENT","56508.00"
"SCHOOL SAFETY AGENT","56508.00"
"POLICE OFFICER","109352.00"
"SCHOOL SAFETY AGENT","56508.00"
"SCHOOL SAFETY AGENT","56508.00"
"POLICE OFFICER","55942.00"
"SCHOOL SAFETY AGENT","56508.00"
"POLICE OFFICER","109352.00"
"POLICE OFFICER","109352.00"
"SCHOOL SAFETY AGENT","56508.00"
"SCHOOL SAFETY AGENT","56508.00"
"SCHOOL SAFETY AGENT","56508.00"
"POLICE OFFICER","55942.00"
"SCHOOL SAFETY AGENT","56508.00"
"POLICE OFFICER","55942.00"
"SCHOOL SAFETY AGENT","56508.00"
"POLICE OFFICER","60363.00"
"POLICE OFFICER","109352.00"
"SERGEANT-","118056.00"
"POLICE OFFICER","109352.00"
"SCHOOL SAFETY AGENT","56508.00"
"POLICE OFFICER","59065.00"
"P.O. DA DET GR3","119980.00"
"P.O. DA DET GR3","119980.00"
"POLICE OFFICER D/A DETECTIVE 2ND GR","134819.00"
"P.O. DA DET GR3","119980.00"
"POLICE OFFICER","109352.00"
"POLICE OFFICER","109352.00"
"POLICE OFFICER","109352.00"
"POLICE OFFICER","109352.00"
"POLICE OFFICER","109352.00"
"P.O. DA DET GR3","119429.00"
"POLICE OFFICER","109352.00"
"SERGEANT-","118056.00"
"SERGEANT-","118056.00"
"POLICE OFFICER","109352.00"
"P.O. DA DET GR3","119314.00"
"SERGEANT-","118056.00"
"P.O. DA DET GR3","119248.00"
"POLICE OFFICER","109352.00"
"SERGEANT-","105606.00"
"P.O. DA DET GR3","119429.00"
"POLICE OFFICER","109352.00"
"P.O. DET SPEC","119429.00"
"SERGEANT-","118056.00"
"POLICE OFFICER","109352.00"
"SERGEANT-","105606.00"
"SERGEANT-","118056.00"
"POLICE OFFICER","109352.00"
"POLICE OFFICER","109352.00"
"P.O. DA DET GR3","119980.00"
"POLICE OFFICER","109352.00"
"SERGEANT-","118056.00"
"POLICE OFFICER","109352.00"
"SERGEANT-","105606.00"
"P.O. DA DET GR3","119429.00"
"POLICE OFFICER","109352.00"
"SERGEANT-","118056.00"
"SERGEANT-","118056.00"
"POLICE OFFICER","109352.00"
"SERGEANT-","118056.00"
"POLICE OFFICER","109352.00"
"POLICE OFFICER","109352.00"
"P.O. DA DET GR3","119314.00"
"SERGEANT-","118056.00"
"POLICE OFFICER","109352.00"
"POLICE OFFICER","109352.00"
"P.O. DA DET GR3","119314.00"
"POLICE OFFICER","109352.00"
"POLICE OFFICER","109352.00"
"SERGEANT-","118056.00"
"POLICE OFFICER","109352.00"
"POLICE OFFICER","109352.00"
"POLICE OFFICER","109352.00"
"SERGEANT-","118056.00"
"P.O. DA DET GR3","119980.00"
"POLICE OFFICER","109352.00"
"P.O. DA DET GR3","119980.00"
"SERGEANT-","118056.00"
"P.O. DET SPEC","119980.00"
"POLICE OFFICER","109352.00"
"P.O. DA DET GR3","119980.00"
"POLICE OFFICER","109352.00"
"POLICE OFFICER","109352.00"
"POLICE OFFICER","109352.00"
"POLICE OFFICER","109352.00"
"POLICE OFFICER","109352.00"
"POLICE OFFICER","109352.00"
"POLICE OFFICER","109352.00"
"POLICE OFFICER","109352.00"
"POLICE OFFICER","109352.00"
"P.O. DA DET GR3","119314.00"
"P.O. DA DET GR3","119248.00"
"POLICE OFFICER","109352.00"
"POLICE OFFICER","109352.00"
"POLICE OFFICER","109352.00"
"SERGEANT-","118056.00"
"SERGEANT-","118056.00"
"POLICE OFFICER","109352.00"
"SERGEANT-","118056.00"
"POLICE OFFICER","109352.00"
"POLICE OFFICER","109352.00"
"POLICE OFFICER","109352.00"
"P.O. DA DET GR3","119980.00"
"POLICE OFFICER","109352.00"
"POLICE OFFICER","109352.00"
"SERGEANT-","118056.00"
"POLICE OFFICER","109352.00"
"POLICE OFFICER","109352.00"
"P.O. DA DET GR3","119980.00"
"POLICE OFFICER","109352.00"
"POLICE OFFICER","109352.00"
"POLICE OFFICER","109352.00"
"POLICE OFFICER","109352.00"
"POLICE OFFICER","109352.00"
"SERGEANT-","118056.00"
"POLICE OFFICER","109352.00"
"P.O. DA DET GR3","119248.00"
"P.O. DA DET GR3","119429.00"
"POLICE OFFICER","109352.00"
"POLICE OFFICER","109352.00"
"POLICE OFFICER","109352.00"
"SERGEANT-","118056.00"
"SERGEANT-","118056.00"
"SERGEANT-","118056.00"
"P.O. DA DET GR3","119980.00"
"POLICE OFFICER","109352.00"
"POLICE OFFICER","109352.00"
"P.O. DA DET GR3","119248.00"
"P.O. DA DET GR3","119980.00"
"POLICE OFFICER","109352.00"
"POLICE OFFICER","109352.00"
"POLICE OFFICER","109352.00"
"POLICE OFFICER","109352.00"
"POLICE OFFICER","109352.00"
"P.O. DET SPEC","119980.00"
"POLICE OFFICER","109352.00"
"POLICE OFFICER","109352.00"
"POLICE OFFICER","109352.00"
"SERGEANT-","118056.00"
"P.O. DET SPEC","119314.00"
"P.O. DA DET GR3","119980.00"
"POLICE OFFICER","109352.00"
"POLICE OFFICER","109352.00"
"POLICE OFFICER","109352.00"
"POLICE OFFICER","109352.00"
"POLICE OFFICER","109352.00"
"SERGEANT-","118056.00"
"POLICE OFFICER","109352.00"
"POLICE OFFICER","109352.00"
"POLICE OFFICER","109352.00"
"P.O. DA DET GR3","119980.00"
"POLICE OFFICER","109352.00"
"POLICE OFFICER","109352.00"
"POLICE OFFICER","109352.00"
"POLICE OFFICER","109352.00"
"POLICE OFFICER","109352.00"
"POLICE OFFICER","109352.00"
"SERGEANT-","118056.00"
"POLICE OFFICER","109352.00"
"SERGEANT-","118056.00"
"POLICE OFFICER","109352.00"
"POLICE OFFICER","109352.00"
"SERGEANT-","118056.00"
"P.O. DET SPEC","119314.00"
"SERGEANT-","105606.00"
"POLICE OFFICER","109352.00"
"P.O. DA DET GR3","119980.00"
"POLICE OFFICER","109352.00"
"POLICE OFFICER","109352.00"
"P.O. DET SPEC","119980.00"
"POLICE OFFICER","109352.00"
"POLICE OFFICER","109352.00"
"POLICE OFFICER","109352.00"
"POLICE OFFICER","109352.00"
"POLICE OFFICER","109352.00"
"P.O. DA DET GR3","119429.00"
"POLICE OFFICER","109352.00"
"POLICE OFFICER","109352.00"
"POLICE OFFICER","109352.00"
"P.O. DA DET GR3","119314.00"
"POLICE OFFICER","109352.00"
"SERGEANT-","118056.00"
"POLICE OFFICER","105146.00"
"POLICE OFFICER","109352.00"
"P.O. DA DET GR3","119980.00"
"POLICE OFFICER","109352.00"
"SERGEANT-","118056.00"
"P.O. DET SPEC","119980.00"
"SERGEANT-","118056.00"
"SERGEANT-","118056.00"
"P.O. DA DET GR3","119980.00"
"P.O. DA DET GR3","119980.00"
"P.O. DET SPEC","119980.00"
"POLICE OFFICER","109352.00"
"POLICE OFFICER","109352.00"
"POLICE OFFICER","109352.00"
"POLICE OFFICER","109352.00"
"POLICE OFFICER","109352.00"
"SERGEANT-","105606.00"
"POLICE OFFICER","109352.00"
"POLICE OFFICER","109352.00"
"POLICE OFFICER","109352.00"
"POLICE OFFICER","109352.00"
"POLICE OFFICER","109352.00"
"P.O. DA DET GR3","119980.00"
"P.O. DA DET GR3","107560.00"
"POLICE OFFICER","109352.00"
"SERGEANT-","118056.00"
"SERGEANT-","118056.00"
"POLICE OFFICER","109352.00"
"SERGEANT-","118056.00"
"POLICE OFFICER","109352.00"
"POLICE OFFICER","109352.00"
"POLICE OFFICER","109352.00"
"POLICE OFFICER","109352.00"
"POLICE OFFICER","109352.00"
"P.O. DA DET GR3","119429.00"
"POLICE OFFICER","109352.00"
"POLICE OFFICER","109352.00"
"P.O. DA DET GR3","119314.00"
"SERGEANT-","115016.00"
"P.O. DA DET GR3","119248.00"
"POLICE OFFICER","109352.00"
"POLICE OFFICER","109352.00"
"POLICE OFFICER","109352.00"
"P.O. DA DET GR3","119248.00"
"POLICE OFFICER","109352.00"
"P.O. DET SPEC","119980.00"
"POLICE OFFICER","109352.00"
"POLICE OFFICER","109352.00"
"POLICE OFFICER","109352.00"
"P.O. DET SPEC","119314.00"
"POLICE OFFICER","109352.00"
"POLICE OFFICER","109352.00"
"POLICE OFFICER","109352.00"
"P.O. DA DET GR3","119980.00"
"P.O. DA DET GR3","119429.00"
"POLICE OFFICER","109352.00"
"SERGEANT-","118056.00"
"P.O. DA DET GR3","119248.00"
"POLICE OFFICER","109352.00"
"SERGEANT-","118056.00"
"P.O. DA DET GR3","119314.00"
"POLICE OFFICER","109352.00"
"POLICE OFFICER","109352.00"
"POLICE OFFICER","109352.00"
"POLICE OFFICER","105146.00"
"POLICE OFFICER","109352.00"
"POLICE OFFICER","109352.00"
"P.O. DA DET GR3","119248.00"
"POLICE OFFICER","109352.00"
"SERGEANT-","118056.00"
"P.O. DA DET GR3","119314.00"
"POLICE OFFICER","109352.00"
"POLICE OFFICER","109352.00"
"POLICE OFFICER","109352.00"
"P.O. DA DET GR3","119248.00"
"POLICE OFFICER","109352.00"
"POLICE OFFICER","109352.00"
"POLICE OFFICER","109352.00"
"POLICE OFFICER","109352.00"
"POLICE OFFICER","109352.00"
"P.O. DA DET GR3","119980.00"
"P.O. DA DET GR3","119429.00"
"POLICE OFFICER","109352.00"
"POLICE OFFICER","109352.00"
"POLICE OFFICER","109352.00"
"POLICE OFFICER","109352.00"
"P.O. DET SPEC","119980.00"
"POLICE OFFICER","109352.00"
"P.O. DA DET GR3","119248.00"
"SERGEANT-","118056.00"
"POLICE OFFICER","109352.00"
"POLICE OFFICER","109352.00"
"POLICE OFFICER","109352.00"
"POLICE OFFICER","109352.00"
"POLICE OFFICER","109352.00"
"POLICE OFFICER","109352.00"
"POLICE OFFICER","109352.00"
"POLICE OFFICER","109352.00"
"POLICE OFFICER","109352.00"
"POLICE OFFICER","109352.00"
"POLICE OFFICER","109352.00"
"POLICE OFFICER","109352.00"
"POLICE OFFICER","109352.00"
"SERGEANT-","105606.00"
"POLICE OFFICER D/A DETECTIVE 2ND GR","134819.00"
"POLICE OFFICER","109352.00"
"SERGEANT-","118056.00"
"POLICE OFFICER","109352.00"
"SERGEANT-","105606.00"
"POLICE OFFICER","109352.00"
"SERGEANT-","105606.00"
"POLICE OFFICER","109352.00"
"P.O. DA DET GR3","119980.00"
"POLICE OFFICER","109352.00"
"P.O. DA DET GR3","119314.00"
"POLICE OFFICER","105146.00"
"SERGEANT-","105606.00"
"POLICE OFFICER","109352.00"
"POLICE OFFICER","109352.00"
"POLICE OFFICER","109352.00"
"POLICE OFFICER","109352.00"
"POLICE OFFICER","109352.00"
"SERGEANT-","105606.00"
"POLICE OFFICER","109352.00"
"POLICE OFFICER","109352.00"
"POLICE OFFICER","109352.00"
"SERGEANT-","105606.00"
"POLICE OFFICER","109352.00"
"POLICE OFFICER","109352.00"
"POLICE OFFICER","109352.00"
"POLICE OFFICER","109352.00"
"POLICE OFFICER","109352.00"
"P.O. DA DET GR3","119980.00"
"POLICE OFFICER","109352.00"
"POLICE OFFICER","109352.00"
"POLICE OFFICER","109352.00"
"P.O. DA DET GR3","119314.00"
"POLICE OFFICER","109352.00"
"P.O. DA DET GR3","119429.00"
"POLICE OFFICER","109352.00"
"SERGEANT-","118056.00"
"SERGEANT-","118056.00"
"POLICE OFFICER","109352.00"
"POLICE OFFICER","109352.00"
"SERGEANT-","118056.00"
"POLICE OFFICER","109352.00"
"POLICE OFFICER","105146.00"
"POLICE OFFICER","109352.00"
"POLICE OFFICER","109352.00"
"POLICE OFFICER","109352.00"
"POLICE OFFICER","109352.00"
"POLICE OFFICER","109352.00"
"POLICE OFFICER","109352.00"
"POLICE OFFICER","109352.00"
"SERGEANT-","118056.00"
"P.O. DET SPEC","119980.00"
"POLICE OFFICER","105146.00"
"POLICE OFFICER","109352.00"
"SERGEANT-","118056.00"
"POLICE OFFICER","109352.00"
"POLICE OFFICER","109352.00"
"POLICE OFFICER","109352.00"
"POLICE OFFICER","109352.00"
"P.O. DA DET GR3","119248.00"
"POLICE OFFICER","109352.00"
"SERGEANT-","105606.00"
"POLICE OFFICER","109352.00"
"POLICE OFFICER","109352.00"
"P.O. DA DET GR3","119429.00"
"POLICE OFFICER","109352.00"
"SERGEANT-","118056.00"
"POLICE OFFICER","109352.00"
"POLICE OFFICER","109352.00"
"POLICE OFFICER","109352.00"
"POLICE OFFICER","109352.00"
"POLICE OFFICER","109352.00"
"P.O. DA DET GR3","119980.00"
"POLICE OFFICER","109352.00"
"POLICE OFFICER","109352.00"
"POLICE OFFICER","109352.00"
"POLICE OFFICER","109352.00"
"POLICE OFFICER","109352.00"
"POLICE OFFICER","109352.00"
"SERGEANT-","105606.00"
"POLICE OFFICER","109352.00"
"P.O. DA DET GR3","119980.00"
"POLICE OFFICER","57976.00"
"POLICE OFFICER","109352.00"
"POLICE OFFICER","109352.00"
"POLICE OFFICER","105146.00"
"POLICE OFFICER","109352.00"
"POLICE OFFICER","109352.00"
"POLICE OFFICER","109352.00"
"POLICE OFFICER","109352.00"
"SERGEANT-","118056.00"
"SERGEANT-","115016.00"
"SERGEANT-","105606.00"
"POLICE OFFICER","109352.00"
"POLICE OFFICER","109352.00"
"POLICE OFFICER","109352.00"
"POLICE OFFICER","109352.00"
"POLICE OFFICER","109352.00"
"SERGEANT-","105606.00"
"POLICE OFFICER","109352.00"
"P.O. DA DET GR3","119314.00"
"POLICE OFFICER","109352.00"
"POLICE OFFICER","109352.00"
"POLICE OFFICER","109352.00"
"SERGEANT-","118056.00"
"POLICE OFFICER","109352.00"
"P.O. DA DET GR3","119314.00"
"POLICE OFFICER","109352.00"
"POLICE OFFICER","109352.00"
"SERGEANT-","118056.00"
"POLICE OFFICER","109352.00"
"POLICE OFFICER","109352.00"
"SERGEANT-","118056.00"
"POLICE OFFICER","109352.00"
"POLICE OFFICER","109352.00"
"POLICE OFFICER","109352.00"
"POLICE OFFICER","109352.00"
"POLICE OFFICER","109352.00"
"P.O. DA DET GR3","119248.00"
"POLICE OFFICER","109352.00"
"SERGEANT-","118056.00"
"POLICE OFFICER","109352.00"
"POLICE OFFICER","109352.00"
"POLICE OFFICER","109352.00"
"POLICE OFFICER","109352.00"
"POLICE OFFICER","109352.00"
"POLICE OFFICER","109352.00"
"POLICE ADMINISTRATIVE AIDE","48631.00"
"EVIDENCE AND PROPERTY CONTROL SPECIALIST","65303.00"
"POLICE OFFICER","109352.00"
"CITY CUSTODIAL ASSISTANT","42898.00"
"POLICE COMMUNICATIONS TECHNICIAN","61883.00"
"POLICE OFFICER","55942.00"
"COMMUNITY COORDINATOR","72298.00"
"CITY CUSTODIAL ASSISTANT","47188.00"
"POLICE COMMUNICATIONS TECHNICIAN","57805.00"
"POLICE OFFICER","109352.00"
"POLICE OFFICER","57976.00"
"COMPUTER ASSOCIATE","95829.00"
"POLICE COMMUNICATIONS TECHNICIAN","57805.00"
"TRAFFIC ENFORCEMENT AGENT","47349.00"
"SUPERVISING POLICE COMMUNICATIONS TECHNICIAN","69898.00"
"POLICE OFFICER","109352.00"
"PRINCIPAL POLICE COMMUNICATION TECHNICIAN","91941.00"
"P.O. DA DET GR3","119248.00"
"POLICE COMMUNICATIONS TECHNICIAN","61883.00"
"POLICE COMMUNICATIONS TECHNICIAN","61883.00"
"POLICE COMMUNICATIONS TECHNICIAN","61883.00"
"POLICE COMMUNICATIONS TECHNICIAN","61883.00"
"POLICE COMMUNICATIONS TECHNICIAN","61883.00"
"INTELLIGENCE RESEARCH SPECIALIST-PD","104917.00"
"POLICE OFFICER","60363.00"
"POLICE OFFICER","55942.00"
"POLICE OFFICER","57976.00"
"POLICE OFFICER","65387.00"
"SCHOOL SAFETY AGENT","38177.00"
"POLICE OFFICER","109352.00"
"POLICE OFFICER","65387.00"
"SENIOR POLICE ADMINISTRATIVE AIDE","58707.00"
"SCHOOL SAFETY AGENT","41797.00"
"P.O. DA DET GR3","119314.00"
"POLICE OFFICER","65387.00"
"SENIOR POLICE ADMINISTRATIVE AIDE","58707.00"
"POLICE ADMINISTRATIVE AIDE","52521.00"
"SENIOR POLICE ADMINISTRATIVE AIDE","58707.00"
"POLICE OFFICER","109352.00"
"SENIOR POLICE ADMINISTRATIVE AIDE","58707.00"
"SENIOR POLICE ADMINISTRATIVE AIDE","58707.00"
"POLICE ADMINISTRATIVE AIDE","48631.00"
"SENIOR POLICE ADMINISTRATIVE AIDE","58707.00"
"SENIOR POLICE ADMINISTRATIVE AIDE","58707.00"
"SENIOR POLICE ADMINISTRATIVE AIDE","58707.00"
"POLICE OFFICER","109352.00"
"SENIOR POLICE ADMINISTRATIVE AIDE","58707.00"
"SUPERVISOR OF STOCK WORKERS","56687.00"
"SENIOR IT ARCHITECT","188025.00"
"EXECUTIVE AGENCY COUNSEL","157152.00"
"SENIOR POLICE ADMINISTRATIVE AIDE","58707.00"
"POLICE OFFICER","55942.00"
"POLICE COMMUNICATIONS TECHNICIAN","57805.00"
"POLICE OFFICER","109352.00"
"POLICE OFFICER","109352.00"
"POLICE OFFICER","55942.00"
"POLICE OFFICER","65387.00"
"SCHOOL SAFETY AGENT","36955.00"
"POLICE OFFICER","109352.00"
"POLICE ATTENDANT","49688.00"
"POLICE COMMUNICATIONS TECHNICIAN","61883.00"
"POLICE COMMUNICATIONS TECHNICIAN","57805.00"
"POLICE COMMUNICATIONS TECHNICIAN","59935.00"
"POLICE OFFICER","109352.00"
"POLICE ADMINISTRATIVE AIDE","48631.00"
"SENIOR POLICE ADMINISTRATIVE AIDE","58707.00"
"SENIOR POLICE ADMINISTRATIVE AIDE","58707.00"
"SENIOR POLICE ADMINISTRATIVE AIDE","58707.00"
"SENIOR POLICE ADMINISTRATIVE AIDE","58707.00"
"SENIOR POLICE ADMINISTRATIVE AIDE","58707.00"
"POLICE ADMINISTRATIVE AIDE","50577.00"
"FITNESS INSTRUCTOR","62842.00"
"CERTIFIED IT ADMINISTRATOR","109518.00"
"POLICE OFFICER","59065.00"
"AGENCY ATTORNEY","125139.00"
"POLICE OFFICER","109352.00"
"POLICE OFFICER","60363.00"
"POLICE OFFICER","59065.00"
"CRIMINALIST","64029.00"
"POLICE OFFICER","55942.00"
"POLICE OFFICER","59065.00"
"STAFF ANALYST TRAINEE","54557.00"
"COMPUTER OPERATIONS MANAGER","197822.00"
"CRIMINALIST","95618.00"
"POLICE OFFICER","109352.00"
"POLICE COMMUNICATIONS TECHNICIAN","44265.00"
"POLICE OFFICER","55942.00"
"SCHOOL SAFETY AGENT","39206.00"
"TRAFFIC ENFORCEMENT AGENT","48128.00"
"POLICE OFFICER","55942.00"
"TRAFFIC ENFORCEMENT AGENT","53985.00"
"POLICE OFFICER","62872.00"
"ASSOCIATE TRAFFIC ENFORCEMENT AGENT","57817.00"
"TRAFFIC ENFORCEMENT AGENT","53985.00"
"POLICE OFFICER","109352.00"
"POLICE OFFICER","59065.00"
"POLICE OFFICER","109352.00"
"POLICE OFFICER","109352.00"
"SERGEANT-","118056.00"
"TRAFFIC ENFORCEMENT AGENT","53985.00"
"TRAFFIC ENFORCEMENT AGENT","53985.00"
"TRAFFIC ENFORCEMENT AGENT","48769.00"
"POLICE OFFICER","59065.00"
"TRAFFIC ENFORCEMENT AGENT","53985.00"
"TRAFFIC ENFORCEMENT AGENT","53985.00"
"TRAFFIC ENFORCEMENT AGENT","46442.00"
"TRAFFIC ENFORCEMENT AGENT","49270.00"
"TRAFFIC ENFORCEMENT AGENT","47835.00"
"POLICE OFFICER","60363.00"
"TRAFFIC ENFORCEMENT AGENT","53985.00"
"POLICE OFFICER","109352.00"
"TRAFFIC ENFORCEMENT AGENT","53985.00"
"TRAFFIC ENFORCEMENT AGENT","53985.00"
"TRAFFIC ENFORCEMENT AGENT","53985.00"
"TRAFFIC ENFORCEMENT AGENT","53985.00"
"POLICE OFFICER","55942.00"
"ASSOCIATE TRAFFIC ENFORCEMENT AGENT","57817.00"
"INTELLIGENCE RESEARCH SPECIALIST-PD","94438.00"
"POLICE OFFICER","109352.00"
"POLICE OFFICER","55942.00"
"CRIMINALIST","95618.00"
"COMPUTER OPERATIONS MANAGER","146595.00"
"POLICE OFFICER","55942.00"
"POLICE OFFICER","109352.00"
"POLICE OFFICER","65387.00"
"TRAFFIC ENFORCEMENT AGENT","46442.00"
"POLICE OFFICER","65387.00"
"SCHOOL SAFETY AGENT","40502.00"
"POLICE OFFICER","55942.00"
"SCHOOL SAFETY AGENT","56508.00"
"POLICE OFFICER","109352.00"
"SCHOOL SAFETY AGENT","56508.00"
"POLICE OFFICER","55942.00"
"SCHOOL SAFETY AGENT","44388.00"
"SCHOOL SAFETY AGENT","56508.00"
"SCHOOL SAFETY AGENT","56508.00"
"SCHOOL SAFETY AGENT","56508.00"
"POLICE OFFICER","65387.00"
"SCHOOL SAFETY AGENT","56508.00"
"POLICE OFFICER","109352.00"
"SCHOOL SAFETY AGENT","56508.00"
"POLICE OFFICER","109352.00"
"POLICE OFFICER","109352.00"
"EVIDENCE AND PROPERTY CONTROL SPECIALIST","65303.00"
"SCHOOL SAFETY AGENT","53264.00"
"SCHOOL SAFETY AGENT","56508.00"
"SCHOOL SAFETY AGENT","56508.00"
"SCHOOL SAFETY AGENT","56508.00"
"SCHOOL SAFETY AGENT","56508.00"
"SCHOOL SAFETY AGENT","56508.00"
"POLICE OFFICER","109352.00"
"POLICE OFFICER","109352.00"
"SCHOOL SAFETY AGENT","56508.00"
"POLICE OFFICER","109352.00"
"SCHOOL SAFETY AGENT","56508.00"
"SCHOOL SAFETY AGENT","56508.00"
"TRAFFIC ENFORCEMENT AGENT","49270.00"
"SCHOOL SAFETY AGENT","56508.00"
"COMMUNITY ASSISTANT","43460.00"
"POLICE OFFICER","65387.00"
"SERGEANT-","118056.00"
"SCHOOL SAFETY AGENT","56508.00"
"POLICE OFFICER","65387.00"
"SCHOOL SAFETY AGENT","56508.00"
"SCHOOL SAFETY AGENT","56508.00"
"POLICE OFFICER","59065.00"
"POLICE OFFICER","109352.00"
"SCHOOL SAFETY AGENT","40502.00"
"POLICE ADMINISTRATIVE AIDE","47100.00"
"POLICE OFFICER","60363.00"
"SENIOR POLICE ADMINISTRATIVE AIDE","63404.00"
"POLICE OFFICER","57976.00"
"P.O. DA DET GR3","119248.00"
"TRAFFIC ENFORCEMENT AGENT","53985.00"
"POLICE OFFICER","60363.00"
"TRAFFIC ENFORCEMENT AGENT","53985.00"
"ASSOCIATE TRAFFIC ENFORCEMENT AGENT","57817.00"
"TRAFFIC ENFORCEMENT AGENT","53985.00"
"TRAFFIC ENFORCEMENT AGENT","53985.00"
"TRAFFIC ENFORCEMENT AGENT","53985.00"
"POLICE OFFICER","109352.00"
"TRAFFIC ENFORCEMENT AGENT","53985.00"
"POLICE OFFICER","109352.00"
"TRAFFIC ENFORCEMENT AGENT","49830.00"
"TRAFFIC ENFORCEMENT AGENT","53985.00"
"TRAFFIC ENFORCEMENT AGENT","53985.00"
"SERGEANT-","118056.00"
"TRAFFIC ENFORCEMENT AGENT","53985.00"
"POLICE OFFICER","55942.00"
"EVIDENCE AND PROPERTY CONTROL SPECIALIST","65303.00"
"TRAFFIC ENFORCEMENT AGENT","53985.00"
"TRAFFIC ENFORCEMENT AGENT","49270.00"
"ASSOCIATE TRAFFIC ENFORCEMENT AGENT","54498.00"
"POLICE OFFICER","60363.00"
"POLICE OFFICER","57976.00"
"TRAFFIC ENFORCEMENT AGENT","49270.00"
"SERGEANT-","118056.00"
"TRAFFIC ENFORCEMENT AGENT","53985.00"
"TRAFFIC ENFORCEMENT AGENT","44235.00"
"TRAFFIC ENFORCEMENT AGENT","53985.00"
"ASSOCIATE TRAFFIC ENFORCEMENT AGENT","57817.00"
"TRAFFIC ENFORCEMENT AGENT","49270.00"
"POLICE OFFICER","65387.00"
"ASSOCIATE TRAFFIC ENFORCEMENT AGENT","57817.00"
"TRAFFIC ENFORCEMENT AGENT","53985.00"
"TRAFFIC ENFORCEMENT AGENT","48379.00"
"TRAFFIC ENFORCEMENT AGENT","53985.00"
"ACCOUNTANT","67110.00"
"TRAFFIC ENFORCEMENT AGENT","53985.00"
"TRAFFIC ENFORCEMENT AGENT","49830.00"
"TRAFFIC ENFORCEMENT AGENT","53985.00"
"TRAFFIC ENFORCEMENT AGENT","53985.00"
"ASSOCIATE TRAFFIC ENFORCEMENT AGENT","57817.00"
"TRAFFIC ENFORCEMENT AGENT","44235.00"
"POLICE OFFICER","109352.00"
"TRAFFIC ENFORCEMENT AGENT","53985.00"
"TRAFFIC ENFORCEMENT AGENT","49830.00"
"POLICE OFFICER","60363.00"
"POLICE OFFICER","109352.00"
"POLICE OFFICER","109352.00"
"POLICE OFFICER","57976.00"
"ASSOCIATE TRAFFIC ENFORCEMENT AGENT","57817.00"
"TRAFFIC ENFORCEMENT AGENT","53985.00"
"TRAFFIC ENFORCEMENT AGENT","53994.00"
"TRAFFIC ENFORCEMENT AGENT","53985.00"
"TRAFFIC ENFORCEMENT AGENT","53985.00"
"TRAFFIC ENFORCEMENT AGENT","48379.00"
"POLICE OFFICER","55942.00"
"TRAFFIC ENFORCEMENT AGENT","53985.00"
"POLICE OFFICER","109352.00"
"TRAFFIC ENFORCEMENT AGENT","54025.00"
"TRAFFIC ENFORCEMENT AGENT","53985.00"
"TRAFFIC ENFORCEMENT AGENT","53985.00"
"TRAFFIC ENFORCEMENT AGENT","49205.00"
"MOTOR VEHICLE OPERATOR","58020.00"
"TRAFFIC ENFORCEMENT AGENT","53985.00"
"ASSOCIATE TRAFFIC ENFORCEMENT AGENT","57817.00"
"POLICE OFFICER","109352.00"
"POLICE OFFICER","60363.00"
"POLICE OFFICER","109352.00"
"POLICE COMMUNICATIONS TECHNICIAN","57805.00"
"POLICE OFFICER","60363.00"
"POLICE COMMUNICATIONS TECHNICIAN","61883.00"
"POLICE OFFICER","55942.00"
"CASE MANAGEMENT NURSE","107732.00"
"POLICE OFFICER","109352.00"
"POLICE OFFICER","59065.00"
"POLICE OFFICER","57976.00"
"POLICE OFFICER","65387.00"
"POLICE OFFICER","109352.00"
"P.O. DA DET GR3","119314.00"
"EVIDENCE AND PROPERTY CONTROL SPECIALIST","65303.00"
"POLICE OFFICER","109352.00"
"SCHOOL SAFETY AGENT","41797.00"
"POLICE OFFICER","59065.00"
"POLICE OFFICER","55942.00"
"TRAFFIC ENFORCEMENT AGENT","47621.00"
"POLICE OFFICER","60363.00"
"POLICE OFFICER","65387.00"
"TRAFFIC ENFORCEMENT AGENT","49830.00"
"TRAFFIC ENFORCEMENT AGENT","48379.00"
"POLICE OFFICER","55942.00"
"POLICE SURGEON","169340.00"
"SCHOOL SAFETY AGENT","56508.00"
"SCHOOL SAFETY AGENT","56508.00"
"SCHOOL SAFETY AGENT","56508.00"
"SCHOOL SAFETY AGENT","56508.00"
"SCHOOL SAFETY AGENT","56508.00"
"POLICE OFFICER","109352.00"
"POLICE OFFICER","59065.00"
"POLICE OFFICER","65387.00"
"SCHOOL SAFETY AGENT","56508.00"
"SCHOOL SAFETY AGENT","56508.00"
"POLICE OFFICER","109352.00"
"POLICE OFFICER","109352.00"
"SCHOOL SAFETY AGENT","56508.00"
"SCHOOL SAFETY AGENT","56508.00"
"POLICE OFFICER","57976.00"
"SCHOOL SAFETY AGENT","56508.00"
"SCHOOL SAFETY AGENT","56508.00"
"POLICE OFFICER","109352.00"
"POLICE OFFICER","55942.00"
"SCHOOL SAFETY AGENT","56508.00"
"SCHOOL SAFETY AGENT","56508.00"
"SCHOOL SAFETY AGENT","56508.00"
"SCHOOL SAFETY AGENT","56508.00"
"SCHOOL SAFETY AGENT","56508.00"
"SCHOOL SAFETY AGENT","56508.00"
"SCHOOL SAFETY AGENT","56508.00"
"SCHOOL SAFETY AGENT","56508.00"
"SCHOOL SAFETY AGENT","56508.00"
"SCHOOL SAFETY AGENT","56508.00"
"SCHOOL SAFETY AGENT","56508.00"
"POLICE OFFICER","59065.00"
"POLICE OFFICER","109352.00"
"SCHOOL SAFETY AGENT","56508.00"
"SCHOOL SAFETY AGENT","56508.00"
"POLICE OFFICER","65387.00"
"SCHOOL SAFETY AGENT","56508.00"
"SCHOOL SAFETY AGENT","56508.00"
"SCHOOL SAFETY AGENT","56508.00"
"SCHOOL SAFETY AGENT","56508.00"
"SCHOOL SAFETY AGENT","54862.00"
"SCHOOL SAFETY AGENT","56508.00"
"POLICE OFFICER","59065.00"
"SCHOOL SAFETY AGENT","56508.00"
"POLICE OFFICER","109352.00"
"POLICE OFFICER","109352.00"
"POLICE OFFICER","59065.00"
"SCHOOL SAFETY AGENT","56508.00"
"SCHOOL SAFETY AGENT","56508.00"
"POLICE OFFICER","65387.00"
"SCHOOL SAFETY AGENT","56508.00"
"SCHOOL SAFETY AGENT","56508.00"
"SCHOOL SAFETY AGENT","56508.00"
"SCHOOL SAFETY AGENT","56508.00"
"SCHOOL SAFETY AGENT","56508.00"
"POLICE OFFICER","109352.00"
"SCHOOL SAFETY AGENT","56508.00"
"SCHOOL SAFETY AGENT","53264.00"
"SCHOOL SAFETY AGENT","56508.00"
"SCHOOL SAFETY AGENT","56508.00"
"POLICE OFFICER","109352.00"
"SCHOOL SAFETY AGENT","56508.00"
"POLICE OFFICER","109352.00"
"SCHOOL SAFETY AGENT","56508.00"
"POLICE OFFICER","109352.00"
"POLICE OFFICER","109352.00"
"SCHOOL SAFETY AGENT","56508.00"
"SCHOOL SAFETY AGENT","56508.00"
"SCHOOL SAFETY AGENT","56508.00"
"SCHOOL SAFETY AGENT","56508.00"
"SCHOOL SAFETY AGENT","56508.00"
"POLICE OFFICER","109352.00"
"POLICE OFFICER","55942.00"
"POLICE OFFICER","109352.00"
"SCHOOL SAFETY AGENT","53264.00"
"SCHOOL SAFETY AGENT","56508.00"
"SCHOOL SAFETY AGENT","56508.00"
"SCHOOL SAFETY AGENT","56508.00"
"SCHOOL SAFETY AGENT","56508.00"
"SCHOOL SAFETY AGENT","56508.00"
"SCHOOL SAFETY AGENT","56508.00"
"POLICE OFFICER","109352.00"
"POLICE OFFICER","109352.00"
"SCHOOL SAFETY AGENT","56508.00"
"SCHOOL SAFETY AGENT","56508.00"
"SCHOOL SAFETY AGENT","56508.00"
"SCHOOL SAFETY AGENT","56508.00"
"TRAFFIC ENFORCEMENT AGENT","47772.00"
"POLICE OFFICER","55942.00"
"TRAFFIC ENFORCEMENT AGENT","49270.00"
"TRAFFIC ENFORCEMENT AGENT","47349.00"
"POLICE OFFICER","109352.00"
"SCHOOL CROSSING GUARD","44533.00"
"POLICE OFFICER","59065.00"
"PROCUREMENT ANALYST","54344.00"
"CRIMINALIST","95618.00"
"SCHOOL SAFETY AGENT","44388.00"
"ASSOCIATE STAFF ANALYST","91394.00"
"EVIDENCE AND PROPERTY CONTROL SPECIALIST","65303.00"
"SCHOOL SAFETY AGENT","56508.00"
"POLICE OFFICER","59065.00"
"POLICE ADMINISTRATIVE AIDE","48631.00"
"EVIDENCE AND PROPERTY CONTROL SPECIALIST","65303.00"
"EVIDENCE AND PROPERTY CONTROL SPECIALIST","65303.00"
"POLICE OFFICER","60363.00"
"POLICE OFFICER","65387.00"
"POLICE OFFICER","57976.00"
"POLICE OFFICER","60363.00"
"COMPUTER SYSTEMS MANAGER","246828.00"
"POLICE OFFICER","109352.00"
"POLICE OFFICER","109352.00"
"POLICE OFFICER","109352.00"
"SERGEANT-","118056.00"
"P.O. DA DET GR3","119314.00"
"POLICE OFFICER","109352.00"
"POLICE OFFICER","109352.00"
"POLICE OFFICER","109352.00"
"POLICE OFFICER","109352.00"
"POLICE OFFICER","109352.00"
"POLICE OFFICER","109352.00"
"SERGEANT-","118056.00"
"POLICE OFFICER","109352.00"
"POLICE OFFICER","109352.00"
"POLICE OFFICER","109352.00"
"P.O. DA DET GR3","119248.00"
"POLICE OFFICER","109352.00"
"P.O. DA DET GR3","119429.00"
"P.O. DA DET GR3","119314.00"
"POLICE OFFICER","109352.00"
"POLICE OFFICER","109352.00"
"POLICE OFFICER","109352.00"
"POLICE OFFICER","109352.00"
"POLICE OFFICER","109352.00"
"POLICE OFFICER","109352.00"
"POLICE OFFICER","109352.00"
"POLICE OFFICER","109352.00"
"POLICE OFFICER","109352.00"
"POLICE OFFICER","109352.00"
"SERGEANT-","118056.00"
"POLICE OFFICER","109352.00"
"POLICE OFFICER","109352.00"
"POLICE OFFICER","109352.00"
"P.O. DA DET GR3","119429.00"
"POLICE OFFICER","109352.00"
"POLICE OFFICER","109352.00"
"P.O. DA DET GR3","119429.00"
"POLICE OFFICER","109352.00"
"POLICE OFFICER","109352.00"
"SERGEANT-","118056.00"
"POLICE OFFICER","109352.00"
"POLICE OFFICER","109352.00"
"POLICE OFFICER","109352.00"
"POLICE OFFICER","109352.00"
"POLICE OFFICER","109352.00"
"P.O. DA DET GR3","119248.00"
"P.O. DA DET GR3","119248.00"
"POLICE OFFICER","109352.00"
"SERGEANT-","118056.00"
"POLICE OFFICER","109352.00"
"SERGEANT-","105606.00"
"POLICE OFFICER","109352.00"
"POLICE OFFICER","109352.00"
"POLICE OFFICER","109352.00"
"POLICE OFFICER","109352.00"
"P.O. DA DET GR3","119429.00"
"POLICE OFFICER","109352.00"
"POLICE OFFICER","109352.00"
"POLICE OFFICER","109352.00"
"POLICE OFFICER","109352.00"
"POLICE OFFICER","109352.00"
"POLICE OFFICER","109352.00"
"P.O. DA DET GR3","119429.00"
"POLICE OFFICER","109352.00"
"POLICE OFFICER","109352.00"
"POLICE OFFICER","109352.00"
"POLICE OFFICER","109352.00"
"SERGEANT-","105606.00"
"POLICE OFFICER","109352.00"
"SERGEANT-","118056.00"
"POLICE OFFICER","109352.00"
"P.O. DA DET GR3","119429.00"
"P.O. DA DET GR3","119248.00"
"POLICE OFFICER","109352.00"
"POLICE OFFICER","101590.00"
"POLICE OFFICER","109352.00"
"POLICE OFFICER","109352.00"
"POLICE OFFICER","109352.00"
"POLICE OFFICER","109352.00"
"POLICE OFFICER","109352.00"
"SERGEANT-","118056.00"
"POLICE OFFICER","109352.00"
"SERGEANT-","118056.00"
"POLICE OFFICER","109352.00"
"POLICE OFFICER","109352.00"
"P.O. DA DET GR3","119429.00"
"POLICE OFFICER","109352.00"
"POLICE OFFICER","105146.00"
"POLICE OFFICER","109352.00"
"POLICE OFFICER","109352.00"
"POLICE OFFICER","109352.00"
"POLICE OFFICER","109352.00"
"POLICE OFFICER","109352.00"
"POLICE OFFICER","109352.00"
"POLICE OFFICER","109352.00"
"POLICE OFFICER","109352.00"
"P.O. DA DET GR3","119314.00"
"POLICE OFFICER","109352.00"
"POLICE OFFICER","109352.00"
"SERGEANT-","118056.00"
"POLICE OFFICER","109352.00"
"POLICE OFFICER","109352.00"
"POLICE OFFICER","109352.00"
"POLICE OFFICER","109352.00"
"POLICE OFFICER","109352.00"
"POLICE OFFICER","109352.00"
"POLICE OFFICER","109352.00"
"POLICE OFFICER","55942.00"
"POLICE OFFICER","109352.00"
"POLICE OFFICER","109352.00"
"POLICE OFFICER","109352.00"
"POLICE OFFICER","109352.00"
"POLICE OFFICER","109352.00"
"POLICE OFFICER","55942.00"
"POLICE OFFICER","109352.00"
"POLICE OFFICER","109352.00"
"POLICE OFFICER","55746.00"
"POLICE OFFICER","109352.00"
"POLICE OFFICER","109352.00"
"POLICE OFFICER","109352.00"
"P.O. DA DET GR3","119314.00"
"POLICE OFFICER","109352.00"
"POLICE OFFICER","55942.00"
"POLICE OFFICER","109352.00"
"POLICE OFFICER","109352.00"
"POLICE OFFICER","60363.00"
"POLICE OFFICER","109352.00"
"POLICE OFFICER","109352.00"
"POLICE OFFICER","109352.00"
"POLICE OFFICER","59065.00"
"POLICE OFFICER","109352.00"
"POLICE OFFICER","59065.00"
"POLICE OFFICER","109352.00"
"POLICE OFFICER","109352.00"
"POLICE OFFICER","60363.00"
"POLICE OFFICER","109352.00"
"SCHOOL SAFETY AGENT","40502.00"
"POLICE OFFICER","60363.00"
"POLICE OFFICER","65387.00"
"POLICE OFFICER","109352.00"
"POLICE OFFICER","109352.00"
"POLICE OFFICER","109352.00"
"POLICE OFFICER","109352.00"
"POLICE OFFICER","57976.00"
"POLICE OFFICER","53790.00"
"POLICE OFFICER","109352.00"
"POLICE OFFICER","109352.00"
"POLICE OFFICER","109352.00"
"POLICE OFFICER","109352.00"
"POLICE OFFICER","65387.00"
"POLICE OFFICER","109352.00"
"POLICE OFFICER","55942.00"
"POLICE OFFICER","105146.00"
"POLICE OFFICER","109352.00"
"POLICE OFFICER","109352.00"
"POLICE OFFICER","109352.00"
"POLICE OFFICER","109352.00"
"POLICE OFFICER","109352.00"
"POLICE OFFICER","109352.00"
"POLICE OFFICER","109352.00"
"POLICE OFFICER","57976.00"
"POLICE OFFICER","55942.00"
"POLICE OFFICER","109352.00"
"POLICE OFFICER","53790.00"
"POLICE OFFICER","109352.00"
"POLICE OFFICER","109352.00"
"POLICE OFFICER","109352.00"
"POLICE OFFICER","55942.00"
"POLICE OFFICER","55942.00"
"POLICE OFFICER","109352.00"
"POLICE OFFICER","109352.00"
"POLICE OFFICER","55942.00"
"POLICE OFFICER","109352.00"
"POLICE OFFICER","59065.00"
"POLICE OFFICER","109352.00"
"POLICE OFFICER","109352.00"
"POLICE OFFICER","109352.00"
"POLICE OFFICER","109352.00"
"POLICE OFFICER","109352.00"
"PSYCHOLOGIST","126482.00"
"POLICE OFFICER","65387.00"
"POLICE OFFICER","55942.00"
"POLICE OFFICER","109352.00"
"POLICE OFFICER","109352.00"
"SERGEANT-","96017.00"
"POLICE OFFICER","65387.00"
"POLICE COMMUNICATIONS TECHNICIAN","61883.00"
"POLICE OFFICER","109352.00"
"SCHOOL SAFETY AGENT","56508.00"
"TRAFFIC ENFORCEMENT AGENT","48128.00"
"TRAFFIC ENFORCEMENT AGENT","49830.00"
"TRAFFIC ENFORCEMENT AGENT","53985.00"
"TRAFFIC ENFORCEMENT AGENT","53985.00"
"POLICE ATTENDANT","49688.00"
"TRAFFIC ENFORCEMENT AGENT","53985.00"
"SERGEANT-","118056.00"
"POLICE OFFICER","109352.00"
"POLICE OFFICER","109352.00"
"POLICE OFFICER","109352.00"
"POLICE OFFICER","109352.00"
"POLICE OFFICER","109352.00"
"POLICE OFFICER","109352.00"
"POLICE OFFICER","109352.00"
"POLICE OFFICER","109352.00"
"POLICE OFFICER","109352.00"
"POLICE OFFICER","109352.00"
"PUBLIC HEALTH ASSISTANT","46381.00"
"POLICE OFFICER","109352.00"
"POLICE OFFICER","109352.00"
"POLICE OFFICER","109352.00"
"POLICE OFFICER","109352.00"
"POLICE OFFICER","109352.00"
"SERGEANT-","118056.00"
"POLICE OFFICER","109352.00"
"POLICE OFFICER","109352.00"
"POLICE OFFICER","109352.00"
"POLICE OFFICER","109352.00"
"POLICE OFFICER","109352.00"
"SERGEANT-","118056.00"
"POLICE OFFICER","109352.00"
"P.O. DA DET GR3","119248.00"
"POLICE OFFICER","109352.00"
"POLICE OFFICER","109352.00"
"P.O. DA DET GR3","119248.00"
"POLICE OFFICER","109352.00"
"POLICE OFFICER","109352.00"
"POLICE OFFICER","109352.00"
"POLICE OFFICER","109352.00"
"POLICE OFFICER","109352.00"
"POLICE OFFICER","109352.00"
"POLICE OFFICER","109352.00"
"POLICE OFFICER","109352.00"
"POLICE OFFICER","109352.00"
"POLICE OFFICER","109352.00"
"POLICE OFFICER","109352.00"
"POLICE OFFICER","109352.00"
"SERGEANT-","118056.00"
"POLICE OFFICER","109352.00"
"POLICE OFFICER","109352.00"
"POLICE OFFICER","109352.00"
"POLICE OFFICER","109352.00"
"POLICE OFFICER","109352.00"
"P.O. DA DET GR3","119248.00"
"POLICE OFFICER","109352.00"
"POLICE OFFICER","109352.00"
"POLICE OFFICER","109352.00"
"POLICE OFFICER","60363.00"
"POLICE OFFICER","65387.00"
"POLICE OFFICER","55942.00"
"CRIMINALIST","95520.00"
"POLICE OFFICER","59065.00"
"POLICE COMMUNICATIONS TECHNICIAN","57805.00"
"CERTIFIED IT ADMINISTRATOR","109518.00"
"CERTIFIED IT ADMINISTRATOR","112353.00"
"COMMUNITY ASSOCIATE","51227.00"
"COMMUNITY ASSISTANT","39970.00"
"POLICE OFFICER","59065.00"
"POLICE OFFICER","59065.00"
"CRIMINALIST","64029.00"
"POLICE OFFICER","57976.00"
"ADMINISTRATIVE ARCHITECT","143944.00"
"POLICE OFFICER","57976.00"
"POLICE OFFICER","65387.00"
"POLICE COMMUNICATIONS TECHNICIAN","61883.00"
"POLICE OFFICER","55942.00"
"POLICE OFFICER","59065.00"
"POLICE OFFICER","55942.00"
"ASSOCIATE FINGERPRINT TECHNICIAN","46242.00"
"POLICE OFFICER","57976.00"
"POLICE OFFICER","55942.00"
"TRAFFIC ENFORCEMENT AGENT","49830.00"
"POLICE OFFICER","109352.00"
"TRAFFIC ENFORCEMENT AGENT","53985.00"
"POLICE OFFICER","57976.00"
"POLICE OFFICER","65387.00"
"TRAFFIC ENFORCEMENT AGENT","53985.00"
"POLICE OFFICER","55942.00"
"TRAFFIC ENFORCEMENT AGENT","53985.00"
"POLICE OFFICER","109352.00"
"TRAFFIC ENFORCEMENT AGENT","49830.00"
"TRAFFIC ENFORCEMENT AGENT","53985.00"
"TRAFFIC ENFORCEMENT AGENT","53985.00"
"POLICE OFFICER","57976.00"
"TRAFFIC ENFORCEMENT AGENT","53985.00"
"TRAFFIC ENFORCEMENT AGENT","49270.00"
"TRAFFIC ENFORCEMENT AGENT","49830.00"
"POLICE OFFICER","109352.00"
"TRAFFIC ENFORCEMENT AGENT","47349.00"
"POLICE OFFICER","109352.00"
"POLICE OFFICER","57976.00"
"POLICE OFFICER","57976.00"
"TRAFFIC ENFORCEMENT AGENT","53994.00"
"TRAFFIC ENFORCEMENT AGENT","48769.00"
"PARALEGAL AIDE","57728.00"
"ASSOCIATE TRAFFIC ENFORCEMENT AGENT","57817.00"
"TRAFFIC ENFORCEMENT AGENT","49830.00"
"TRAFFIC ENFORCEMENT AGENT","53994.00"
"TRAFFIC ENFORCEMENT AGENT","53985.00"
"POLICE OFFICER","55942.00"
"POLICE OFFICER","109352.00"
"POLICE OFFICER","55942.00"
"TRAFFIC ENFORCEMENT AGENT","53985.00"
"TRAFFIC ENFORCEMENT AGENT","48379.00"
"TRAFFIC ENFORCEMENT AGENT","53985.00"
"TRAFFIC ENFORCEMENT AGENT","49270.00"
"POLICE OFFICER","109352.00"
"PROCUREMENT ANALYST","98620.00"
"POLICE OFFICER","65387.00"
"BOOKKEEPER","63740.00"
"POLICE OFFICER","53790.00"
"STAFF ANALYST TRAINEE","58917.00"
"SCHOOL SAFETY AGENT","44388.00"
"CRIME ANALYST","63700.00"
"SCHOOL SAFETY AGENT","56508.00"
"SCHOOL SAFETY AGENT","56508.00"
"SCHOOL SAFETY AGENT","56508.00"
"SCHOOL SAFETY AGENT","56508.00"
"SCHOOL SAFETY AGENT","56508.00"
"SCHOOL SAFETY AGENT","56508.00"
"SCHOOL SAFETY AGENT","56508.00"
"SCHOOL SAFETY AGENT","56508.00"
"POLICE OFFICER","60363.00"
"POLICE OFFICER","59065.00"
"SCHOOL SAFETY AGENT","56508.00"
"SCHOOL SAFETY AGENT","56508.00"
"SCHOOL SAFETY AGENT","56508.00"
"SCHOOL SAFETY AGENT","56508.00"
"SCHOOL SAFETY AGENT","56508.00"
"SCHOOL SAFETY AGENT","56508.00"
"POLICE OFFICER","109352.00"
"SCHOOL SAFETY AGENT","53264.00"
"SCHOOL SAFETY AGENT","56508.00"
"POLICE OFFICER","65387.00"
"SCHOOL SAFETY AGENT","56508.00"
"SCHOOL SAFETY AGENT","56508.00"
"POLICE OFFICER","56793.00"
"SCHOOL SAFETY AGENT","56508.00"
"POLICE OFFICER","109352.00"
"POLICE OFFICER","60363.00"
"SCHOOL SAFETY AGENT","56508.00"
"SCHOOL SAFETY AGENT","56508.00"
"SCHOOL SAFETY AGENT","56508.00"
"POLICE OFFICER","53600.00"
"POLICE OFFICER","60363.00"
"POLICE OFFICER","55942.00"
"POLICE OFFICER","65387.00"
"POLICE OFFICER","109352.00"
"SCHOOL SAFETY AGENT","56508.00"
"SCHOOL SAFETY AGENT","56508.00"
"SCHOOL SAFETY AGENT","56508.00"
"POLICE OFFICER","60363.00"
"POLICE OFFICER","60363.00"
"POLICE OFFICER","55942.00"
"POLICE OFFICER","60363.00"
"SCHOOL SAFETY AGENT","56508.00"
"SCHOOL SAFETY AGENT","56508.00"
"POLICE OFFICER","60363.00"
"COMMUNITY ASSISTANT","42092.00"
"POLICE OFFICER","57976.00"
"POLICE OFFICER","55942.00"
"POLICE OFFICER","109352.00"
"POLICE OFFICER","109352.00"
"POLICE OFFICER","109352.00"
"POLICE OFFICER","109352.00"
"POLICE OFFICER","109352.00"
"POLICE OFFICER","109352.00"
"POLICE OFFICER","109352.00"
"POLICE OFFICER","109352.00"
"SERGEANT-","96281.00"
"POLICE OFFICER","109352.00"
"POLICE OFFICER","109352.00"
"POLICE OFFICER","109352.00"
"POLICE OFFICER","109352.00"
"POLICE OFFICER","109352.00"
"POLICE OFFICER","109352.00"
"P.O. DA DET GR3","119248.00"
"P.O. DET SPEC","119248.00"
"POLICE OFFICER","109352.00"
"POLICE OFFICER","109352.00"
"POLICE OFFICER","109352.00"
"POLICE OFFICER","109352.00"
"POLICE OFFICER","109352.00"
"POLICE OFFICER","109352.00"
"POLICE OFFICER","109352.00"
"POLICE OFFICER","109352.00"
"SERGEANT-","118056.00"
"POLICE OFFICER","109352.00"
"POLICE OFFICER","109352.00"
"POLICE OFFICER","109352.00"
"POLICE OFFICER","109352.00"
"SERGEANT-","118056.00"
"SERGEANT-","118056.00"
"POLICE OFFICER","109352.00"
"POLICE OFFICER","109352.00"
"POLICE OFFICER","109352.00"
"P.O. DA DET GR3","119314.00"
"POLICE OFFICER","109352.00"
"POLICE OFFICER","109352.00"
"POLICE OFFICER","109352.00"
"POLICE ADMINISTRATIVE AIDE","48631.00"
"POLICE OFFICER","57976.00"
"ASSOCIATE STAFF ANALYST","98706.00"
"SENIOR POLICE ADMINISTRATIVE AIDE","58707.00"
"POLICE ADMINISTRATIVE AIDE","54399.00"
"SENIOR POLICE ADMINISTRATIVE AIDE","58707.00"
"POLICE ADMINISTRATIVE AIDE","48631.00"
"POLICE OFFICER","60363.00"
"SENIOR POLICE ADMINISTRATIVE AIDE","58707.00"
"SENIOR POLICE ADMINISTRATIVE AIDE","58707.00"
"POLICE ADMINISTRATIVE AIDE","48631.00"
"SENIOR POLICE ADMINISTRATIVE AIDE","58707.00"
"POLICE ADMINISTRATIVE AIDE","48631.00"
"SENIOR POLICE ADMINISTRATIVE AIDE","58707.00"
"SENIOR POLICE ADMINISTRATIVE AIDE","58707.00"
"POLICE ADMINISTRATIVE AIDE","48631.00"
"SENIOR POLICE ADMINISTRATIVE AIDE","61087.00"
"POLICE OFFICER","55942.00"
"SENIOR POLICE ADMINISTRATIVE AIDE","58707.00"
"SENIOR POLICE ADMINISTRATIVE AIDE","58707.00"
"POLICE ADMINISTRATIVE AIDE","48631.00"
"POLICE ADMINISTRATIVE AIDE","48631.00"
"POLICE ADMINISTRATIVE AIDE","48631.00"
"SENIOR POLICE ADMINISTRATIVE AIDE","58707.00"
"POLICE ADMINISTRATIVE AIDE","48631.00"
"POLICE OFFICER","65387.00"
"POLICE OFFICER","57976.00"
"POLICE OFFICER","59065.00"
"POLICE OFFICER","57976.00"
"FITNESS INSTRUCTOR","72342.00"
"POLICE OFFICER","57976.00"
"TRAFFIC ENFORCEMENT AGENT","49270.00"
"POLICE OFFICER","65387.00"
"TRAFFIC ENFORCEMENT AGENT","49830.00"
"TRAFFIC ENFORCEMENT AGENT","49830.00"
"TRAFFIC ENFORCEMENT AGENT","49830.00"
"TRAFFIC ENFORCEMENT AGENT","49830.00"
"TRAFFIC ENFORCEMENT AGENT","49830.00"
"TRAFFIC ENFORCEMENT AGENT","49830.00"
"TRAFFIC ENFORCEMENT AGENT","47835.00"
"TRAFFIC ENFORCEMENT AGENT","49830.00"
"POLICE OFFICER","57976.00"
"POLICE OFFICER","60363.00"
"TRAFFIC ENFORCEMENT AGENT","47349.00"
"POLICE OFFICER","65387.00"
"CRIMINALIST","64029.00"
"COMPUTER ASSOCIATE","82149.00"
"CRIMINALIST","92513.00"
"TRAFFIC ENFORCEMENT AGENT","49270.00"
"TRAFFIC ENFORCEMENT AGENT","49830.00"
"POLICE OFFICER","59065.00"
"TRAFFIC ENFORCEMENT AGENT","49205.00"
"TRAFFIC ENFORCEMENT AGENT","48379.00"
"TRAFFIC ENFORCEMENT AGENT","49830.00"
"TRAFFIC ENFORCEMENT AGENT","45973.00"
"TRAFFIC ENFORCEMENT AGENT","49270.00"
"TRAFFIC ENFORCEMENT AGENT","49830.00"
"POLICE OFFICER","65387.00"
"POLICE OFFICER","55942.00"
"TRAFFIC ENFORCEMENT AGENT","49830.00"
"TRAFFIC ENFORCEMENT AGENT","47835.00"
"POLICE SURGEON","169340.00"
"TRAFFIC ENFORCEMENT AGENT","49830.00"
"ASSOCIATE TRAFFIC ENFORCEMENT AGENT","57817.00"
"TRAFFIC ENFORCEMENT AGENT","47835.00"
"POLICE COMMUNICATIONS TECHNICIAN","45704.00"
"FINGERPRINT TECHNICIAN TRAINEE","34281.00"
"POLICE OFFICER","65387.00"
"POLICE ADMINISTRATIVE AIDE","48631.00"
"SENIOR POLICE ADMINISTRATIVE AIDE","58707.00"
"POLICE OFFICER","60363.00"
"AUTO BODY WORKER","70630.00"
"AUTO BODY WORKER","70630.00"
"POLICE OFFICER","57976.00"
"FITNESS INSTRUCTOR","61730.00"
"SCHOOL SAFETY AGENT","39206.00"
"POLICE OFFICER","59065.00"
"POLICE OFFICER","109352.00"
"POLICE OFFICER","55942.00"
"POLICE OFFICER","55942.00"
"POLICE OFFICER","60363.00"
"POLICE OFFICER","59065.00"
"POLICE OFFICER","55942.00"
"POLICE OFFICER","65387.00"
"POLICE OFFICER","109352.00"
"TRAFFIC ENFORCEMENT AGENT","45811.00"
"POLICE OFFICER","109352.00"
"POLICE OFFICER","109352.00"
"POLICE OFFICER","109352.00"
"POLICE OFFICER","109352.00"
"POLICE OFFICER","109352.00"
"POLICE OFFICER","62872.00"
"POLICE OFFICER","109352.00"
"POLICE OFFICER","59065.00"
"POLICE OFFICER","109352.00"
"POLICE OFFICER","109352.00"
"POLICE OFFICER","109352.00"
"POLICE OFFICER","109352.00"
"POLICE OFFICER","109352.00"
"SERGEANT-","118056.00"
"POLICE OFFICER","105146.00"
"POLICE OFFICER","109352.00"
"POLICE OFFICER","109352.00"
"POLICE OFFICER","109352.00"
"POLICE OFFICER","109352.00"
"POLICE OFFICER","109352.00"
"POLICE OFFICER","109352.00"
"POLICE OFFICER","109352.00"
"POLICE OFFICER","109352.00"
"POLICE OFFICER","109352.00"
"POLICE OFFICER","109352.00"
"POLICE OFFICER","105146.00"
"POLICE OFFICER","109352.00"
"POLICE OFFICER","109352.00"
"POLICE OFFICER","109352.00"
"POLICE OFFICER","109352.00"
"P.O. DA DET GR3","119314.00"
"POLICE OFFICER","109352.00"
"POLICE OFFICER","109352.00"
"POLICE OFFICER","109352.00"
"POLICE OFFICER","105146.00"
"POLICE OFFICER","109352.00"
"POLICE OFFICER","109352.00"
"POLICE OFFICER","109352.00"
"POLICE OFFICER","109352.00"
"POLICE OFFICER","109352.00"
"POLICE OFFICER","109352.00"
"POLICE OFFICER","109352.00"
"POLICE OFFICER","109352.00"
"POLICE OFFICER","109352.00"
"POLICE OFFICER","109352.00"
"POLICE OFFICER","62872.00"
"POLICE OFFICER","109352.00"
"POLICE OFFICER","109352.00"
"POLICE OFFICER","109352.00"
"POLICE OFFICER","109352.00"
"POLICE OFFICER","109352.00"
"POLICE OFFICER","109352.00"
"POLICE OFFICER","109352.00"
"POLICE OFFICER","109352.00"
"POLICE OFFICER","109352.00"
"POLICE OFFICER","109352.00"
"POLICE OFFICER","109352.00"
"POLICE OFFICER","109352.00"
"POLICE OFFICER","109352.00"
"POLICE OFFICER","109352.00"
"P.O. DA DET GR3","119248.00"
"POLICE OFFICER","109352.00"
"POLICE OFFICER","109352.00"
"POLICE OFFICER","109352.00"
"POLICE COMMUNICATIONS TECHNICIAN","58189.00"
"POLICE COMMUNICATIONS TECHNICIAN","61883.00"
"POLICE COMMUNICATIONS TECHNICIAN","61883.00"
"POLICE COMMUNICATIONS TECHNICIAN","61883.00"
"POLICE COMMUNICATIONS TECHNICIAN","61883.00"
"POLICE COMMUNICATIONS TECHNICIAN","61883.00"
"POLICE COMMUNICATIONS TECHNICIAN","61883.00"
"POLICE OFFICER","55942.00"
"POLICE OFFICER","55942.00"
"POLICE COMMUNICATIONS TECHNICIAN","61883.00"
"POLICE COMMUNICATIONS TECHNICIAN","61883.00"
"POLICE COMMUNICATIONS TECHNICIAN","57805.00"
"POLICE OFFICER","109352.00"
"POLICE OFFICER","55942.00"
"POLICE COMMUNICATIONS TECHNICIAN","59935.00"
"POLICE COMMUNICATIONS TECHNICIAN","61883.00"
"POLICE COMMUNICATIONS TECHNICIAN","61883.00"
"POLICE COMMUNICATIONS TECHNICIAN","61883.00"
"POLICE COMMUNICATIONS TECHNICIAN","61883.00"
"POLICE COMMUNICATIONS TECHNICIAN","57805.00"
"POLICE OFFICER","65387.00"
"POLICE OFFICER","109352.00"
"POLICE COMMUNICATIONS TECHNICIAN","61883.00"
"POLICE OFFICER","65387.00"
"POLICE OFFICER","109352.00"
"POLICE OFFICER","55942.00"
"COMPUTER ASSOCIATE","82149.00"
"POLICE ADMINISTRATIVE AIDE","48631.00"
"ASSOCIATE FINGERPRINT TECHNICIAN","50864.00"
"POLICE OFFICER","60363.00"
"POLICE OFFICER","57976.00"
"POLICE OFFICER","60363.00"
"POLICE ADMINISTRATIVE AIDE","51227.00"
"POLICE ADMINISTRATIVE AIDE","48631.00"
"CITY CUSTODIAL ASSISTANT","42898.00"
"POLICE ADMINISTRATIVE AIDE","48631.00"
"TRAFFIC ENFORCEMENT AGENT","48128.00"
"INTELLIGENCE RESEARCH SPECIALIST-PD","121020.00"
"EMPLOYEE ASSISTANCE PROGRAM SPECIALIST","100533.00"
"TELECOMMUNICATIONS ASSOCIATE","78372.00"
"POLICE OFFICER","60363.00"
"POLICE OFFICER","65387.00"
"POLICE OFFICER","60363.00"
"POLICE OFFICER","59065.00"
"POLICE OFFICER","55942.00"
"POLICE OFFICER","56793.00"
"POLICE OFFICER","65387.00"
"POLICE OFFICER","60363.00"
"POLICE OFFICER","60363.00"
"POLICE OFFICER","60363.00"
"POLICE OFFICER","60363.00"
"POLICE OFFICER","65387.00"
"POLICE OFFICER","59065.00"
"POLICE OFFICER","60363.00"
"POLICE OFFICER","60363.00"
"POLICE OFFICER","59065.00"
"POLICE OFFICER","65387.00"
"POLICE OFFICER","59065.00"
"POLICE OFFICER","65387.00"
"POLICE OFFICER","65387.00"
"POLICE OFFICER","65387.00"
"POLICE OFFICER","60363.00"
"POLICE OFFICER","60363.00"
"POLICE OFFICER","65387.00"
"POLICE OFFICER","60363.00"
"POLICE OFFICER","60363.00"
"POLICE OFFICER","60363.00"
"P.O. DA DET GR3","91107.00"
"POLICE OFFICER","60363.00"
"POLICE OFFICER","65387.00"
"POLICE OFFICER","65387.00"
"POLICE OFFICER","60363.00"
"POLICE OFFICER","60363.00"
"POLICE OFFICER","60363.00"
"POLICE OFFICER","60363.00"
"POLICE OFFICER","60363.00"
"POLICE OFFICER","60363.00"
"POLICE OFFICER","60363.00"
"POLICE OFFICER","65387.00"
"POLICE OFFICER","65387.00"
"POLICE OFFICER","65387.00"
"POLICE OFFICER","59065.00"
"POLICE OFFICER","60363.00"
"POLICE OFFICER","65387.00"
"POLICE OFFICER","65387.00"
"POLICE OFFICER","65387.00"
"POLICE OFFICER","55942.00"
"POLICE OFFICER","65387.00"
"POLICE OFFICER","60363.00"
"POLICE OFFICER","48908.00"
"POLICE OFFICER","60363.00"
"POLICE OFFICER","65387.00"
"POLICE OFFICER","65387.00"
"POLICE OFFICER","65387.00"
"POLICE OFFICER","60363.00"
"POLICE OFFICER","65387.00"
"POLICE OFFICER","65387.00"
"POLICE OFFICER","60363.00"
"POLICE OFFICER","60363.00"
"POLICE OFFICER","60363.00"
"POLICE OFFICER","60363.00"
"POLICE OFFICER","60363.00"
"POLICE OFFICER","60363.00"
"POLICE OFFICER","59065.00"
"POLICE OFFICER","60363.00"
"POLICE OFFICER","65387.00"
"POLICE OFFICER","65387.00"
"POLICE OFFICER","60363.00"
"POLICE OFFICER","65387.00"
"POLICE OFFICER","65387.00"
"POLICE OFFICER","65387.00"
"P.O. DET SPEC","84599.00"
"POLICE OFFICER","60363.00"
"POLICE OFFICER","60363.00"
"COMPUTER ASSOCIATE","106289.00"
"POLICE OFFICER","65387.00"
"POLICE OFFICER","55942.00"
"POLICE OFFICER","59065.00"
"POLICE OFFICER","55942.00"
"POLICE OFFICER","60363.00"
"POLICE OFFICER","60363.00"
"TRAFFIC ENFORCEMENT AGENT","49270.00"
"TRAFFIC ENFORCEMENT AGENT","48128.00"
"COMMUNITY COORDINATOR","70000.00"
"SCHOOL SAFETY AGENT","56508.00"
"SCHOOL SAFETY AGENT","56508.00"
"POLICE OFFICER","55942.00"
"POLICE OFFICER","65387.00"
"MOTOR VEHICLE SUPERVISOR","67373.00"
"AGENCY ATTORNEY","95450.00"
"POLICE OFFICER","60363.00"
"SCHOOL SAFETY AGENT","39206.00"
"GRAPHIC ARTIST","60932.00"
"MEDIA SERVICES TECHNICIAN","55395.00"
"AUTOMOTIVE SERVICE WORKER","54346.00"
"POLICE OFFICER","55942.00"
"POLICE ADMINISTRATIVE AIDE","48631.00"
"FINGERPRINT TECHNICIAN TRAINEE","40607.00"
"POLICE OFFICER","55942.00"
"SCHOOL SAFETY AGENT","39206.00"
"POLICE OFFICER","109352.00"
"TRAFFIC ENFORCEMENT AGENT","47621.00"
"POLICE OFFICER","55942.00"
"POLICE OFFICER","57976.00"
"POLICE OFFICER","55942.00"
"POLICE OFFICER","55942.00"
"POLICE OFFICER","109352.00"
"POLICE OFFICER","65387.00"
"POLICE OFFICER","55942.00"
"POLICE OFFICER","55942.00"
"TRAFFIC ENFORCEMENT AGENT","43648.00"
"POLICE OFFICER","109352.00"
"POLICE OFFICER","59065.00"
"SENIOR POLICE ADMINISTRATIVE AIDE","58707.00"
"POLICE OFFICER","57976.00"
"POLICE ADMINISTRATIVE AIDE","47100.00"
"POLICE OFFICER","60363.00"
"TRAFFIC ENFORCEMENT AGENT","49830.00"
"POLICE OFFICER","109352.00"
"POLICE OFFICER","109352.00"
"POLICE OFFICER","109352.00"
"POLICE OFFICER","109352.00"
"POLICE OFFICER","109352.00"
"POLICE OFFICER","109352.00"
"POLICE OFFICER","109352.00"
"POLICE OFFICER","109352.00"
"POLICE OFFICER","109352.00"
"POLICE OFFICER","109352.00"
"POLICE OFFICER","109352.00"
"POLICE OFFICER","109352.00"
"POLICE OFFICER","109352.00"
"POLICE OFFICER","109352.00"
"P.O. DA DET GR3","119248.00"
"POLICE OFFICER","109352.00"
"POLICE OFFICER","109352.00"
"POLICE OFFICER","109352.00"
"POLICE OFFICER","109352.00"
"POLICE OFFICER","109352.00"
"POLICE OFFICER","109352.00"
"P.O. DA DET GR3","119248.00"
"POLICE OFFICER","109352.00"
"POLICE OFFICER","109352.00"
"POLICE OFFICER","109352.00"
"POLICE OFFICER","109352.00"
"POLICE OFFICER","109352.00"
"POLICE OFFICER","109352.00"
"P.O. DA DET GR3","119248.00"
"POLICE OFFICER","109352.00"
"POLICE OFFICER","109352.00"
"SERGEANT-","118056.00"
"POLICE OFFICER","109352.00"
"SERGEANT-","96017.00"
"POLICE OFFICER","109352.00"
"POLICE OFFICER","109352.00"
"POLICE OFFICER","109352.00"
"POLICE OFFICER","109352.00"
"POLICE OFFICER","109352.00"
"POLICE OFFICER","109352.00"
"P.O. DA DET GR3","119248.00"
"POLICE OFFICER","109352.00"
"POLICE OFFICER","62872.00"
"POLICE OFFICER","109352.00"
"POLICE OFFICER","109352.00"
"POLICE OFFICER","109352.00"
"P.O. DA DET GR3","119248.00"
"POLICE OFFICER","109352.00"
"POLICE OFFICER","109352.00"
"POLICE OFFICER","109352.00"
"POLICE OFFICER","109352.00"
"P.O. DA DET GR3","78974.00"
"POLICE OFFICER","109352.00"
"SERGEANT-","96281.00"
"POLICE OFFICER","109352.00"
"POLICE OFFICER","109352.00"
"POLICE OFFICER","109352.00"
"POLICE OFFICER","109352.00"
"POLICE OFFICER","109352.00"
"SERGEANT-","96281.00"
"POLICE OFFICER","109352.00"
"POLICE OFFICER","109352.00"
"POLICE OFFICER","109352.00"
"P.O. DA DET GR3","119248.00"
"POLICE OFFICER","109352.00"
"POLICE OFFICER","109352.00"
"POLICE OFFICER","109352.00"
"POLICE OFFICER","109352.00"
"POLICE OFFICER","109352.00"
"POLICE OFFICER","109352.00"
"POLICE OFFICER","109352.00"
"POLICE OFFICER","109352.00"
"POLICE OFFICER","109352.00"
"POLICE OFFICER","109352.00"
"POLICE OFFICER","109352.00"
"POLICE OFFICER","109352.00"
"POLICE OFFICER","109352.00"
"POLICE OFFICER","109352.00"
"POLICE OFFICER","65387.00"
"POLICE OFFICER","109352.00"
"POLICE OFFICER","109352.00"
"POLICE OFFICER","109352.00"
"POLICE OFFICER","109352.00"
"POLICE OFFICER","62872.00"
"POLICE OFFICER","62872.00"
"POLICE OFFICER","109352.00"
"POLICE OFFICER","109352.00"
"POLICE OFFICER","65387.00"
"POLICE OFFICER","109352.00"
"POLICE OFFICER","109352.00"
"POLICE OFFICER","109352.00"
"POLICE OFFICER","65387.00"
"POLICE OFFICER","109352.00"
"POLICE OFFICER","109352.00"
"POLICE OFFICER","58041.00"
"POLICE OFFICER","109352.00"
"POLICE OFFICER","109352.00"
"POLICE OFFICER","62872.00"
"POLICE OFFICER","109352.00"
"POLICE OFFICER","109352.00"
"POLICE OFFICER","59065.00"
"POLICE OFFICER","109352.00"
"SERGEANT-","118056.00"
"POLICE OFFICER","109352.00"
"POLICE OFFICER","109352.00"
"CASHIER","42288.00"
"POLICE OFFICER","60363.00"
"POLICE OFFICER","60363.00"
"POLICE OFFICER","60363.00"
"POLICE OFFICER","60363.00"
"POLICE OFFICER","60363.00"
"POLICE OFFICER","60363.00"
"POLICE OFFICER","59065.00"
"POLICE OFFICER","60363.00"
"POLICE OFFICER","60363.00"
"POLICE OFFICER","59065.00"
"POLICE OFFICER","60363.00"
"POLICE OFFICER","60363.00"
"POLICE OFFICER","60363.00"
"POLICE OFFICER","60363.00"
"POLICE OFFICER","60363.00"
"POLICE OFFICER","60363.00"
"POLICE OFFICER","60363.00"
"POLICE OFFICER","60363.00"
"POLICE OFFICER","65387.00"
"POLICE OFFICER","60363.00"
"POLICE OFFICER","60363.00"
"POLICE OFFICER","60363.00"
"POLICE OFFICER","60363.00"
"POLICE OFFICER","55942.00"
"POLICE OFFICER","60363.00"
"POLICE OFFICER","60363.00"
"POLICE OFFICER","59065.00"
"POLICE OFFICER","60363.00"
"POLICE OFFICER","65387.00"
"POLICE OFFICER","59065.00"
"SCHOOL SAFETY AGENT","39206.00"
"POLICE ADMINISTRATIVE AIDE","50992.00"
"CRIMINALIST","95520.00"
"TRAFFIC ENFORCEMENT AGENT","48769.00"
"TRAFFIC ENFORCEMENT AGENT","48769.00"
"SCHOOL SAFETY AGENT","44388.00"
"POLICE OFFICER","57976.00"
"AGENCY ATTORNEY","102593.00"
"COMMUNITY ASSISTANT","43460.00"
"EVIDENCE AND PROPERTY CONTROL SPECIALIST","65303.00"
"POLICE OFFICER","55942.00"
"AGENCY ATTORNEY","92948.00"
"CRIME ANALYST","63667.00"
"SCHOOL SAFETY AGENT","43093.00"
"POLICE ADMINISTRATIVE AIDE","48631.00"
"TRAFFIC ENFORCEMENT AGENT","47621.00"
"POLICE COMMUNICATIONS TECHNICIAN","47222.00"
"POLICE OFFICER","59065.00"
"POLICE COMMUNICATIONS TECHNICIAN","57805.00"
"CRIMINALIST","92513.00"
"SCHOOL SAFETY AGENT","43093.00"
"CRIME ANALYST","78647.00"
"POLICE OFFICER","55942.00"
"TRAFFIC ENFORCEMENT AGENT","47621.00"
"TRAFFIC ENFORCEMENT AGENT","48769.00"
"POLICE ADMINISTRATIVE AIDE","48631.00"
"TRAFFIC ENFORCEMENT AGENT","48128.00"
"POLICE OFFICER","59065.00"
"POLICE OFFICER","55942.00"
"POLICE OFFICER","57976.00"
"TRAFFIC ENFORCEMENT AGENT","47621.00"
"TRAFFIC ENFORCEMENT AGENT","47621.00"
"POLICE OFFICER","57976.00"
"POLICE OFFICER","60363.00"
"POLICE ADMINISTRATIVE AIDE","48631.00"
"POLICE OFFICER","55942.00"
"COMPUTER ASSOCIATE","66458.00"
"POLICE OFFICER","60363.00"
"TRAFFIC ENFORCEMENT AGENT","48769.00"
"POLICE ADMINISTRATIVE AIDE","44396.00"
"CRIME ANALYST","63667.00"
"POLICE COMMUNICATIONS TECHNICIAN","57805.00"
"POLICE OFFICER","57976.00"
"POLICE OFFICER","109352.00"
"POLICE OFFICER","59065.00"
"POLICE COMMUNICATIONS TECHNICIAN","47222.00"
"POLICE OFFICER","55942.00"
"POLICE OFFICER","55942.00"
"ADMINISTRATIVE PROCUREMENT ANALYST-NON-MGRL","82846.00"
"POLICE OFFICER","55942.00"
"POLICE OFFICER","57976.00"
"POLICE OFFICER","55942.00"
"TRAFFIC ENFORCEMENT AGENT","47621.00"
"POLICE ADMINISTRATIVE AIDE","48631.00"
"POLICE OFFICER","57976.00"
"TRAFFIC ENFORCEMENT AGENT","46726.00"
"POLICE ADMINISTRATIVE AIDE","48631.00"
"PSYCHOLOGIST","95623.00"
"POLICE ATTENDANT","49688.00"
"SCHOOL SAFETY AGENT","40502.00"
"SCHOOL SAFETY AGENT","41797.00"
"POLICE OFFICER","59065.00"
"BOOKKEEPER","57953.00"
"POLICE OFFICER","59065.00"
"TRAFFIC ENFORCEMENT AGENT","47835.00"
"TRAFFIC ENFORCEMENT AGENT","49205.00"
"TRAFFIC ENFORCEMENT AGENT","49270.00"
"PSYCHOLOGIST","95211.00"
"POLICE OFFICER","57976.00"
"TRAFFIC ENFORCEMENT AGENT","49270.00"
"POLICE OFFICER","60363.00"
"TRAFFIC ENFORCEMENT AGENT","49205.00"
"TRAFFIC ENFORCEMENT AGENT","49270.00"
"POLICE OFFICER","60363.00"
"POLICE OFFICER","55942.00"
"TRAFFIC ENFORCEMENT AGENT","49270.00"
"TRAFFIC ENFORCEMENT AGENT","49270.00"
"POLICE OFFICER","60363.00"
"TRAFFIC ENFORCEMENT AGENT","49270.00"
"TRAFFIC ENFORCEMENT AGENT","47621.00"
"TRAFFIC ENFORCEMENT AGENT","49270.00"
"TRAFFIC ENFORCEMENT AGENT","49270.00"
"TRAFFIC ENFORCEMENT AGENT","49270.00"
"TRAFFIC ENFORCEMENT AGENT","47349.00"
"TRAFFIC ENFORCEMENT AGENT","49270.00"
"POLICE OFFICER","60363.00"
"TRAFFIC ENFORCEMENT AGENT","49270.00"
"TRAFFIC ENFORCEMENT AGENT","53994.00"
"POLICE OFFICER","60363.00"
"POLICE OFFICER","109352.00"
"POLICE OFFICER","109352.00"
"POLICE OFFICER","109352.00"
"POLICE OFFICER","65387.00"
"POLICE OFFICER","109352.00"
"POLICE OFFICER","109352.00"
"POLICE OFFICER","109352.00"
"POLICE OFFICER","65387.00"
"POLICE OFFICER","109352.00"
"POLICE OFFICER","109352.00"
"POLICE OFFICER","60363.00"
"POLICE OFFICER","109352.00"
"POLICE OFFICER","109352.00"
"POLICE OFFICER","109352.00"
"POLICE OFFICER","109352.00"
"POLICE OFFICER","109352.00"
"POLICE OFFICER","65387.00"
"POLICE OFFICER","109352.00"
"POLICE OFFICER","65387.00"
"POLICE OFFICER","109352.00"
"POLICE OFFICER","109352.00"
"P.O. DET SPEC","119248.00"
"POLICE OFFICER","109352.00"
"POLICE OFFICER","65387.00"
"POLICE OFFICER","65387.00"
"POLICE OFFICER","109352.00"
"POLICE OFFICER","109352.00"
"POLICE OFFICER","109352.00"
"POLICE OFFICER","109352.00"
"POLICE OFFICER","109352.00"
"POLICE OFFICER","109352.00"
"POLICE OFFICER","109352.00"
"POLICE OFFICER","109352.00"
"POLICE OFFICER","109352.00"
"POLICE OFFICER","109352.00"
"POLICE OFFICER","109352.00"
"POLICE OFFICER","109352.00"
"POLICE OFFICER","109352.00"
"POLICE OFFICER","109352.00"
"POLICE OFFICER","109352.00"
"POLICE OFFICER","109352.00"
"POLICE OFFICER","109352.00"
"P.O. DA DET GR3","119248.00"
"POLICE OFFICER","109352.00"
"POLICE OFFICER","109352.00"
"POLICE OFFICER","65387.00"
"POLICE OFFICER","109352.00"
"POLICE OFFICER","60363.00"
"POLICE OFFICER","109352.00"
"POLICE OFFICER","109352.00"
"POLICE OFFICER","109352.00"
"POLICE OFFICER","109352.00"
"POLICE OFFICER","109352.00"
"P.O. DA DET GR3","119248.00"
"POLICE OFFICER","109352.00"
"POLICE OFFICER","109352.00"
"POLICE OFFICER","109352.00"
"POLICE OFFICER","109352.00"
"POLICE OFFICER","109352.00"
"POLICE OFFICER","109352.00"
"POLICE OFFICER","109352.00"
"POLICE OFFICER","109352.00"
"POLICE OFFICER","109352.00"
"POLICE OFFICER","109352.00"
"POLICE OFFICER","109352.00"
"POLICE OFFICER","109352.00"
"POLICE OFFICER","109352.00"
"POLICE OFFICER","109352.00"
"POLICE OFFICER","109352.00"
"POLICE OFFICER","60363.00"
"POLICE OFFICER","109352.00"
"POLICE OFFICER","109352.00"
"POLICE OFFICER","109352.00"
"POLICE OFFICER","109352.00"
"P.O. DA DET GR3","88026.00"
"POLICE OFFICER","109352.00"
"POLICE OFFICER","109352.00"
"POLICE OFFICER","109352.00"
"POLICE OFFICER","109352.00"
"POLICE OFFICER","109352.00"
"POLICE OFFICER","109352.00"
"POLICE OFFICER","109352.00"
"POLICE OFFICER","109352.00"
"POLICE OFFICER","109352.00"
"POLICE OFFICER","109352.00"
"POLICE OFFICER","109352.00"
"POLICE OFFICER","109352.00"
"POLICE OFFICER","109352.00"
"POLICE OFFICER","109352.00"
"POLICE OFFICER","109352.00"
"POLICE OFFICER","109352.00"
"POLICE OFFICER","109352.00"
"POLICE OFFICER","109352.00"
"POLICE OFFICER","109352.00"
"POLICE OFFICER","109352.00"
"POLICE OFFICER","109352.00"
"POLICE OFFICER","109352.00"
"POLICE OFFICER","109352.00"
"POLICE OFFICER","109352.00"
"POLICE OFFICER","109352.00"
"POLICE OFFICER","109352.00"
"POLICE OFFICER","109352.00"
"POLICE OFFICER","109352.00"
"POLICE OFFICER","109352.00"
"POLICE OFFICER","109352.00"
"POLICE OFFICER","109352.00"
"POLICE OFFICER","65387.00"
"POLICE OFFICER","109352.00"
"POLICE OFFICER","62872.00"
"POLICE OFFICER","62872.00"
"POLICE OFFICER","65387.00"
"POLICE OFFICER","65387.00"
"POLICE OFFICER","109352.00"
"POLICE OFFICER","109352.00"
"POLICE OFFICER","109352.00"
"POLICE OFFICER","109352.00"
"POLICE OFFICER","109352.00"
"POLICE OFFICER","109352.00"
"POLICE OFFICER","109352.00"
"POLICE OFFICER","109352.00"
"POLICE OFFICER","109352.00"
"POLICE OFFICER","109352.00"
"POLICE OFFICER","109352.00"
"POLICE OFFICER","109352.00"
"POLICE OFFICER","109352.00"
"POLICE OFFICER","109352.00"
"POLICE OFFICER","109352.00"
"POLICE OFFICER","109352.00"
"POLICE OFFICER","109352.00"
"POLICE OFFICER","109352.00"
"POLICE OFFICER","62872.00"
"POLICE OFFICER","65387.00"
"POLICE OFFICER","109352.00"
"POLICE OFFICER","109352.00"
"POLICE OFFICER","109352.00"
"POLICE OFFICER","109352.00"
"POLICE OFFICER","109352.00"
"POLICE OFFICER","109352.00"
"POLICE OFFICER","109352.00"
"POLICE OFFICER","109352.00"
"POLICE OFFICER","109352.00"
"POLICE OFFICER","109352.00"
"POLICE OFFICER","109352.00"
"POLICE OFFICER","109352.00"
"POLICE OFFICER","109352.00"
"POLICE OFFICER","109352.00"
"POLICE OFFICER","109352.00"
"POLICE OFFICER","60363.00"
"POLICE OFFICER","109352.00"
"POLICE OFFICER","109352.00"
"POLICE OFFICER","109352.00"
"POLICE OFFICER","109352.00"
"POLICE OFFICER","109352.00"
"POLICE OFFICER","109352.00"
"POLICE OFFICER","109352.00"
"POLICE OFFICER","62872.00"
"POLICE OFFICER","59065.00"
"SCHOOL SAFETY AGENT","44388.00"
"POLICE OFFICER","60363.00"
"SCHOOL SAFETY AGENT","44388.00"
"POLICE OFFICER","55942.00"
"POLICE OFFICER","55942.00"
"SCHOOL SAFETY AGENT","44388.00"
"SCHOOL SAFETY AGENT","44388.00"
"SCHOOL SAFETY AGENT","44388.00"
"POLICE OFFICER","57976.00"
"POLICE OFFICER","59065.00"
"SCHOOL SAFETY AGENT","44388.00"
"POLICE OFFICER","60363.00"
"POLICE OFFICER","60363.00"
"POLICE OFFICER","60363.00"
"POLICE OFFICER","60363.00"
"POLICE OFFICER","57976.00"
"POLICE OFFICER","60363.00"
"SCHOOL SAFETY AGENT","44388.00"
"SCHOOL SAFETY AGENT","44388.00"
"POLICE OFFICER","55942.00"
"SCHOOL SAFETY AGENT","44388.00"
"SCHOOL SAFETY AGENT","44388.00"
"SCHOOL SAFETY AGENT","44388.00"
"SCHOOL SAFETY AGENT","44388.00"
"CRIME ANALYST","59867.00"
"POLICE OFFICER","57976.00"
"POLICE ADMINISTRATIVE AIDE","48631.00"
"SCHOOL SAFETY AGENT","44388.00"
"MANAGEMENT AUDITOR TRAINEE","60710.00"
"TRAFFIC ENFORCEMENT AGENT","47621.00"
"CLERICAL ASSOCIATE MOST MAYORAL AG","53479.00"
"CRIMINALIST","95520.00"
"POLICE OFFICER","59065.00"
"TRAFFIC ENFORCEMENT AGENT","48769.00"
"POLICE OFFICER","55942.00"
"SCHOOL SAFETY AGENT","40502.00"
"SCHOOL SAFETY AGENT","41797.00"
"POLICE OFFICER","60363.00"
"POLICE OFFICER","59065.00"
"POLICE OFFICER","59065.00"
"POLICE OFFICER","55942.00"
"INTELLIGENCE RESEARCH SPECIALIST-PD","111091.00"
"TELECOMMUNICATIONS ASSOCIATE","110399.00"
"POLICE OFFICER","57976.00"
"COMMUNITY ASSISTANT","43460.00"
"SCHOOL SAFETY AGENT","39206.00"
"POLICE OFFICER","57976.00"
"POLICE OFFICER","57976.00"
"POLICE OFFICER","55942.00"
"CRIMINALIST","95520.00"
"ADMINISTRATIVE ARCHITECT","174432.00"
"POLICE OFFICER","55942.00"
"POLICE OFFICER","59065.00"
"POLICE ADMINISTRATIVE AIDE","48631.00"
"POLICE ADMINISTRATIVE AIDE","48631.00"
"POLICE ADMINISTRATIVE AIDE","48631.00"
"POLICE OFFICER","59065.00"
"POLICE OFFICER","55942.00"
"SENIOR POLICE ADMINISTRATIVE AIDE","58707.00"
"POLICE ADMINISTRATIVE AIDE","48631.00"
"POLICE ADMINISTRATIVE AIDE","48631.00"
"POLICE OFFICER","59065.00"
"SENIOR POLICE ADMINISTRATIVE AIDE","58707.00"
"SENIOR POLICE ADMINISTRATIVE AIDE","58707.00"
"POLICE ADMINISTRATIVE AIDE","40957.00"
"POLICE ADMINISTRATIVE AIDE","48631.00"
"POLICE ADMINISTRATIVE AIDE","48631.00"
"POLICE ADMINISTRATIVE AIDE","47100.00"
"POLICE ADMINISTRATIVE AIDE","47100.00"
"POLICE ADMINISTRATIVE AIDE","48631.00"
"POLICE ADMINISTRATIVE AIDE","48631.00"
"POLICE ADMINISTRATIVE AIDE","51380.00"
"POLICE ADMINISTRATIVE AIDE","48631.00"
"POLICE ADMINISTRATIVE AIDE","48631.00"
"POLICE ADMINISTRATIVE AIDE","48631.00"
"POLICE ADMINISTRATIVE AIDE","48631.00"
"POLICE ADMINISTRATIVE AIDE","48631.00"
"POLICE ADMINISTRATIVE AIDE","48631.00"
"POLICE ADMINISTRATIVE AIDE","48631.00"
"POLICE OFFICER","59065.00"
"POLICE OFFICER","59065.00"
"TRAFFIC ENFORCEMENT AGENT","49270.00"
"TRAFFIC ENFORCEMENT AGENT","49270.00"
"TRAFFIC ENFORCEMENT AGENT","48128.00"
"TRAFFIC ENFORCEMENT AGENT","48128.00"
"TRAFFIC ENFORCEMENT AGENT","49270.00"
"TRAFFIC ENFORCEMENT AGENT","49270.00"
"TRAFFIC ENFORCEMENT AGENT","49205.00"
"TRAFFIC ENFORCEMENT AGENT","49270.00"
"POLICE OFFICER","57976.00"
"POLICE OFFICER","59065.00"
"TRAFFIC ENFORCEMENT AGENT","47185.00"
"TRAFFIC ENFORCEMENT AGENT","49270.00"
"TRAFFIC ENFORCEMENT AGENT","47349.00"
"TRAFFIC ENFORCEMENT AGENT","49205.00"
"TRAFFIC ENFORCEMENT AGENT","49270.00"
"POLICE OFFICER","60363.00"
"TRAFFIC ENFORCEMENT AGENT","49270.00"
"TRAFFIC ENFORCEMENT AGENT","49205.00"
"TRAFFIC ENFORCEMENT AGENT","46726.00"
"POLICE OFFICER","57976.00"
"TRAFFIC ENFORCEMENT AGENT","49270.00"
"TRAFFIC ENFORCEMENT AGENT","47349.00"
"TRAFFIC ENFORCEMENT AGENT","49205.00"
"TRAFFIC ENFORCEMENT AGENT","49270.00"
"TRAFFIC ENFORCEMENT AGENT","49270.00"
"TRAFFIC ENFORCEMENT AGENT","49270.00"
"TRAFFIC ENFORCEMENT AGENT","49270.00"
"TRAFFIC ENFORCEMENT AGENT","49205.00"
"TRAFFIC ENFORCEMENT AGENT","49270.00"
"TRAFFIC ENFORCEMENT AGENT","49270.00"
"TRAFFIC ENFORCEMENT AGENT","45811.00"
"TRAFFIC ENFORCEMENT AGENT","49205.00"
"TRAFFIC ENFORCEMENT AGENT","47349.00"
"TRAFFIC ENFORCEMENT AGENT","49270.00"
"TRAFFIC ENFORCEMENT AGENT","49270.00"
"TRAFFIC ENFORCEMENT AGENT","49270.00"
"TRAFFIC ENFORCEMENT AGENT","49270.00"
"TRAFFIC ENFORCEMENT AGENT","49270.00"
"TRAFFIC ENFORCEMENT AGENT","49205.00"
"TRAFFIC ENFORCEMENT AGENT","49270.00"
"TRAFFIC ENFORCEMENT AGENT","49205.00"
"CITY CUSTODIAL ASSISTANT","42898.00"
"CITY CUSTODIAL ASSISTANT","42898.00"
"POLICE ADMINISTRATIVE AIDE","48631.00"
"COMMUNITY ASSISTANT","43460.00"
"POLICE OFFICER","60363.00"
"POLICE OFFICER","60363.00"
"POLICE OFFICER","60363.00"
"POLICE OFFICER","60363.00"
"POLICE OFFICER","60363.00"
"POLICE OFFICER","60363.00"
"POLICE OFFICER","60363.00"
"POLICE OFFICER","60363.00"
"POLICE OFFICER","60363.00"
"POLICE OFFICER","60363.00"
"POLICE OFFICER","60363.00"
"POLICE OFFICER","60363.00"
"POLICE OFFICER","60363.00"
"POLICE OFFICER","60363.00"
"POLICE OFFICER","60363.00"
"POLICE OFFICER","60363.00"
"POLICE OFFICER","60363.00"
"POLICE OFFICER","60363.00"
"POLICE OFFICER","60363.00"
"POLICE OFFICER","60363.00"
"POLICE OFFICER","60363.00"
"POLICE OFFICER","60363.00"
"POLICE OFFICER","55942.00"
"POLICE OFFICER","60363.00"
"POLICE OFFICER","60363.00"
"POLICE OFFICER","60363.00"
"POLICE OFFICER","60363.00"
"POLICE OFFICER","60363.00"
"POLICE OFFICER","60363.00"
"POLICE OFFICER","60363.00"
"POLICE OFFICER","60363.00"
"POLICE OFFICER","60363.00"
"POLICE OFFICER","60363.00"
"POLICE OFFICER","57976.00"
"POLICE OFFICER","60363.00"
"POLICE OFFICER","60363.00"
"POLICE OFFICER","60363.00"
"POLICE OFFICER","60363.00"
"POLICE OFFICER","60363.00"
"POLICE OFFICER","60363.00"
"POLICE OFFICER","60363.00"
"POLICE OFFICER","60363.00"
"POLICE OFFICER","55942.00"
"POLICE OFFICER","60363.00"
"POLICE OFFICER","60363.00"
"POLICE OFFICER","60363.00"
"POLICE OFFICER","60363.00"
"POLICE OFFICER","60363.00"
"POLICE OFFICER","60363.00"
"POLICE OFFICER","60363.00"
"POLICE OFFICER","60363.00"
"POLICE OFFICER","60363.00"
"POLICE OFFICER","60363.00"
"POLICE OFFICER","60363.00"
"POLICE OFFICER","60363.00"
"POLICE OFFICER","60363.00"
"POLICE OFFICER","59065.00"
"POLICE OFFICER","60363.00"
"POLICE OFFICER","60363.00"
"POLICE OFFICER","60363.00"
"POLICE OFFICER","60363.00"
"POLICE OFFICER","60363.00"
"POLICE OFFICER","60363.00"
"POLICE OFFICER","60363.00"
"POLICE OFFICER","60363.00"
"POLICE OFFICER","60363.00"
"POLICE OFFICER","60363.00"
"POLICE OFFICER","60363.00"
"POLICE OFFICER","60363.00"
"POLICE OFFICER","60363.00"
"POLICE OFFICER","60363.00"
"POLICE OFFICER","60363.00"
"POLICE OFFICER","59065.00"
"POLICE OFFICER","60363.00"
"POLICE OFFICER","60363.00"
"POLICE OFFICER","59065.00"
"POLICE OFFICER","60363.00"
"POLICE OFFICER","60363.00"
"POLICE OFFICER","60363.00"
"POLICE OFFICER","60363.00"
"POLICE OFFICER","60363.00"
"POLICE OFFICER","60363.00"
"POLICE OFFICER","60363.00"
"POLICE OFFICER","60363.00"
"POLICE OFFICER","60363.00"
"POLICE OFFICER","60363.00"
"POLICE OFFICER","60363.00"
"POLICE OFFICER","60363.00"
"POLICE OFFICER","60363.00"
"POLICE OFFICER","60363.00"
"POLICE OFFICER","60363.00"
"POLICE OFFICER","60363.00"
"POLICE OFFICER","60363.00"
"POLICE OFFICER","60363.00"
"POLICE OFFICER","60363.00"
"POLICE OFFICER","60363.00"
"POLICE OFFICER","60363.00"
"POLICE OFFICER","60363.00"
"POLICE OFFICER","60363.00"
"POLICE OFFICER","60363.00"
"POLICE OFFICER","60363.00"
"POLICE OFFICER","60363.00"
"POLICE OFFICER","60363.00"
"POLICE OFFICER","60363.00"
"POLICE OFFICER","60363.00"
"POLICE OFFICER","59065.00"
"POLICE OFFICER","60363.00"
"POLICE OFFICER","60363.00"
"POLICE OFFICER","60363.00"
"POLICE OFFICER","60363.00"
"POLICE OFFICER","60363.00"
"POLICE OFFICER","60363.00"
"POLICE OFFICER","60363.00"
"POLICE OFFICER","60363.00"
"POLICE OFFICER","60363.00"
"POLICE OFFICER","60363.00"
"POLICE OFFICER","60363.00"
"POLICE OFFICER","60363.00"
"POLICE OFFICER","60363.00"
"POLICE OFFICER","60363.00"
"POLICE OFFICER","60363.00"
"POLICE OFFICER","60363.00"
"POLICE OFFICER","60363.00"
"POLICE OFFICER","60363.00"
"POLICE OFFICER","60363.00"
"POLICE OFFICER","60363.00"
"POLICE OFFICER","60363.00"
"P.O. DA DET GR3","84599.00"
"POLICE OFFICER","60363.00"
"POLICE OFFICER","60363.00"
"POLICE OFFICER","60363.00"
"POLICE OFFICER","60363.00"
"POLICE OFFICER","60363.00"
"POLICE OFFICER","60363.00"
"POLICE OFFICER","60363.00"
"POLICE OFFICER","60363.00"
"POLICE OFFICER","60363.00"
"POLICE OFFICER","60363.00"
"POLICE OFFICER","60363.00"
"POLICE OFFICER","60363.00"
"POLICE OFFICER","60363.00"
"POLICE OFFICER","60363.00"
"POLICE OFFICER","60363.00"
"POLICE OFFICER","60363.00"
"POLICE OFFICER","60363.00"
"POLICE OFFICER","60363.00"
"POLICE OFFICER","60363.00"
"POLICE OFFICER","60363.00"
"POLICE OFFICER","60363.00"
"POLICE OFFICER","60363.00"
"POLICE OFFICER","60363.00"
"POLICE OFFICER","60363.00"
"POLICE OFFICER","60363.00"
"POLICE OFFICER","60363.00"
"POLICE OFFICER","60363.00"
"POLICE OFFICER","60363.00"
"POLICE OFFICER","60363.00"
"POLICE OFFICER","60363.00"
"POLICE OFFICER","60363.00"
"POLICE OFFICER","60363.00"
"POLICE OFFICER","56793.00"
"POLICE OFFICER","60363.00"
"POLICE OFFICER","60363.00"
"POLICE OFFICER","56793.00"
"POLICE OFFICER","60363.00"
"POLICE OFFICER","60363.00"
"POLICE OFFICER","60363.00"
"POLICE OFFICER","59065.00"
"POLICE OFFICER","60363.00"
"POLICE OFFICER","60363.00"
"POLICE OFFICER","60363.00"
"POLICE OFFICER","60363.00"
"POLICE OFFICER","60363.00"
"POLICE OFFICER","60363.00"
"POLICE OFFICER","60363.00"
"POLICE OFFICER","60363.00"
"POLICE OFFICER","60363.00"
"POLICE OFFICER","60363.00"
"POLICE OFFICER","60363.00"
"POLICE OFFICER","60363.00"
"POLICE OFFICER","60363.00"
"POLICE OFFICER","60363.00"
"POLICE OFFICER","60363.00"
"POLICE OFFICER","60363.00"
"POLICE OFFICER","60363.00"
"POLICE OFFICER","60363.00"
"POLICE OFFICER","60363.00"
"POLICE OFFICER","60363.00"
"POLICE OFFICER","60363.00"
"POLICE OFFICER","60363.00"
"POLICE OFFICER","56793.00"
"POLICE OFFICER","60363.00"
"POLICE OFFICER","59065.00"
"POLICE OFFICER","60363.00"
"POLICE OFFICER","60363.00"
"POLICE OFFICER","60363.00"
"POLICE OFFICER","60363.00"
"POLICE OFFICER","60363.00"
"POLICE OFFICER","53790.00"
"POLICE OFFICER","60363.00"
"POLICE OFFICER","59065.00"
"POLICE OFFICER","57976.00"
"POLICE OFFICER","60363.00"
"POLICE OFFICER","60363.00"
"POLICE OFFICER","60363.00"
"POLICE OFFICER","60363.00"
"POLICE OFFICER","60363.00"
"POLICE OFFICER","60363.00"
"POLICE OFFICER","60363.00"
"POLICE OFFICER","60363.00"
"POLICE OFFICER","60363.00"
"POLICE OFFICER","60363.00"
"POLICE OFFICER","55942.00"
"SENIOR IT ARCHITECT","180124.00"
"POLICE ADMINISTRATIVE AIDE","48631.00"
"SCHOOL SAFETY AGENT","41797.00"
"POLICE OFFICER","55942.00"
"POLICE OFFICER","55942.00"
"SCHOOL SAFETY AGENT","39206.00"
"POLICE OFFICER","59065.00"
"POLICE OFFICER","55942.00"
"POLICE OFFICER","55942.00"
"POLICE COMMUNICATIONS TECHNICIAN","55985.00"
"POLICE COMMUNICATIONS TECHNICIAN","61883.00"
"POLICE COMMUNICATIONS TECHNICIAN","61883.00"
"POLICE COMMUNICATIONS TECHNICIAN","61883.00"
"POLICE COMMUNICATIONS TECHNICIAN","61883.00"
"POLICE COMMUNICATIONS TECHNICIAN","61883.00"
"POLICE COMMUNICATIONS TECHNICIAN","61883.00"
"POLICE COMMUNICATIONS TECHNICIAN","61883.00"
"POLICE COMMUNICATIONS TECHNICIAN","61883.00"
"POLICE COMMUNICATIONS TECHNICIAN","44265.00"
"POLICE COMMUNICATIONS TECHNICIAN","57805.00"
"POLICE COMMUNICATIONS TECHNICIAN","61883.00"
"POLICE OFFICER","59065.00"
"POLICE COMMUNICATIONS TECHNICIAN","61883.00"
"POLICE COMMUNICATIONS TECHNICIAN","57805.00"
"POLICE COMMUNICATIONS TECHNICIAN","47222.00"
"POLICE COMMUNICATIONS TECHNICIAN","61883.00"
"POLICE COMMUNICATIONS TECHNICIAN","59935.00"
"POLICE OFFICER","55942.00"
"POLICE OFFICER","60363.00"
"POLICE COMMUNICATIONS TECHNICIAN","61883.00"
"POLICE COMMUNICATIONS TECHNICIAN","61883.00"
"ASSOCIATE FINGERPRINT TECHNICIAN","36797.00"
"CRIMINALIST","76620.00"
"AUTOMOTIVE SERVICE WORKER","54331.00"
"POLICE SURGEON","159884.00"
"CRIMINALIST","76620.00"
"POLICE COMMUNICATIONS TECHNICIAN","61883.00"
"POLICE OFFICER","57976.00"
"POLICE OFFICER","55942.00"
"POLICE OFFICER","55942.00"
"CRIME ANALYST","63667.00"
"POLICE OFFICER","59065.00"
"PSYCHOLOGIST","95211.00"
"POLICE OFFICER","55942.00"
"POLICE OFFICER","55942.00"
"SENIOR PHOTOGRAPHER","62410.00"
"POLICE OFFICER","55942.00"
"POLICE OFFICER","59065.00"
"SCHOOL SAFETY AGENT","41797.00"
"SCHOOL SAFETY AGENT","36955.00"
"POLICE COMMUNICATIONS TECHNICIAN","57805.00"
"POLICE OFFICER","59065.00"
"POLICE OFFICER","57976.00"
"POLICE OFFICER","60363.00"
"POLICE OFFICER","55942.00"
"POLICE OFFICER","59065.00"
"SCHOOL SAFETY AGENT","39206.00"
"POLICE OFFICER","59065.00"
"MANAGER OF RADIO REPAIR OPERATIONS","195735.00"
"STAFF ANALYST","80856.00"
"POLICE OFFICER","55942.00"
"POLICE OFFICER","59065.00"
"MEDIA SERVICES TECHNICIAN","65617.00"
"POLICE OFFICER","55942.00"
"POLICE OFFICER","55942.00"
"ASSOCIATE PUBLIC INFORMATION SPECIALIST","42761.00"
"POLICE OFFICER","55942.00"
"SENIOR IT ARCHITECT","188159.00"
"POLICE OFFICER","57976.00"
"POLICE ATTENDANT","43207.00"
"POLICE OFFICER","59065.00"
"POLICE OFFICER","59065.00"
"POLICE ADMINISTRATIVE AIDE","48631.00"
"POLICE OFFICER","57976.00"
"POLICE OFFICER","55942.00"
"POLICE OFFICER","57976.00"
"POLICE OFFICER","55942.00"
"ASSISTANT ELECTRICAL ENGINEER","98486.00"
"EXECUTIVE AGENCY COUNSEL","166026.00"
"POLICE OFFICER","55942.00"
"POLICE OFFICER","57976.00"
"POLICE OFFICER","59065.00"
"POLICE ADMINISTRATIVE AIDE","48631.00"
"POLICE OFFICER","59065.00"
"TRAFFIC ENFORCEMENT AGENT","48769.00"
"TRAFFIC ENFORCEMENT AGENT","48769.00"
"POLICE OFFICER","59065.00"
"POLICE OFFICER","50620.00"
"TRAFFIC ENFORCEMENT AGENT","48769.00"
"TRAFFIC ENFORCEMENT AGENT","48128.00"
"TRAFFIC ENFORCEMENT AGENT","48769.00"
"TRAFFIC ENFORCEMENT AGENT","48769.00"
"TRAFFIC ENFORCEMENT AGENT","48769.00"
"TRAFFIC ENFORCEMENT AGENT","48769.00"
"EVIDENCE AND PROPERTY CONTROL SPECIALIST","65303.00"
"TRAFFIC ENFORCEMENT AGENT","48769.00"
"TRAFFIC ENFORCEMENT AGENT","46726.00"
"TRAFFIC ENFORCEMENT AGENT","48769.00"
"TRAFFIC ENFORCEMENT AGENT","48769.00"
"TRAFFIC ENFORCEMENT AGENT","48769.00"
"TRAFFIC ENFORCEMENT AGENT","48769.00"
"TRAFFIC ENFORCEMENT AGENT","48769.00"
"POLICE OFFICER","57976.00"
"POLICE OFFICER","59065.00"
"TRAFFIC ENFORCEMENT AGENT","48769.00"
"TRAFFIC ENFORCEMENT AGENT","48769.00"
"TRAFFIC ENFORCEMENT AGENT","48769.00"
"POLICE OFFICER","59065.00"
"POLICE ADMINISTRATIVE AIDE","48631.00"
"POLICE OFFICER","57976.00"
"POLICE COMMUNICATIONS TECHNICIAN","61883.00"
"POLICE OFFICER","55942.00"
"MEDIA SERVICES TECHNICIAN","65617.00"
"SCHOOL SAFETY AGENT","41797.00"
"POLICE OFFICER","55942.00"
"POLICE OFFICER","55942.00"
"IT SERVICE MANAGEMENT SPECIALIST","124107.00"
"PHOTOGRAPHER","56590.00"
"POLICE OFFICER","59065.00"
"POLICE OFFICER","59065.00"
"POLICE COMMUNICATIONS TECHNICIAN","61883.00"
"TRAFFIC ENFORCEMENT AGENT","42738.00"
"POLICE OFFICER","59065.00"
"POLICE OFFICER","55942.00"
"POLICE OFFICER","57976.00"
"POLICE SURGEON","155850.00"
"INTELLIGENCE RESEARCH SPECIALIST-PD","99516.00"
"TELEPHONE SERVICE TECHNICIAN","85465.00"
"POLICE COMMUNICATIONS TECHNICIAN","61883.00"
"POLICE OFFICER","57976.00"
"SCHOOL SAFETY AGENT","41797.00"
"POLICE COMMUNICATIONS TECHNICIAN","61883.00"
"COMMUNITY ASSISTANT","43460.00"
"POLICE COMMUNICATIONS TECHNICIAN","61883.00"
"POLICE COMMUNICATIONS TECHNICIAN","43110.00"
"POLICE OFFICER","55942.00"
"POLICE OFFICER","57976.00"
"SCHOOL SAFETY AGENT","43093.00"
"POLICE OFFICER","57976.00"
"POLICE OFFICER","57976.00"
"POLICE OFFICER","59065.00"
"POLICE OFFICER","57976.00"
"POLICE COMMUNICATIONS TECHNICIAN","61883.00"
"POLICE OFFICER","55942.00"
"SCHOOL SAFETY AGENT","39206.00"
"SCHOOL SAFETY AGENT","41797.00"
"ASSOCIATE STAFF ANALYST","99758.00"
"POLICE OFFICER","57976.00"
"TRAFFIC ENFORCEMENT AGENT","46726.00"
"POLICE ADMINISTRATIVE AIDE","48631.00"
"SCHOOL SAFETY AGENT","39398.00"
"POLICE OFFICER","55942.00"
"AGENCY ATTORNEY","95450.00"
"POLICE OFFICER","59065.00"
"TRAFFIC ENFORCEMENT AGENT","47621.00"
"POLICE OFFICER","60363.00"
"POLICE OFFICER","55942.00"
"SCHOOL SAFETY AGENT","38177.00"
"POLICE OFFICER","59065.00"
"POLICE OFFICER","55942.00"
"POLICE OFFICER","55942.00"
"POLICE OFFICER","60363.00"
"BOOKBINDER","49332.00"
"POLICE OFFICER","55942.00"
"POLICE OFFICER","60363.00"
"ASSOCIATE STAFF ANALYST","91394.00"
"CRIMINALIST","76620.00"
"CRIMINALIST","76620.00"
"POLICE OFFICER","57976.00"
"SENIOR PHOTOGRAPHER","64282.00"
"SCHOOL SAFETY AGENT","41797.00"
"POLICE OFFICER","55942.00"
"POLICE OFFICER","59065.00"
"POLICE OFFICER","55942.00"
"COMMUNITY ASSISTANT","43460.00"
"POLICE ADMINISTRATIVE AIDE","48631.00"
"COMMUNITY ASSISTANT","43460.00"
"SCHOOL SAFETY AGENT","41797.00"
"SCHOOL SAFETY AGENT","41797.00"
"COMMUNITY ASSISTANT","43460.00"
"AUTOMOTIVE SERVICE WORKER","46389.00"
"POLICE OFFICER","57976.00"
"POLICE COMMUNICATIONS TECHNICIAN","47222.00"
"POLICE OFFICER","60363.00"
"POLICE ADMINISTRATIVE AIDE","39763.00"
"POLICE OFFICER","57976.00"
"POLICE OFFICER","59065.00"
"PSYCHOLOGIST","109018.00"
"CITY CUSTODIAL ASSISTANT","42898.00"
"POLICE OFFICER","55942.00"
"POLICE OFFICER","55942.00"
"COMMUNITY ASSISTANT","43460.00"
"POLICE OFFICER","59065.00"
"COMMUNITY ASSISTANT","43460.00"
"POLICE OFFICER","55942.00"
"POLICE ADMINISTRATIVE AIDE","48631.00"
"COMMUNITY ASSISTANT","42092.00"
"CRIMINALIST","76620.00"
"POLICE OFFICER","59065.00"
"COMMUNITY ASSISTANT","43460.00"
"POLICE ADMINISTRATIVE AIDE","48631.00"
"POLICE OFFICER","59065.00"
"POLICE OFFICER","57976.00"
"SCHOOL SAFETY AGENT","39206.00"
"SCHOOL SAFETY AGENT","39206.00"
"POLICE OFFICER","55942.00"
"POLICE OFFICER","55942.00"
"TRAFFIC ENFORCEMENT AGENT","47185.00"
"POLICE OFFICER","55942.00"
"CRIMINALIST","76620.00"
"POLICE OFFICER","55942.00"
"SCHOOL SAFETY AGENT","39206.00"
"POLICE OFFICER","55942.00"
"SCHOOL SAFETY AGENT","43093.00"
"POLICE OFFICER","57976.00"
"SCHOOL SAFETY AGENT","41797.00"
"POLICE OFFICER","57976.00"
"SCHOOL SAFETY AGENT","40502.00"
"SCHOOL SAFETY AGENT","41797.00"
"POLICE ADMINISTRATIVE AIDE","48631.00"
"SCHOOL SAFETY AGENT","40580.00"
"POLICE OFFICER","59065.00"
"SCHOOL SAFETY AGENT","43093.00"
"POLICE OFFICER","57976.00"
"POLICE OFFICER","55942.00"
"POLICE OFFICER","59065.00"
"SCHOOL SAFETY AGENT","43093.00"
"SCHOOL SAFETY AGENT","43093.00"
"SCHOOL SAFETY AGENT","43093.00"
"SCHOOL SAFETY AGENT","41797.00"
"SCHOOL SAFETY AGENT","43093.00"
"SCHOOL SAFETY AGENT","41797.00"
"SCHOOL SAFETY AGENT","43093.00"
"SCHOOL SAFETY AGENT","41797.00"
"SCHOOL SAFETY AGENT","41797.00"
"SCHOOL SAFETY AGENT","43093.00"
"SCHOOL SAFETY AGENT","43093.00"
"SCHOOL SAFETY AGENT","41797.00"
"SCHOOL SAFETY AGENT","40502.00"
"SCHOOL SAFETY AGENT","43093.00"
"SCHOOL SAFETY AGENT","41797.00"
"SCHOOL SAFETY AGENT","43093.00"
"SCHOOL SAFETY AGENT","39398.00"
"SCHOOL SAFETY AGENT","43093.00"
"SCHOOL SAFETY AGENT","43093.00"
"POLICE OFFICER","55942.00"
"SCHOOL SAFETY AGENT","38177.00"
"SCHOOL SAFETY AGENT","43093.00"
"POLICE OFFICER","55942.00"
"SCHOOL SAFETY AGENT","43093.00"
"POLICE OFFICER","57976.00"
"POLICE OFFICER","55942.00"
"SCHOOL SAFETY AGENT","43093.00"
"SCHOOL SAFETY AGENT","43093.00"
"SCHOOL SAFETY AGENT","43093.00"
"SCHOOL SAFETY AGENT","43093.00"
"SCHOOL SAFETY AGENT","43093.00"
"SCHOOL SAFETY AGENT","43093.00"
"POLICE ADMINISTRATIVE AIDE","48631.00"
"SCHOOL SAFETY AGENT","43093.00"
"SCHOOL SAFETY AGENT","41838.00"
"SCHOOL SAFETY AGENT","43093.00"
"POLICE OFFICER","55942.00"
"SCHOOL SAFETY AGENT","43093.00"
"SCHOOL SAFETY AGENT","43093.00"
"SCHOOL SAFETY AGENT","43093.00"
"SCHOOL SAFETY AGENT","43093.00"
"POLICE OFFICER","55942.00"
"POLICE OFFICER","55942.00"
"SCHOOL SAFETY AGENT","43093.00"
"SCHOOL SAFETY AGENT","43093.00"
"POLICE OFFICER","55942.00"
"POLICE OFFICER","55942.00"
"SCHOOL SAFETY AGENT","43093.00"
"MOTOR VEHICLE OPERATOR","57028.00"
"SCHOOL SAFETY AGENT","43093.00"
"SCHOOL SAFETY AGENT","43093.00"
"SCHOOL SAFETY AGENT","43093.00"
"SCHOOL SAFETY AGENT","43093.00"
"SCHOOL SAFETY AGENT","41797.00"
"SCHOOL SAFETY AGENT","43093.00"
"SCHOOL SAFETY AGENT","35985.00"
"SCHOOL SAFETY AGENT","43093.00"
"SCHOOL SAFETY AGENT","43093.00"
"POLICE OFFICER","59065.00"
"SCHOOL SAFETY AGENT","41848.00"
"SCHOOL SAFETY AGENT","40502.00"
"POLICE OFFICER","57976.00"
"SCHOOL SAFETY AGENT","41797.00"
"SCHOOL SAFETY AGENT","43093.00"
"POLICE OFFICER","55942.00"
"SCHOOL SAFETY AGENT","43093.00"
"SCHOOL SAFETY AGENT","43093.00"
"SCHOOL SAFETY AGENT","43093.00"
"POLICE OFFICER","57976.00"
"POLICE OFFICER","55942.00"
"SCHOOL SAFETY AGENT","43093.00"
"SCHOOL SAFETY AGENT","43093.00"
"SCHOOL SAFETY AGENT","43093.00"
"POLICE OFFICER","57976.00"
"SCHOOL SAFETY AGENT","43093.00"
"POLICE OFFICER","57976.00"
"POLICE OFFICER","57976.00"
"POLICE OFFICER","57976.00"
"POLICE OFFICER","55942.00"
"BOOKKEEPER","51265.00"
"POLICE OFFICER","55942.00"
"EVIDENCE AND PROPERTY CONTROL SPECIALIST","65303.00"
"POLICE COMMUNICATIONS TECHNICIAN","47222.00"
"POLICE OFFICER","55942.00"
"POLICE OFFICER","59065.00"
"POLICE OFFICER","59065.00"
"POLICE OFFICER","59065.00"
"POLICE OFFICER","59065.00"
"POLICE OFFICER","59065.00"
"POLICE OFFICER","59065.00"
"POLICE OFFICER","59065.00"
"POLICE OFFICER","59065.00"
"POLICE OFFICER","59065.00"
"POLICE OFFICER","59065.00"
"POLICE OFFICER","59065.00"
"POLICE OFFICER","59065.00"
"POLICE OFFICER","59065.00"
"POLICE OFFICER","59065.00"
"POLICE OFFICER","59065.00"
"POLICE OFFICER","59065.00"
"POLICE OFFICER","59065.00"
"POLICE OFFICER","59065.00"
"POLICE OFFICER","59065.00"
"POLICE OFFICER","59065.00"
"POLICE OFFICER","59065.00"
"POLICE COMMUNICATIONS TECHNICIAN","57805.00"
"POLICE OFFICER","59065.00"
"POLICE OFFICER","59065.00"
"POLICE OFFICER","59065.00"
"POLICE OFFICER","59065.00"
"POLICE OFFICER","59065.00"
"POLICE OFFICER","59065.00"
"POLICE OFFICER","59065.00"
"POLICE OFFICER","59065.00"
"POLICE OFFICER","59065.00"
"POLICE OFFICER","59065.00"
"POLICE OFFICER","59065.00"
"POLICE ATTENDANT","49688.00"
"POLICE OFFICER","59065.00"
"POLICE OFFICER","59065.00"
"POLICE OFFICER","59065.00"
"POLICE OFFICER","59065.00"
"POLICE OFFICER","59065.00"
"POLICE OFFICER","59065.00"
"POLICE OFFICER","59065.00"
"POLICE OFFICER","59065.00"
"POLICE OFFICER","59065.00"
"POLICE OFFICER","59065.00"
"POLICE OFFICER","59065.00"
"POLICE OFFICER","59065.00"
"POLICE OFFICER","59065.00"
"POLICE OFFICER","59065.00"
"POLICE OFFICER","59065.00"
"POLICE OFFICER","59065.00"
"POLICE OFFICER","59065.00"
"POLICE OFFICER","59065.00"
"POLICE OFFICER","59065.00"
"POLICE OFFICER","59065.00"
"POLICE OFFICER","55746.00"
"POLICE OFFICER","59065.00"
"POLICE OFFICER","59065.00"
"POLICE OFFICER","59065.00"
"POLICE OFFICER","59065.00"
"POLICE OFFICER","59065.00"
"POLICE OFFICER","59065.00"
"POLICE OFFICER","59065.00"
"POLICE OFFICER","53790.00"
"POLICE OFFICER","59065.00"
"POLICE OFFICER","59065.00"
"POLICE OFFICER","57976.00"
"POLICE OFFICER","59065.00"
"POLICE OFFICER","59065.00"
"POLICE OFFICER","59065.00"
"POLICE OFFICER","59065.00"
"POLICE OFFICER","59065.00"
"POLICE OFFICER","59065.00"
"POLICE OFFICER","59065.00"
"POLICE OFFICER","59065.00"
"POLICE OFFICER","59065.00"
"POLICE OFFICER","59065.00"
"POLICE OFFICER","59065.00"
"POLICE OFFICER","57976.00"
"POLICE OFFICER","59065.00"
"POLICE OFFICER","59065.00"
"POLICE OFFICER","59065.00"
"POLICE OFFICER","59065.00"
"POLICE OFFICER","59065.00"
"POLICE OFFICER","59065.00"
"POLICE OFFICER","59065.00"
"POLICE OFFICER","59065.00"
"POLICE OFFICER","59065.00"
"POLICE OFFICER","59065.00"
"POLICE OFFICER","59065.00"
"POLICE OFFICER","59065.00"
"POLICE OFFICER","59065.00"
"POLICE OFFICER","59065.00"
"POLICE OFFICER","59065.00"
"POLICE OFFICER","55746.00"
"POLICE OFFICER","59065.00"
"POLICE OFFICER","59065.00"
"POLICE OFFICER","59065.00"
"POLICE OFFICER","59065.00"
"POLICE OFFICER","59065.00"
"POLICE OFFICER","59065.00"
"POLICE OFFICER","59065.00"
"POLICE OFFICER","59065.00"
"POLICE OFFICER","59065.00"
"POLICE OFFICER","59065.00"
"POLICE OFFICER","59065.00"
"POLICE OFFICER","59065.00"
"POLICE OFFICER","59065.00"
"POLICE OFFICER","59065.00"
"POLICE OFFICER","59065.00"
"POLICE OFFICER","59065.00"
"POLICE OFFICER","59065.00"
"POLICE OFFICER","59065.00"
"POLICE OFFICER","59065.00"
"POLICE OFFICER","59065.00"
"POLICE OFFICER","59065.00"
"POLICE OFFICER","55942.00"
"POLICE OFFICER","59065.00"
"POLICE OFFICER","55746.00"
"POLICE OFFICER","59065.00"
"POLICE OFFICER","57976.00"
"POLICE OFFICER","59065.00"
"POLICE OFFICER","59065.00"
"POLICE OFFICER","59065.00"
"POLICE OFFICER","55942.00"
"POLICE OFFICER","59065.00"
"POLICE OFFICER","59065.00"
"POLICE OFFICER","59065.00"
"POLICE OFFICER","59065.00"
"POLICE OFFICER","59065.00"
"POLICE OFFICER","53790.00"
"POLICE OFFICER","59065.00"
"POLICE OFFICER","59065.00"
"POLICE OFFICER","59065.00"
"FINGERPRINT TECHNICIAN TRAINEE","35309.00"
"POLICE OFFICER","55746.00"
"POLICE OFFICER","59065.00"
"POLICE OFFICER","59065.00"
"POLICE OFFICER","59065.00"
"POLICE OFFICER","59065.00"
"POLICE OFFICER","59065.00"
"POLICE OFFICER","59065.00"
"POLICE OFFICER","59065.00"
"POLICE OFFICER","59065.00"
"POLICE OFFICER","59065.00"
"POLICE OFFICER","59065.00"
"POLICE OFFICER","59065.00"
"POLICE OFFICER","59065.00"
"POLICE OFFICER","59065.00"
"POLICE OFFICER","59065.00"
"POLICE OFFICER","59065.00"
"POLICE OFFICER","59065.00"
"POLICE OFFICER","59065.00"
"POLICE OFFICER","57976.00"
"POLICE OFFICER","59065.00"
"POLICE OFFICER","59065.00"
"POLICE OFFICER","59065.00"
"POLICE OFFICER","59065.00"
"POLICE OFFICER","59065.00"
"POLICE OFFICER","59065.00"
"POLICE OFFICER","59065.00"
"POLICE OFFICER","59065.00"
"POLICE OFFICER","59065.00"
"POLICE OFFICER","59065.00"
"POLICE OFFICER","59065.00"
"POLICE OFFICER","59065.00"
"POLICE OFFICER","59065.00"
"POLICE OFFICER","57976.00"
"POLICE OFFICER","59065.00"
"POLICE OFFICER","59065.00"
"POLICE OFFICER","55746.00"
"POLICE OFFICER","59065.00"
"POLICE OFFICER","59065.00"
"POLICE OFFICER","59065.00"
"POLICE OFFICER","59065.00"
"POLICE OFFICER","59065.00"
"POLICE OFFICER","59065.00"
"POLICE OFFICER","59065.00"
"POLICE OFFICER","59065.00"
"POLICE OFFICER","59065.00"
"POLICE OFFICER","59065.00"
"POLICE OFFICER","57976.00"
"POLICE OFFICER","59065.00"
"POLICE OFFICER","59065.00"
"POLICE OFFICER","59065.00"
"POLICE OFFICER","59065.00"
"POLICE OFFICER","59065.00"
"POLICE OFFICER","59065.00"
"POLICE OFFICER","59065.00"
"POLICE OFFICER","59065.00"
"POLICE OFFICER","59065.00"
"POLICE OFFICER","59065.00"
"POLICE OFFICER","59065.00"
"POLICE OFFICER","59065.00"
"POLICE OFFICER","59065.00"
"POLICE OFFICER","59065.00"
"POLICE OFFICER","59065.00"
"POLICE OFFICER","59065.00"
"POLICE OFFICER","57976.00"
"POLICE OFFICER","59065.00"
"POLICE OFFICER","59065.00"
"POLICE OFFICER","59065.00"
"POLICE OFFICER","59065.00"
"POLICE OFFICER","59065.00"
"POLICE OFFICER","55746.00"
"POLICE OFFICER","57976.00"
"POLICE OFFICER","59065.00"
"POLICE OFFICER","59065.00"
"POLICE OFFICER","59065.00"
"POLICE OFFICER","53790.00"
"POLICE OFFICER","59065.00"
"POLICE OFFICER","59065.00"
"POLICE OFFICER","59065.00"
"POLICE OFFICER","59065.00"
"POLICE OFFICER","59065.00"
"POLICE OFFICER","59065.00"
"POLICE OFFICER","59065.00"
"POLICE OFFICER","59065.00"
"POLICE OFFICER","59065.00"
"POLICE OFFICER","57976.00"
"POLICE OFFICER","59065.00"
"POLICE OFFICER","59065.00"
"POLICE OFFICER","59065.00"
"POLICE OFFICER","59065.00"
"POLICE OFFICER","59065.00"
"POLICE OFFICER","59065.00"
"POLICE OFFICER","59065.00"
"POLICE OFFICER","59065.00"
"POLICE OFFICER","59065.00"
"POLICE OFFICER","57976.00"
"POLICE OFFICER","57976.00"
"POLICE OFFICER","59065.00"
"POLICE OFFICER","59065.00"
"POLICE OFFICER","59065.00"
"POLICE OFFICER","59065.00"
"POLICE OFFICER","59065.00"
"POLICE OFFICER","59065.00"
"POLICE OFFICER","59065.00"
"POLICE OFFICER","55746.00"
"POLICE OFFICER","59065.00"
"POLICE OFFICER","59065.00"
"POLICE OFFICER","59065.00"
"POLICE OFFICER","53790.00"
"POLICE OFFICER","59065.00"
"POLICE OFFICER","59065.00"
"POLICE OFFICER","59065.00"
"POLICE OFFICER","59065.00"
"POLICE OFFICER","57976.00"
"POLICE OFFICER","59065.00"
"POLICE OFFICER","59065.00"
"POLICE OFFICER","59065.00"
"POLICE OFFICER","59065.00"
"POLICE OFFICER","59065.00"
"POLICE OFFICER","59065.00"
"POLICE OFFICER","59065.00"
"POLICE OFFICER","59065.00"
"POLICE OFFICER","59065.00"
"POLICE OFFICER","59065.00"
"POLICE OFFICER","59065.00"
"POLICE OFFICER","57976.00"
"POLICE OFFICER","59065.00"
"POLICE OFFICER","57976.00"
"POLICE OFFICER","59065.00"
"POLICE OFFICER","59065.00"
"POLICE OFFICER","59065.00"
"POLICE OFFICER","59065.00"
"POLICE OFFICER","59065.00"
"POLICE OFFICER","59065.00"
"POLICE OFFICER","59065.00"
"POLICE OFFICER","59065.00"
"POLICE OFFICER","53790.00"
"POLICE OFFICER","59065.00"
"POLICE OFFICER","59065.00"
"POLICE OFFICER","59065.00"
"POLICE OFFICER","57976.00"
"POLICE OFFICER","59065.00"
"POLICE OFFICER","59065.00"
"POLICE OFFICER","59065.00"
"POLICE OFFICER","59065.00"
"POLICE OFFICER","57976.00"
"POLICE OFFICER","59065.00"
"POLICE OFFICER","59065.00"
"POLICE OFFICER","59065.00"
"POLICE OFFICER","59065.00"
"POLICE OFFICER","59065.00"
"POLICE OFFICER","59065.00"
"POLICE OFFICER","59065.00"
"POLICE OFFICER","59065.00"
"POLICE OFFICER","59065.00"
"POLICE OFFICER","59065.00"
"SCHOOL SAFETY AGENT","41797.00"
"POLICE OFFICER","59065.00"
"POLICE OFFICER","59065.00"
"POLICE OFFICER","59065.00"
"POLICE OFFICER","55746.00"
"POLICE OFFICER","59065.00"
"POLICE OFFICER","59065.00"
"POLICE OFFICER","59065.00"
"POLICE OFFICER","59065.00"
"POLICE OFFICER","59065.00"
"POLICE OFFICER","59065.00"
"POLICE OFFICER","59065.00"
"POLICE OFFICER","59065.00"
"POLICE OFFICER","59065.00"
"POLICE OFFICER","55746.00"
"POLICE OFFICER","55942.00"
"POLICE OFFICER","57976.00"
"POLICE OFFICER","59065.00"
"POLICE OFFICER","57976.00"
"POLICE OFFICER","59065.00"
"POLICE OFFICER","59065.00"
"POLICE OFFICER","55746.00"
"POLICE OFFICER","59065.00"
"POLICE OFFICER","59065.00"
"POLICE OFFICER","57976.00"
"POLICE OFFICER","59065.00"
"POLICE OFFICER","59065.00"
"POLICE OFFICER","59065.00"
"POLICE SURGEON","155850.00"
"SCHOOL SAFETY AGENT","41797.00"
"POLICE COMMUNICATIONS TECHNICIAN","57805.00"
"CRIMINALIST","76620.00"
"CRIMINALIST","76620.00"
"IT PROJECT SPECIALIST","180518.00"
"ASSOCIATE STAFF ANALYST","91394.00"
"POLICE OFFICER","57976.00"
"ASSOCIATE STAFF ANALYST","79473.00"
"STAFF ANALYST","73011.00"
"CRIMINALIST","76620.00"
"AGENCY ATTORNEY INTERNE","83388.00"
"CRIMINALIST","76620.00"
"POLICE OFFICER","57976.00"
"POLICE OFFICER","55942.00"
"POLICE OFFICER","55942.00"
"POLICE OFFICER","57976.00"
"POLICE OFFICER","55942.00"
"POLICE COMMUNICATIONS TECHNICIAN","61883.00"
"POLICE COMMUNICATIONS TECHNICIAN","61883.00"
"POLICE COMMUNICATIONS TECHNICIAN","55985.00"
"POLICE COMMUNICATIONS TECHNICIAN","55985.00"
"SCHOOL SAFETY AGENT","39322.00"
"POLICE COMMUNICATIONS TECHNICIAN","57805.00"
"POLICE COMMUNICATIONS TECHNICIAN","45735.00"
"POLICE COMMUNICATIONS TECHNICIAN","61883.00"
"POLICE COMMUNICATIONS TECHNICIAN","61883.00"
"POLICE OFFICER","59065.00"
"POLICE OFFICER","59065.00"
"POLICE OFFICER","59065.00"
"POLICE OFFICER","59065.00"
"POLICE OFFICER","59065.00"
"POLICE OFFICER","59065.00"
"POLICE OFFICER","59065.00"
"POLICE OFFICER","59065.00"
"POLICE OFFICER","59065.00"
"POLICE OFFICER","59065.00"
"POLICE OFFICER","55746.00"
"POLICE OFFICER","59065.00"
"POLICE OFFICER","55746.00"
"POLICE OFFICER","59065.00"
"POLICE OFFICER","59065.00"
"POLICE OFFICER","59065.00"
"POLICE OFFICER","57976.00"
"POLICE OFFICER","59065.00"
"POLICE OFFICER","59065.00"
"POLICE OFFICER","59065.00"
"POLICE OFFICER","53790.00"
"POLICE OFFICER","59065.00"
"POLICE OFFICER","59065.00"
"POLICE OFFICER","57976.00"
"POLICE OFFICER","59065.00"
"POLICE OFFICER","59065.00"
"POLICE OFFICER","57976.00"
"POLICE OFFICER","59065.00"
"POLICE OFFICER","59065.00"
"POLICE OFFICER","59065.00"
"POLICE OFFICER","59065.00"
"POLICE OFFICER","59065.00"
"POLICE OFFICER","59065.00"
"POLICE OFFICER","59065.00"
"POLICE OFFICER","59065.00"
"POLICE OFFICER","59065.00"
"POLICE OFFICER","59065.00"
"POLICE OFFICER","59065.00"
"POLICE OFFICER","59065.00"
"POLICE OFFICER","59065.00"
"POLICE OFFICER","57976.00"
"POLICE OFFICER","57976.00"
"POLICE OFFICER","59065.00"
"POLICE OFFICER","59065.00"
"POLICE OFFICER","57976.00"
"POLICE OFFICER","59065.00"
"POLICE OFFICER","53790.00"
"POLICE OFFICER","59065.00"
"POLICE OFFICER","59065.00"
"POLICE OFFICER","59065.00"
"POLICE OFFICER","57976.00"
"POLICE OFFICER","59065.00"
"POLICE OFFICER","59065.00"
"POLICE OFFICER","59065.00"
"POLICE OFFICER","59065.00"
"POLICE OFFICER","59065.00"
"POLICE OFFICER","59065.00"
"POLICE OFFICER","59065.00"
"POLICE OFFICER","59065.00"
"POLICE OFFICER","59065.00"
"POLICE OFFICER","59065.00"
"POLICE OFFICER","59065.00"
"POLICE OFFICER","57976.00"
"POLICE OFFICER","59065.00"
"POLICE OFFICER","59065.00"
"POLICE OFFICER","59065.00"
"POLICE OFFICER","59065.00"
"POLICE OFFICER","59065.00"
"POLICE OFFICER","59065.00"
"POLICE OFFICER","59065.00"
"POLICE OFFICER","59065.00"
"POLICE OFFICER","59065.00"
"POLICE OFFICER","59065.00"
"POLICE OFFICER","59065.00"
"POLICE OFFICER","59065.00"
"POLICE OFFICER","59065.00"
"POLICE OFFICER","59065.00"
"POLICE OFFICER","59065.00"
"POLICE OFFICER","59065.00"
"POLICE OFFICER","59065.00"
"POLICE OFFICER","57976.00"
"POLICE OFFICER","57976.00"
"POLICE OFFICER","59065.00"
"POLICE OFFICER","59065.00"
"POLICE OFFICER","59065.00"
"POLICE OFFICER","59065.00"
"POLICE OFFICER","59065.00"
"POLICE OFFICER","59065.00"
"POLICE OFFICER","59065.00"
"POLICE OFFICER","59065.00"
"POLICE OFFICER","59065.00"
"POLICE OFFICER","59065.00"
"POLICE OFFICER","59065.00"
"POLICE OFFICER","59065.00"
"POLICE OFFICER","59065.00"
"POLICE OFFICER","59065.00"
"POLICE OFFICER","59065.00"
"POLICE OFFICER","59065.00"
"POLICE OFFICER","59065.00"
"POLICE OFFICER","59065.00"
"POLICE OFFICER","59065.00"
"POLICE OFFICER","59065.00"
"POLICE OFFICER","53790.00"
"POLICE OFFICER","59065.00"
"POLICE OFFICER","59065.00"
"POLICE OFFICER","59065.00"
"POLICE OFFICER","59065.00"
"POLICE OFFICER","59065.00"
"POLICE OFFICER","59065.00"
"POLICE OFFICER","59065.00"
"POLICE OFFICER","59065.00"
"POLICE OFFICER","59065.00"
"POLICE OFFICER","59065.00"
"POLICE OFFICER","57976.00"
"POLICE OFFICER","59065.00"
"POLICE OFFICER","59065.00"
"POLICE OFFICER","59065.00"
"POLICE OFFICER","59065.00"
"POLICE OFFICER","59065.00"
"POLICE OFFICER","59065.00"
"POLICE OFFICER","59065.00"
"POLICE OFFICER","59065.00"
"POLICE OFFICER","55746.00"
"POLICE OFFICER","59065.00"
"POLICE OFFICER","59065.00"
"POLICE OFFICER","59065.00"
"POLICE OFFICER","59065.00"
"POLICE OFFICER","59065.00"
"POLICE OFFICER","59065.00"
"POLICE OFFICER","59065.00"
"POLICE OFFICER","59065.00"
"POLICE OFFICER","59065.00"
"POLICE OFFICER","59065.00"
"POLICE OFFICER","59065.00"
"POLICE OFFICER","59065.00"
"POLICE OFFICER","57976.00"
"POLICE OFFICER","59065.00"
"POLICE OFFICER","59065.00"
"POLICE OFFICER","59065.00"
"POLICE OFFICER","59065.00"
"POLICE OFFICER","59065.00"
"POLICE OFFICER","59065.00"
"POLICE OFFICER","59065.00"
"POLICE OFFICER","59065.00"
"POLICE OFFICER","59065.00"
"INTELLIGENCE RESEARCH SPECIALIST-PD","99895.00"
"CRIMINALIST","76620.00"
"POLICE OFFICER","59065.00"
"POLICE OFFICER","55942.00"
"POLICE OFFICER","59065.00"
"POLICE OFFICER","59065.00"
"POLICE OFFICER","59065.00"
"POLICE OFFICER","59065.00"
"POLICE OFFICER","59065.00"
"TRAFFIC ENFORCEMENT AGENT","47621.00"
"POLICE OFFICER","59065.00"
"POLICE COMMUNICATIONS TECHNICIAN","47222.00"
"POLICE OFFICER","55942.00"
"CASE MANAGEMENT NURSE","106301.00"
"INTELLIGENCE RESEARCH SPECIALIST-PD","84926.00"
"POLICE COMMUNICATIONS TECHNICIAN","45704.00"
"POLICE OFFICER","55942.00"
"POLICE OFFICER","59065.00"
"POLICE OFFICER","55942.00"
"SCHOOL SAFETY AGENT","38064.00"
"POLICE OFFICER","57976.00"
"CASE MANAGEMENT NURSE","106301.00"
"CRIME ANALYST","63667.00"
"POLICE OFFICER","59065.00"
"POLICE OFFICER","59065.00"
"POLICE OFFICER","59065.00"
"POLICE OFFICER","59065.00"
"POLICE OFFICER","59065.00"
"POLICE OFFICER","57976.00"
"POLICE OFFICER","59065.00"
"POLICE OFFICER","59065.00"
"POLICE OFFICER","55942.00"
"POLICE OFFICER","59065.00"
"POLICE OFFICER","59065.00"
"POLICE OFFICER","59065.00"
"POLICE OFFICER","57976.00"
"POLICE OFFICER","59065.00"
"POLICE OFFICER","59065.00"
"POLICE OFFICER","59065.00"
"POLICE OFFICER","59065.00"
"POLICE OFFICER","59065.00"
"POLICE OFFICER","59065.00"
"POLICE OFFICER","59065.00"
"POLICE OFFICER","57976.00"
"POLICE OFFICER","59065.00"
"POLICE OFFICER","59065.00"
"POLICE OFFICER","59065.00"
"POLICE OFFICER","53790.00"
"POLICE OFFICER","59065.00"
"POLICE OFFICER","59065.00"
"POLICE OFFICER","59065.00"
"POLICE OFFICER","59065.00"
"POLICE OFFICER","57976.00"
"POLICE OFFICER","59065.00"
"POLICE OFFICER","59065.00"
"POLICE OFFICER","59065.00"
"POLICE OFFICER","59065.00"
"POLICE OFFICER","59065.00"
"POLICE OFFICER","59065.00"
"POLICE OFFICER","59065.00"
"POLICE OFFICER","59065.00"
"POLICE OFFICER","59065.00"
"POLICE OFFICER","57976.00"
"POLICE OFFICER","59065.00"
"POLICE OFFICER","59065.00"
"POLICE OFFICER","59065.00"
"POLICE OFFICER","59065.00"
"POLICE OFFICER","57976.00"
"POLICE OFFICER","59065.00"
"POLICE OFFICER","59065.00"
"POLICE OFFICER","59065.00"
"POLICE OFFICER","59065.00"
"POLICE OFFICER","59065.00"
"POLICE OFFICER","57976.00"
"POLICE COMMUNICATIONS TECHNICIAN","44403.00"
"POLICE COMMUNICATIONS TECHNICIAN","57805.00"
"POLICE COMMUNICATIONS TECHNICIAN","47222.00"
"POLICE COMMUNICATIONS TECHNICIAN","44403.00"
"POLICE COMMUNICATIONS TECHNICIAN","57805.00"
"POLICE COMMUNICATIONS TECHNICIAN","47222.00"
"POLICE COMMUNICATIONS TECHNICIAN","57805.00"
"POLICE COMMUNICATIONS TECHNICIAN","45735.00"
"POLICE OFFICER","55942.00"
"POLICE COMMUNICATIONS TECHNICIAN","57805.00"
"POLICE COMMUNICATIONS TECHNICIAN","57805.00"
"POLICE COMMUNICATIONS TECHNICIAN","44403.00"
"POLICE COMMUNICATIONS TECHNICIAN","47222.00"
"POLICE COMMUNICATIONS TECHNICIAN","57805.00"
"POLICE COMMUNICATIONS TECHNICIAN","57805.00"
"POLICE COMMUNICATIONS TECHNICIAN","57805.00"
"POLICE COMMUNICATIONS TECHNICIAN","57805.00"
"POLICE COMMUNICATIONS TECHNICIAN","55985.00"
"POLICE COMMUNICATIONS TECHNICIAN","57805.00"
"POLICE OFFICER","55942.00"
"TRAFFIC ENFORCEMENT AGENT","48128.00"
"POLICE COMMUNICATIONS TECHNICIAN","45735.00"
"POLICE COMMUNICATIONS TECHNICIAN","57805.00"
"POLICE COMMUNICATIONS TECHNICIAN","57805.00"
"POLICE COMMUNICATIONS TECHNICIAN","57805.00"
"SCHOOL SAFETY AGENT","36955.00"
"POLICE COMMUNICATIONS TECHNICIAN","57805.00"
"STOCK WORKER","42547.00"
"POLICE OFFICER","55942.00"
"FINGERPRINT TECHNICIAN TRAINEE","35309.00"
"NUTRITIONIST","94626.00"
"STOCK WORKER","42547.00"
"POLICE OFFICER","57976.00"
"POLICE COMMUNICATIONS TECHNICIAN","47222.00"
"POLICE OFFICER","55942.00"
"POLICE OFFICER","57976.00"
"POLICE OFFICER","57976.00"
"POLICE OFFICER","55942.00"
"POLICE OFFICER","57976.00"
"SCHOOL SAFETY AGENT","39206.00"
"SCHOOL SAFETY AGENT","41797.00"
"POLICE OFFICER","55942.00"
"POLICE OFFICER","57976.00"
"SCHOOL SAFETY AGENT","40502.00"
"SCHOOL SAFETY AGENT","41797.00"
"SCHOOL SAFETY AGENT","41797.00"
"SCHOOL SAFETY AGENT","40502.00"
"SCHOOL SAFETY AGENT","41797.00"
"POLICE OFFICER","57976.00"
"POLICE OFFICER","57976.00"
"POLICE OFFICER","57976.00"
"POLICE OFFICER","57976.00"
"POLICE OFFICER","57976.00"
"POLICE OFFICER","57976.00"
"POLICE OFFICER","57976.00"
"POLICE OFFICER","57976.00"
"POLICE OFFICER","57976.00"
"POLICE OFFICER","57976.00"
"POLICE OFFICER","57976.00"
"POLICE OFFICER","57976.00"
"POLICE OFFICER","57976.00"
"POLICE OFFICER","57976.00"
"POLICE OFFICER","57976.00"
"POLICE OFFICER","57976.00"
"POLICE OFFICER","57976.00"
"POLICE OFFICER","57976.00"
"POLICE OFFICER","57976.00"
"POLICE OFFICER","57976.00"
"POLICE OFFICER","57976.00"
"POLICE OFFICER","57976.00"
"POLICE OFFICER","57976.00"
"POLICE OFFICER","57976.00"
"POLICE OFFICER","57976.00"
"POLICE OFFICER","57976.00"
"POLICE OFFICER","57976.00"
"POLICE OFFICER","57976.00"
"POLICE OFFICER","57976.00"
"POLICE OFFICER","57976.00"
"POLICE OFFICER","57976.00"
"POLICE OFFICER","57976.00"
"POLICE OFFICER","57976.00"
"POLICE OFFICER","57976.00"
"POLICE OFFICER","57976.00"
"POLICE OFFICER","57976.00"
"POLICE OFFICER","57976.00"
"POLICE OFFICER","57976.00"
"POLICE OFFICER","57976.00"
"POLICE OFFICER","57976.00"
"POLICE OFFICER","57976.00"
"POLICE OFFICER","57976.00"
"POLICE OFFICER","57976.00"
"POLICE OFFICER","57976.00"
"POLICE OFFICER","57976.00"
"POLICE OFFICER","53790.00"
"POLICE OFFICER","57976.00"
"POLICE OFFICER","57976.00"
"POLICE OFFICER","57976.00"
"POLICE OFFICER","57976.00"
"POLICE OFFICER","57976.00"
"POLICE OFFICER","57976.00"
"POLICE OFFICER","57976.00"
"POLICE OFFICER","57976.00"
"POLICE OFFICER","57976.00"
"POLICE OFFICER","57976.00"
"POLICE OFFICER","53790.00"
"POLICE OFFICER","57976.00"
"POLICE OFFICER","57976.00"
"POLICE OFFICER","57976.00"
"POLICE OFFICER","57976.00"
"POLICE OFFICER","53790.00"
"POLICE OFFICER","57976.00"
"POLICE OFFICER","57976.00"
"POLICE OFFICER","55942.00"
"POLICE OFFICER","57976.00"
"POLICE OFFICER","57976.00"
"POLICE OFFICER","57976.00"
"POLICE OFFICER","57976.00"
"POLICE OFFICER","57976.00"
"POLICE OFFICER","57976.00"
"POLICE OFFICER","57976.00"
"POLICE OFFICER","57976.00"
"POLICE OFFICER","57976.00"
"POLICE OFFICER","57976.00"
"POLICE OFFICER","57976.00"
"POLICE OFFICER","57976.00"
"POLICE OFFICER","57976.00"
"SCHOOL SAFETY AGENT","40502.00"
"SCHOOL SAFETY AGENT","39206.00"
"POLICE OFFICER","55942.00"
"POLICE OFFICER","55942.00"
"ASSOCIATE STAFF ANALYST","91394.00"
"CITY CUSTODIAL ASSISTANT","42898.00"
"MOTOR VEHICLE OPERATOR","57028.00"
"INTELLIGENCE RESEARCH SPECIALIST-PD","138743.00"
"STOCK WORKER","42547.00"
"AUTOMOTIVE SERVICE WORKER","46389.00"
"AUTOMOTIVE SERVICE WORKER","46389.00"
"EVIDENCE AND PROPERTY CONTROL SPECIALIST","65303.00"
"INVESTIGATOR","45329.00"
"CRIMINALIST","64029.00"
"CRIMINALIST","64029.00"
"INVESTIGATOR","55437.00"
"EXECUTIVE AGENCY COUNSEL","285577.00"
"CRIMINALIST","60208.00"
"AUTOMOTIVE SERVICE WORKER","54321.00"
"AUTOMOTIVE SERVICE WORKER","54321.00"
"AUTOMOTIVE SERVICE WORKER","46389.00"
"AUTOMOTIVE SERVICE WORKER","54321.00"
"AUTOMOTIVE SERVICE WORKER","42172.00"
"FINGERPRINT TECHNICIAN TRAINEE","35309.00"
"AUTOMOTIVE SERVICE WORKER","46389.00"
"PHOTOGRAPHER","56590.00"
"MEDIA SERVICES TECHNICIAN","55395.00"
"CRIME ANALYST","63667.00"
"TRAFFIC ENFORCEMENT AGENT","47621.00"
"TRAFFIC ENFORCEMENT AGENT","47621.00"
"POLICE OFFICER","55942.00"
"TRAFFIC ENFORCEMENT AGENT","46234.00"
"POLICE OFFICER","55942.00"
"TRAFFIC ENFORCEMENT AGENT","47621.00"
"TRAFFIC ENFORCEMENT AGENT","46234.00"
"POLICE OFFICER","55942.00"
"TRAFFIC ENFORCEMENT AGENT","47621.00"
"TRAFFIC ENFORCEMENT AGENT","48128.00"
"TRAFFIC ENFORCEMENT AGENT","47621.00"
"TRAFFIC ENFORCEMENT AGENT","48128.00"
"TRAFFIC ENFORCEMENT AGENT","48128.00"
"TRAFFIC ENFORCEMENT AGENT","48128.00"
"TRAFFIC ENFORCEMENT AGENT","48128.00"
"POLICE OFFICER","55942.00"
"POLICE OFFICER","55942.00"
"TRAFFIC ENFORCEMENT AGENT","48128.00"
"TRAFFIC ENFORCEMENT AGENT","48128.00"
"POLICE OFFICER","55942.00"
"SCHOOL SAFETY AGENT","40502.00"
"TRAFFIC ENFORCEMENT AGENT","48128.00"
"TRAFFIC ENFORCEMENT AGENT","48128.00"
"TRAFFIC ENFORCEMENT AGENT","47621.00"
"TRAFFIC ENFORCEMENT AGENT","48128.00"
"TRAFFIC ENFORCEMENT AGENT","48128.00"
"TRAFFIC ENFORCEMENT AGENT","46234.00"
"POLICE OFFICER","55942.00"
"TRAFFIC ENFORCEMENT AGENT","48128.00"
"TRAFFIC ENFORCEMENT AGENT","48128.00"
"POLICE OFFICER","55942.00"
"TRAFFIC ENFORCEMENT AGENT","48128.00"
"TRAFFIC ENFORCEMENT AGENT","48128.00"
"TRAFFIC ENFORCEMENT AGENT","47621.00"
"TRAFFIC ENFORCEMENT AGENT","48128.00"
"TRAFFIC ENFORCEMENT AGENT","48128.00"
"POLICE OFFICER","57976.00"
"POLICE OFFICER","55942.00"
"POLICE OFFICER","55942.00"
"INTELLIGENCE RESEARCH SPECIALIST-PD","88715.00"
"AUTOMOTIVE SERVICE WORKER","46389.00"
"POLICE OFFICER","55942.00"
"CITY RESEARCH SCIENTIST","74536.00"
"POLICE OFFICER","55942.00"
"COMMUNITY ASSISTANT","38805.00"
"PARALEGAL AIDE","43709.00"
"POLICE COMMUNICATIONS TECHNICIAN","47222.00"
"POLICE COMMUNICATIONS TECHNICIAN","47222.00"
"POLICE COMMUNICATIONS TECHNICIAN","57805.00"
"POLICE COMMUNICATIONS TECHNICIAN","57805.00"
"SCHOOL SAFETY AGENT","40502.00"
"SCHOOL SAFETY AGENT","40502.00"
"SCHOOL SAFETY AGENT","40502.00"
"POLICE OFFICER","55942.00"
"SCHOOL SAFETY AGENT","40502.00"
"POLICE OFFICER","55942.00"
"POLICE OFFICER","57976.00"
"SCHOOL SAFETY AGENT","40502.00"
"POLICE OFFICER","55942.00"
"POLICE OFFICER","55942.00"
"SCHOOL SAFETY AGENT","40502.00"
"SCHOOL SAFETY AGENT","40502.00"
"AUTOMOTIVE SERVICE WORKER","42172.00"
"MEDIA SERVICES TECHNICIAN","46767.00"
"MEDIA SERVICES TECHNICIAN","48170.00"
"PSYCHOLOGIST","95211.00"
"INVESTIGATOR","48206.00"
"COMMUNITY ASSISTANT","39970.00"
"POLICE OFFICER","57976.00"
"POLICE OFFICER","57976.00"
"POLICE OFFICER","57976.00"
"POLICE OFFICER","57976.00"
"POLICE OFFICER","57976.00"
"POLICE OFFICER","57976.00"
"POLICE OFFICER","57976.00"
"POLICE OFFICER","57976.00"
"POLICE OFFICER","57976.00"
"POLICE OFFICER","57976.00"
"POLICE OFFICER","57976.00"
"POLICE OFFICER","57976.00"
"POLICE OFFICER","53790.00"
"POLICE OFFICER","57976.00"
"POLICE OFFICER","57976.00"
"POLICE OFFICER","57976.00"
"POLICE OFFICER","57976.00"
"POLICE OFFICER","57976.00"
"POLICE OFFICER","57976.00"
"POLICE OFFICER","57976.00"
"POLICE OFFICER","55942.00"
"POLICE OFFICER","57976.00"
"POLICE OFFICER","57976.00"
"POLICE OFFICER","57976.00"
"POLICE OFFICER","57976.00"
"POLICE OFFICER","57976.00"
"POLICE OFFICER","57976.00"
"POLICE OFFICER","57976.00"
"POLICE OFFICER","57976.00"
"POLICE OFFICER","57976.00"
"POLICE OFFICER","57976.00"
"POLICE OFFICER","57976.00"
"POLICE OFFICER","57976.00"
"POLICE OFFICER","57976.00"
"POLICE OFFICER","57976.00"
"POLICE OFFICER","57976.00"
"POLICE OFFICER","57976.00"
"POLICE OFFICER","57976.00"
"POLICE OFFICER","57976.00"
"POLICE OFFICER","57976.00"
"POLICE OFFICER","57976.00"
"POLICE OFFICER","57976.00"
"POLICE OFFICER","57976.00"
"POLICE OFFICER","57976.00"
"POLICE OFFICER","57976.00"
"POLICE OFFICER","57976.00"
"POLICE OFFICER","57976.00"
"POLICE OFFICER","57976.00"
"POLICE OFFICER","57976.00"
"POLICE OFFICER","57976.00"
"POLICE OFFICER","57976.00"
"POLICE OFFICER","57976.00"
"POLICE OFFICER","57976.00"
"POLICE OFFICER","57976.00"
"POLICE OFFICER","57976.00"
"POLICE OFFICER","57976.00"
"POLICE OFFICER","57976.00"
"POLICE OFFICER","57976.00"
"POLICE OFFICER","57976.00"
"POLICE OFFICER","57976.00"
"POLICE OFFICER","55942.00"
"POLICE OFFICER","57976.00"
"POLICE OFFICER","57976.00"
"POLICE OFFICER","57976.00"
"POLICE OFFICER","57976.00"
"POLICE OFFICER","57976.00"
"POLICE OFFICER","57976.00"
"POLICE OFFICER","57976.00"
"POLICE OFFICER","57976.00"
"POLICE OFFICER","57976.00"
"POLICE OFFICER","57976.00"
"POLICE OFFICER","57976.00"
"POLICE OFFICER","57976.00"
"POLICE OFFICER","55942.00"
"POLICE OFFICER","57976.00"
"POLICE OFFICER","57976.00"
"POLICE OFFICER","57976.00"
"POLICE OFFICER","57976.00"
"POLICE OFFICER","57976.00"
"POLICE OFFICER","57976.00"
"POLICE OFFICER","57976.00"
"POLICE OFFICER","57976.00"
"POLICE OFFICER","53790.00"
"POLICE OFFICER","57976.00"
"POLICE OFFICER","57976.00"
"POLICE OFFICER","57976.00"
"POLICE OFFICER","57976.00"
"POLICE OFFICER","57976.00"
"POLICE OFFICER","57976.00"
"POLICE OFFICER","53790.00"
"POLICE OFFICER","57976.00"
"POLICE OFFICER","57976.00"
"POLICE OFFICER","57976.00"
"POLICE OFFICER","57976.00"
"POLICE OFFICER","57976.00"
"POLICE OFFICER","57976.00"
"POLICE OFFICER","57976.00"
"POLICE OFFICER","55942.00"
"POLICE OFFICER","57976.00"
"POLICE OFFICER","57976.00"
"POLICE OFFICER","57976.00"
"POLICE OFFICER","57976.00"
"POLICE OFFICER","57976.00"
"POLICE OFFICER","57976.00"
"POLICE OFFICER","57976.00"
"POLICE OFFICER","57976.00"
"POLICE OFFICER","57976.00"
"POLICE OFFICER","57976.00"
"POLICE OFFICER","57976.00"
"POLICE OFFICER","57976.00"
"POLICE OFFICER","57976.00"
"POLICE OFFICER","57976.00"
"POLICE OFFICER","57976.00"
"POLICE OFFICER","57976.00"
"POLICE OFFICER","57976.00"
"POLICE OFFICER","57976.00"
"POLICE OFFICER","55942.00"
"POLICE OFFICER","57976.00"
"POLICE OFFICER","57976.00"
"POLICE OFFICER","57976.00"
"POLICE OFFICER","57976.00"
"POLICE OFFICER","57976.00"
"POLICE OFFICER","57976.00"
"POLICE OFFICER","57976.00"
"POLICE OFFICER","57976.00"
"POLICE OFFICER","55942.00"
"POLICE OFFICER","55942.00"
"POLICE OFFICER","57976.00"
"POLICE OFFICER","57976.00"
"POLICE OFFICER","57976.00"
"POLICE OFFICER","57976.00"
"POLICE OFFICER","57976.00"
"POLICE OFFICER","57976.00"
"POLICE OFFICER","57976.00"
"POLICE OFFICER","57976.00"
"POLICE OFFICER","57976.00"
"TRAFFIC ENFORCEMENT AGENT","47621.00"
"TRAFFIC ENFORCEMENT AGENT","47621.00"
"TRAFFIC ENFORCEMENT AGENT","47621.00"
"POLICE OFFICER","55942.00"
"TRAFFIC ENFORCEMENT AGENT","47621.00"
"TRAFFIC ENFORCEMENT AGENT","47621.00"
"TRAFFIC ENFORCEMENT AGENT","47621.00"
"TRAFFIC ENFORCEMENT AGENT","47621.00"
"POLICE OFFICER","55942.00"
"TRAFFIC ENFORCEMENT AGENT","47621.00"
"POLICE OFFICER","55942.00"
"TRAFFIC ENFORCEMENT AGENT","47621.00"
"TRAFFIC ENFORCEMENT AGENT","47621.00"
"POLICE OFFICER","55942.00"
"TRAFFIC ENFORCEMENT AGENT","47185.00"
"TRAFFIC ENFORCEMENT AGENT","47621.00"
"TRAFFIC ENFORCEMENT AGENT","47621.00"
"TRAFFIC ENFORCEMENT AGENT","46234.00"
"TRAFFIC ENFORCEMENT AGENT","47621.00"
"TRAFFIC ENFORCEMENT AGENT","47621.00"
"TRAFFIC ENFORCEMENT AGENT","47185.00"
"TRAFFIC ENFORCEMENT AGENT","47621.00"
"TRAFFIC ENFORCEMENT AGENT","47621.00"
"TRAFFIC ENFORCEMENT AGENT","47621.00"
"TRAFFIC ENFORCEMENT AGENT","47621.00"
"TRAFFIC ENFORCEMENT AGENT","47621.00"
"TRAFFIC ENFORCEMENT AGENT","47621.00"
"TRAFFIC ENFORCEMENT AGENT","47621.00"
"POLICE OFFICER","55942.00"
"POLICE COMMUNICATIONS TECHNICIAN","47222.00"
"SCHOOL SAFETY AGENT","36955.00"
"POLICE OFFICER","55942.00"
"POLICE OFFICER","55942.00"
"CASE MANAGEMENT NURSE","106301.00"
"POLICE COMMUNICATIONS TECHNICIAN","44265.00"
"POLICE OFFICER","55942.00"
"POLICE OFFICER","55942.00"
"POLICE OFFICER","55942.00"
"POLICE OFFICER","55942.00"
"POLICE OFFICER","55942.00"
"POLICE OFFICER","55942.00"
"POLICE OFFICER","55942.00"
"POLICE OFFICER","55942.00"
"POLICE OFFICER","55942.00"
"POLICE OFFICER","55942.00"
"POLICE OFFICER","55942.00"
"POLICE OFFICER","55942.00"
"POLICE OFFICER","55942.00"
"POLICE OFFICER","55942.00"
"POLICE OFFICER","55942.00"
"POLICE OFFICER","55942.00"
"POLICE OFFICER","55942.00"
"POLICE OFFICER","55942.00"
"POLICE OFFICER","55942.00"
"POLICE OFFICER","55942.00"
"POLICE OFFICER","55942.00"
"POLICE OFFICER","55942.00"
"POLICE OFFICER","55942.00"
"POLICE OFFICER","55942.00"
"POLICE OFFICER","55942.00"
"POLICE OFFICER","55942.00"
"POLICE OFFICER","55942.00"
"POLICE OFFICER","55942.00"
"POLICE OFFICER","55942.00"
"POLICE OFFICER","55942.00"
"POLICE OFFICER","55942.00"
"POLICE OFFICER","55942.00"
"POLICE OFFICER","55942.00"
"POLICE OFFICER","55942.00"
"POLICE OFFICER","55942.00"
"POLICE OFFICER","55942.00"
"POLICE OFFICER","55942.00"
"POLICE OFFICER","55942.00"
"POLICE OFFICER","55942.00"
"POLICE OFFICER","55942.00"
"POLICE OFFICER","55942.00"
"POLICE COMMUNICATIONS TECHNICIAN","45704.00"
"POLICE OFFICER","55942.00"
"POLICE OFFICER","55942.00"
"POLICE OFFICER","55942.00"
"POLICE OFFICER","55942.00"
"POLICE OFFICER","55942.00"
"POLICE OFFICER","55942.00"
"POLICE OFFICER","55942.00"
"POLICE OFFICER","55942.00"
"POLICE OFFICER","55942.00"
"POLICE OFFICER","55942.00"
"POLICE OFFICER","55942.00"
"POLICE OFFICER","55942.00"
"POLICE OFFICER","55942.00"
"POLICE OFFICER","55942.00"
"POLICE OFFICER","55942.00"
"POLICE OFFICER","55942.00"
"POLICE OFFICER","55942.00"
"POLICE OFFICER","55942.00"
"POLICE OFFICER","55942.00"
"POLICE OFFICER","55942.00"
"POLICE OFFICER","55942.00"
"POLICE OFFICER","55942.00"
"POLICE OFFICER","55942.00"
"POLICE OFFICER","55942.00"
"POLICE OFFICER","55942.00"
"POLICE OFFICER","55942.00"
"POLICE OFFICER","55942.00"
"POLICE OFFICER","55942.00"
"POLICE OFFICER","55942.00"
"POLICE OFFICER","55942.00"
"POLICE OFFICER","55942.00"
"POLICE OFFICER","55942.00"
"POLICE OFFICER","55942.00"
"POLICE OFFICER","55942.00"
"POLICE OFFICER","55942.00"
"POLICE OFFICER","55942.00"
"POLICE OFFICER","55942.00"
"POLICE OFFICER","55942.00"
"POLICE OFFICER","55942.00"
"POLICE OFFICER","55942.00"
"POLICE OFFICER","55942.00"
"POLICE OFFICER","55942.00"
"POLICE OFFICER","55942.00"
"POLICE OFFICER","55942.00"
"POLICE OFFICER","55942.00"
"POLICE OFFICER","55942.00"
"POLICE OFFICER","55942.00"
"POLICE OFFICER","55942.00"
"POLICE OFFICER","55942.00"
"POLICE OFFICER","55942.00"
"POLICE OFFICER","55942.00"
"POLICE OFFICER","55942.00"
"POLICE OFFICER","55942.00"
"POLICE OFFICER","55942.00"
"POLICE OFFICER","55942.00"
"POLICE OFFICER","55942.00"
"POLICE OFFICER","55942.00"
"POLICE OFFICER","55942.00"
"POLICE OFFICER","55942.00"
"POLICE OFFICER","55942.00"
"POLICE OFFICER","55942.00"
"POLICE OFFICER","55942.00"
"POLICE OFFICER","55942.00"
"POLICE OFFICER","55942.00"
"POLICE OFFICER","55942.00"
"POLICE OFFICER","55942.00"
"POLICE OFFICER","55942.00"
"POLICE OFFICER","55942.00"
"POLICE OFFICER","55942.00"
"POLICE OFFICER","55942.00"
"POLICE OFFICER","55942.00"
"POLICE OFFICER","55942.00"
"POLICE OFFICER","55942.00"
"POLICE OFFICER","55942.00"
"POLICE OFFICER","55942.00"
"POLICE OFFICER","55942.00"
"POLICE OFFICER","55942.00"
"POLICE OFFICER","55942.00"
"POLICE OFFICER","55942.00"
"POLICE OFFICER","55942.00"
"POLICE OFFICER","55942.00"
"POLICE OFFICER","55942.00"
"POLICE OFFICER","55942.00"
"POLICE OFFICER","55942.00"
"POLICE OFFICER","55942.00"
"POLICE OFFICER","55942.00"
"POLICE OFFICER","55942.00"
"POLICE OFFICER","55942.00"
"POLICE OFFICER","55942.00"
"POLICE OFFICER","55942.00"
"POLICE OFFICER","55942.00"
"POLICE OFFICER","55942.00"
"POLICE OFFICER","55942.00"
"POLICE OFFICER","55942.00"
"POLICE OFFICER","55942.00"
"POLICE OFFICER","55942.00"
"POLICE OFFICER","55942.00"
"POLICE OFFICER","53790.00"
"POLICE OFFICER","55942.00"
"POLICE OFFICER","55942.00"
"POLICE OFFICER","55942.00"
"POLICE OFFICER","55942.00"
"POLICE OFFICER","55942.00"
"POLICE OFFICER","55942.00"
"POLICE OFFICER","55942.00"
"POLICE OFFICER","55942.00"
"POLICE OFFICER","53790.00"
"POLICE OFFICER","55942.00"
"POLICE OFFICER","55942.00"
"POLICE OFFICER","55942.00"
"POLICE OFFICER","55942.00"
"POLICE OFFICER","55942.00"
"POLICE OFFICER","55942.00"
"POLICE OFFICER","55942.00"
"POLICE OFFICER","55942.00"
"POLICE OFFICER","55942.00"
"POLICE OFFICER","55942.00"
"POLICE COMMUNICATIONS TECHNICIAN","44265.00"
"POLICE COMMUNICATIONS TECHNICIAN","47222.00"
"POLICE COMMUNICATIONS TECHNICIAN","45704.00"
"POLICE COMMUNICATIONS TECHNICIAN","47222.00"
"POLICE COMMUNICATIONS TECHNICIAN","44265.00"
"POLICE COMMUNICATIONS TECHNICIAN","47222.00"
"POLICE COMMUNICATIONS TECHNICIAN","44265.00"
"POLICE COMMUNICATIONS TECHNICIAN","47222.00"
"POLICE COMMUNICATIONS TECHNICIAN","47222.00"
"POLICE OFFICER","55942.00"
"POLICE COMMUNICATIONS TECHNICIAN","47222.00"
"POLICE COMMUNICATIONS TECHNICIAN","47222.00"
"POLICE COMMUNICATIONS TECHNICIAN","44265.00"
"POLICE COMMUNICATIONS TECHNICIAN","44265.00"
"POLICE COMMUNICATIONS TECHNICIAN","47222.00"
"POLICE COMMUNICATIONS TECHNICIAN","44265.00"
"POLICE COMMUNICATIONS TECHNICIAN","47222.00"
"POLICE COMMUNICATIONS TECHNICIAN","45704.00"
"SCHOOL SAFETY AGENT","39206.00"
"SCHOOL SAFETY AGENT","39206.00"
"SCHOOL SAFETY AGENT","39206.00"
"SCHOOL SAFETY AGENT","39206.00"
"SCHOOL SAFETY AGENT","39206.00"
"SCHOOL SAFETY AGENT","39206.00"
"SCHOOL SAFETY AGENT","39206.00"
"SCHOOL SAFETY AGENT","36955.00"
"SCHOOL SAFETY AGENT","39206.00"
"SCHOOL SAFETY AGENT","39206.00"
"SCHOOL SAFETY AGENT","36955.00"
"SCHOOL SAFETY AGENT","39206.00"
"SCHOOL SAFETY AGENT","39206.00"
"SCHOOL SAFETY AGENT","39206.00"
"SCHOOL SAFETY AGENT","39206.00"
"PSYCHOLOGIST","95211.00"
"MEDIA SERVICES TECHNICIAN","48170.00"
"DIRECTOR OF PHOTOGRAPHIC SERVICES-PD","160000.00"
"SCHOOL SAFETY AGENT","39206.00"
"CITY CUSTODIAL ASSISTANT","39970.00"
"POLICE COMMUNICATIONS TECHNICIAN","45704.00"
"CITY CUSTODIAL ASSISTANT","39970.00"
"CITY CUSTODIAL ASSISTANT","39970.00"
"POLICE OFFICER","55942.00"
"POLICE OFFICER","55942.00"
"POLICE OFFICER","55942.00"
"POLICE OFFICER","55942.00"
"POLICE OFFICER","55942.00"
"POLICE OFFICER","55942.00"
"POLICE OFFICER","55942.00"
"POLICE OFFICER","55942.00"
"POLICE OFFICER","55942.00"
"POLICE OFFICER","55942.00"
"POLICE OFFICER","55942.00"
"POLICE OFFICER","55942.00"
"POLICE OFFICER","55942.00"
"POLICE OFFICER","55942.00"
"POLICE OFFICER","55942.00"
"POLICE OFFICER","55942.00"
"POLICE OFFICER","55942.00"
"POLICE OFFICER","55942.00"
"POLICE OFFICER","55942.00"
"POLICE OFFICER","55942.00"
"POLICE OFFICER","55942.00"
"POLICE OFFICER","55942.00"
"POLICE OFFICER","55942.00"
"POLICE OFFICER","55942.00"
"POLICE OFFICER","55942.00"
"POLICE OFFICER","55942.00"
"POLICE OFFICER","55942.00"
"POLICE OFFICER","55942.00"
"POLICE OFFICER","55942.00"
"POLICE OFFICER","55942.00"
"POLICE OFFICER","55942.00"
"POLICE OFFICER","55942.00"
"POLICE OFFICER","55942.00"
"POLICE OFFICER","55942.00"
"POLICE OFFICER","55942.00"
"POLICE OFFICER","55942.00"
"POLICE OFFICER","55942.00"
"POLICE OFFICER","55942.00"
"POLICE OFFICER","55942.00"
"POLICE OFFICER","55942.00"
"POLICE OFFICER","55942.00"
"POLICE OFFICER","55942.00"
"POLICE OFFICER","55942.00"
"POLICE OFFICER","55942.00"
"POLICE OFFICER","55942.00"
"POLICE OFFICER","55942.00"
"POLICE OFFICER","55942.00"
"POLICE OFFICER","55942.00"
"POLICE OFFICER","55942.00"
"POLICE OFFICER","55942.00"
"POLICE OFFICER","55942.00"
"POLICE OFFICER","55942.00"
"POLICE OFFICER","55942.00"
"POLICE OFFICER","55942.00"
"POLICE OFFICER","55942.00"
"POLICE OFFICER","55942.00"
"POLICE OFFICER","55942.00"
"POLICE OFFICER","55942.00"
"POLICE OFFICER","55942.00"
"POLICE OFFICER","55942.00"
"POLICE OFFICER","55942.00"
"POLICE OFFICER","55942.00"
"POLICE OFFICER","55942.00"
"POLICE OFFICER","55942.00"
"POLICE OFFICER","55942.00"
"POLICE OFFICER","55942.00"
"POLICE OFFICER","55942.00"
"POLICE OFFICER","55942.00"
"POLICE OFFICER","55942.00"
"POLICE OFFICER","55942.00"
"POLICE OFFICER","55942.00"
"POLICE OFFICER","55942.00"
"POLICE OFFICER","55942.00"
"POLICE OFFICER","55942.00"
"POLICE OFFICER","55942.00"
"POLICE OFFICER","55942.00"
"POLICE OFFICER","55942.00"
"POLICE OFFICER","55942.00"
"POLICE OFFICER","55942.00"
"POLICE OFFICER","55942.00"
"POLICE OFFICER","55942.00"
"POLICE OFFICER","55942.00"
"Executive Program Specialist","240000.00"
"TRAFFIC ENFORCEMENT AGENT","47185.00"
"STENOGRAPHIC SPECIALIST","47650.00"
"PSYCHOLOGIST","95211.00"
"PSYCHOLOGIST","109018.00"
"POLICE OFFICER","55942.00"
"TRAFFIC ENFORCEMENT AGENT","47185.00"
"TRAFFIC ENFORCEMENT AGENT","47185.00"
"TRAFFIC ENFORCEMENT AGENT","47185.00"
"TRAFFIC ENFORCEMENT AGENT","47185.00"
"TRAFFIC ENFORCEMENT AGENT","47185.00"
"POLICE COMMUNICATIONS TECHNICIAN","45704.00"
"POLICE COMMUNICATIONS TECHNICIAN","45704.00"
"POLICE COMMUNICATIONS TECHNICIAN","45704.00"
"POLICE COMMUNICATIONS TECHNICIAN","45704.00"
"POLICE COMMUNICATIONS TECHNICIAN","45704.00"
"POLICE COMMUNICATIONS TECHNICIAN","45704.00"
"POLICE COMMUNICATIONS TECHNICIAN","44265.00"
"POLICE COMMUNICATIONS TECHNICIAN","45704.00"
"POLICE COMMUNICATIONS TECHNICIAN","45704.00"
"POLICE COMMUNICATIONS TECHNICIAN","44265.00"
"POLICE COMMUNICATIONS TECHNICIAN","44265.00"
"POLICE COMMUNICATIONS TECHNICIAN","45704.00"
"POLICE COMMUNICATIONS TECHNICIAN","45704.00"
"POLICE COMMUNICATIONS TECHNICIAN","45704.00"
"POLICE COMMUNICATIONS TECHNICIAN","45704.00"
"POLICE COMMUNICATIONS TECHNICIAN","45704.00"
"POLICE COMMUNICATIONS TECHNICIAN","45704.00"
"POLICE COMMUNICATIONS TECHNICIAN","45704.00"
"POLICE COMMUNICATIONS TECHNICIAN","45704.00"
"POLICE COMMUNICATIONS TECHNICIAN","45704.00"
"POLICE COMMUNICATIONS TECHNICIAN","44265.00"
"POLICE COMMUNICATIONS TECHNICIAN","45704.00"
"POLICE COMMUNICATIONS TECHNICIAN","45704.00"
"POLICE COMMUNICATIONS TECHNICIAN","45704.00"
"POLICE COMMUNICATIONS TECHNICIAN","45704.00"
"POLICE COMMUNICATIONS TECHNICIAN","45704.00"
"POLICE COMMUNICATIONS TECHNICIAN","45704.00"
"POLICE COMMUNICATIONS TECHNICIAN","45704.00"
"POLICE COMMUNICATIONS TECHNICIAN","44265.00"
"POLICE COMMUNICATIONS TECHNICIAN","45704.00"
"POLICE COMMUNICATIONS TECHNICIAN","45704.00"
"POLICE OFFICER","55942.00"
"POLICE OFFICER","55942.00"
"POLICE OFFICER","55942.00"
"POLICE OFFICER","55942.00"
"POLICE OFFICER","55942.00"
"POLICE OFFICER","55942.00"
"POLICE OFFICER","55942.00"
"POLICE OFFICER","55942.00"
"POLICE OFFICER","55942.00"
"POLICE OFFICER","55942.00"
"POLICE OFFICER","55942.00"
"POLICE OFFICER","55942.00"
"POLICE OFFICER","55942.00"
"POLICE OFFICER","55942.00"
"POLICE OFFICER","55942.00"
"POLICE OFFICER","55942.00"
"POLICE OFFICER","55942.00"
"POLICE OFFICER","55942.00"
"POLICE OFFICER","55942.00"
"POLICE OFFICER","55942.00"
"POLICE OFFICER","55942.00"
"POLICE OFFICER","55942.00"
"POLICE OFFICER","55942.00"
"POLICE OFFICER","55942.00"
"POLICE OFFICER","55942.00"
"POLICE OFFICER","55942.00"
"POLICE OFFICER","55942.00"
"POLICE OFFICER","55942.00"
"POLICE OFFICER","55942.00"
"POLICE OFFICER","55942.00"
"POLICE OFFICER","55942.00"
"POLICE OFFICER","55942.00"
"POLICE OFFICER","55942.00"
"POLICE OFFICER","55942.00"
"POLICE OFFICER","55942.00"
"POLICE OFFICER","55942.00"
"POLICE OFFICER","55942.00"
"POLICE OFFICER","55942.00"
"POLICE OFFICER","55942.00"
"POLICE OFFICER","55942.00"
"POLICE OFFICER","55942.00"
"POLICE OFFICER","55942.00"
"POLICE OFFICER","55942.00"
"POLICE OFFICER","55942.00"
"POLICE OFFICER","55942.00"
"POLICE OFFICER","55942.00"
"POLICE OFFICER","55942.00"
"POLICE OFFICER","55942.00"
"POLICE OFFICER","55942.00"
"POLICE OFFICER","55942.00"
"POLICE OFFICER","55942.00"
"POLICE OFFICER","55942.00"
"POLICE OFFICER","55942.00"
"POLICE OFFICER","55942.00"
"POLICE OFFICER","55942.00"
"POLICE OFFICER","55942.00"
"POLICE OFFICER","55942.00"
"POLICE OFFICER","55942.00"
"POLICE OFFICER","55942.00"
"POLICE OFFICER","55942.00"
"POLICE OFFICER","55942.00"
"POLICE OFFICER","55942.00"
"POLICE OFFICER","55942.00"
"POLICE OFFICER","55942.00"
"POLICE OFFICER","55942.00"
"POLICE OFFICER","55942.00"
"POLICE OFFICER","55942.00"
"POLICE OFFICER","55942.00"
"POLICE OFFICER","55942.00"
"POLICE OFFICER","55942.00"
"POLICE OFFICER","55942.00"
"POLICE OFFICER","55942.00"
"POLICE OFFICER","55942.00"
"POLICE OFFICER","55942.00"
"POLICE OFFICER","55942.00"
"POLICE OFFICER","55942.00"
"POLICE OFFICER","55942.00"
"POLICE OFFICER","55942.00"
"POLICE OFFICER","55942.00"
"POLICE OFFICER","55942.00"
"POLICE OFFICER","55942.00"
"POLICE OFFICER","55942.00"
"POLICE OFFICER","55942.00"
"POLICE OFFICER","55942.00"
"POLICE OFFICER","55942.00"
"POLICE OFFICER","55942.00"
"POLICE OFFICER","55942.00"
"POLICE OFFICER","55942.00"
"POLICE OFFICER","55942.00"
"POLICE OFFICER","55942.00"
"POLICE OFFICER","55942.00"
"POLICE OFFICER","55942.00"
"POLICE OFFICER","55942.00"
"POLICE OFFICER","55942.00"
"POLICE OFFICER","55942.00"
"POLICE OFFICER","55942.00"
"POLICE OFFICER","55942.00"
"POLICE OFFICER","55942.00"
"POLICE OFFICER","55942.00"
"POLICE OFFICER","55942.00"
"POLICE OFFICER","55942.00"
"POLICE OFFICER","55942.00"
"POLICE OFFICER","55942.00"
"POLICE OFFICER","55942.00"
"POLICE OFFICER","55942.00"
"POLICE OFFICER","55942.00"
"POLICE OFFICER","55942.00"
"POLICE OFFICER","55942.00"
"POLICE OFFICER","55942.00"
"POLICE OFFICER","55942.00"
"POLICE OFFICER","55942.00"
"POLICE OFFICER","55942.00"
"POLICE OFFICER","55942.00"
"POLICE OFFICER","55942.00"
"POLICE OFFICER","55942.00"
"POLICE OFFICER","55942.00"
"POLICE OFFICER","55942.00"
"POLICE OFFICER","55942.00"
"POLICE OFFICER","55942.00"
"POLICE OFFICER","55942.00"
"POLICE OFFICER","55942.00"
"POLICE OFFICER","55942.00"
"POLICE OFFICER","55942.00"
"POLICE OFFICER","55942.00"
"POLICE OFFICER","55942.00"
"POLICE OFFICER","55942.00"
"POLICE OFFICER","55942.00"
"POLICE OFFICER","55942.00"
"POLICE OFFICER","55942.00"
"POLICE OFFICER","55942.00"
"POLICE OFFICER","55942.00"
"POLICE OFFICER","55942.00"
"POLICE OFFICER","55942.00"
"POLICE OFFICER","55942.00"
"POLICE OFFICER","55942.00"
"POLICE OFFICER","55942.00"
"POLICE OFFICER","55942.00"
"POLICE OFFICER","55942.00"
"POLICE OFFICER","55942.00"
"POLICE OFFICER","55942.00"
"POLICE OFFICER","55942.00"
"POLICE OFFICER","55942.00"
"POLICE OFFICER","55942.00"
"POLICE OFFICER","55942.00"
"POLICE OFFICER","55942.00"
"POLICE OFFICER","55942.00"
"POLICE OFFICER","55942.00"
"POLICE OFFICER","55942.00"
"POLICE OFFICER","55942.00"
"POLICE OFFICER","55942.00"
"POLICE OFFICER","55942.00"
"POLICE OFFICER","55942.00"
"POLICE OFFICER","55942.00"
"POLICE OFFICER","55942.00"
"POLICE OFFICER","55942.00"
"POLICE OFFICER","55942.00"
"POLICE OFFICER","55942.00"
"POLICE OFFICER","55942.00"
"POLICE OFFICER","55942.00"
"POLICE OFFICER","55942.00"
"POLICE OFFICER","55942.00"
"POLICE OFFICER","55942.00"
"POLICE OFFICER","55942.00"
"POLICE OFFICER","55942.00"
"POLICE OFFICER","55942.00"
"POLICE OFFICER","55942.00"
"POLICE OFFICER","55942.00"
"POLICE OFFICER","55942.00"
"POLICE OFFICER","55942.00"
"POLICE OFFICER","55942.00"
"POLICE OFFICER","55942.00"
"POLICE OFFICER","55942.00"
"POLICE OFFICER","55942.00"
"POLICE OFFICER","55942.00"
"POLICE OFFICER","55942.00"
"POLICE OFFICER","55942.00"
"POLICE OFFICER","55942.00"
"POLICE OFFICER","55942.00"
"POLICE OFFICER","55942.00"
"POLICE OFFICER","55942.00"
"POLICE OFFICER","55942.00"
"POLICE OFFICER","55942.00"
"POLICE OFFICER","55942.00"
"POLICE OFFICER","55942.00"
"POLICE OFFICER","55942.00"
"POLICE OFFICER","55942.00"
"POLICE OFFICER","55942.00"
"POLICE OFFICER","55942.00"
"POLICE OFFICER","55942.00"
"POLICE OFFICER","55942.00"
"POLICE OFFICER","55942.00"
"POLICE OFFICER","55942.00"
"POLICE OFFICER","55942.00"
"POLICE OFFICER","55942.00"
"POLICE OFFICER","55942.00"
"POLICE OFFICER","55942.00"
"POLICE OFFICER","55942.00"
"POLICE OFFICER","55942.00"
"POLICE OFFICER","55942.00"
"POLICE OFFICER","55942.00"
"POLICE OFFICER","55942.00"
"SCHOOL SAFETY AGENT","39206.00"
"POLICE COMMUNICATIONS TECHNICIAN","45704.00"
"POLICE COMMUNICATIONS TECHNICIAN","45704.00"
"POLICE COMMUNICATIONS TECHNICIAN","45704.00"
"POLICE COMMUNICATIONS TECHNICIAN","45704.00"
"POLICE COMMUNICATIONS TECHNICIAN","45704.00"
"POLICE COMMUNICATIONS TECHNICIAN","45704.00"
"POLICE COMMUNICATIONS TECHNICIAN","45704.00"
"POLICE COMMUNICATIONS TECHNICIAN","45704.00"
"POLICE COMMUNICATIONS TECHNICIAN","45704.00"
"POLICE COMMUNICATIONS TECHNICIAN","45704.00"
"POLICE COMMUNICATIONS TECHNICIAN","45704.00"
"POLICE COMMUNICATIONS TECHNICIAN","45704.00"
"POLICE COMMUNICATIONS TECHNICIAN","45704.00"
"POLICE COMMUNICATIONS TECHNICIAN","45704.00"
"POLICE COMMUNICATIONS TECHNICIAN","45704.00"
"POLICE COMMUNICATIONS TECHNICIAN","45704.00"
"POLICE COMMUNICATIONS TECHNICIAN","45704.00"
"POLICE COMMUNICATIONS TECHNICIAN","45704.00"
"POLICE COMMUNICATIONS TECHNICIAN","45704.00"
"POLICE COMMUNICATIONS TECHNICIAN","45704.00"
"POLICE COMMUNICATIONS TECHNICIAN","45704.00"
"POLICE COMMUNICATIONS TECHNICIAN","45704.00"
"POLICE COMMUNICATIONS TECHNICIAN","45704.00"
"POLICE COMMUNICATIONS TECHNICIAN","45704.00"
"POLICE COMMUNICATIONS TECHNICIAN","45704.00"
"POLICE COMMUNICATIONS TECHNICIAN","44265.00"
"TRAFFIC ENFORCEMENT AGENT","47185.00"
"POLICE COMMUNICATIONS TECHNICIAN","45704.00"
"POLICE COMMUNICATIONS TECHNICIAN","45704.00"
"POLICE COMMUNICATIONS TECHNICIAN","45704.00"
"STRATEGIC INITIATIVE SPECIALIST","113575.00"
"POLICE OFFICER","55942.00"
"POLICE OFFICER","55942.00"
"POLICE OFFICER","55942.00"
"POLICE OFFICER","55942.00"
"POLICE OFFICER","55942.00"
"POLICE OFFICER","55942.00"
"POLICE OFFICER","55942.00"
"POLICE OFFICER","55942.00"
"POLICE OFFICER","55942.00"
"POLICE OFFICER","55942.00"
"POLICE OFFICER","55942.00"
"POLICE OFFICER","55942.00"
"POLICE OFFICER","55942.00"
"POLICE OFFICER","55942.00"
"POLICE OFFICER","55942.00"
"POLICE OFFICER","55942.00"
"POLICE OFFICER","55942.00"
"POLICE OFFICER","55942.00"
"POLICE OFFICER","55942.00"
"POLICE OFFICER","55942.00"
"POLICE OFFICER","55942.00"
"POLICE OFFICER","55942.00"
"POLICE OFFICER","55942.00"
"POLICE OFFICER","55942.00"
"POLICE OFFICER","55942.00"
"POLICE OFFICER","55942.00"
"POLICE OFFICER","55942.00"
"POLICE OFFICER","55942.00"
"POLICE OFFICER","55942.00"
"POLICE OFFICER","55942.00"
"POLICE OFFICER","55942.00"
"POLICE OFFICER","55942.00"
"POLICE OFFICER","55942.00"
"POLICE OFFICER","55942.00"
"POLICE OFFICER","55942.00"
"POLICE OFFICER","55942.00"
"POLICE OFFICER","55942.00"
"POLICE OFFICER","55942.00"
"POLICE OFFICER","55942.00"
"POLICE OFFICER","55942.00"
"POLICE OFFICER","55942.00"
"POLICE OFFICER","55942.00"
"POLICE OFFICER","55942.00"
"POLICE OFFICER","55942.00"
"POLICE OFFICER","55942.00"
"POLICE OFFICER","55942.00"
"POLICE OFFICER","55942.00"
"POLICE OFFICER","55942.00"
"POLICE OFFICER","55942.00"
"POLICE OFFICER","55942.00"
"POLICE OFFICER","55942.00"
"POLICE OFFICER","55942.00"
"POLICE OFFICER","55942.00"
"POLICE OFFICER","55942.00"
"POLICE OFFICER","55942.00"
"POLICE OFFICER","55942.00"
"POLICE OFFICER","55942.00"
"POLICE OFFICER","55942.00"
"POLICE OFFICER","55942.00"
"POLICE OFFICER","55942.00"
"POLICE OFFICER","55942.00"
"POLICE OFFICER","55942.00"
"POLICE OFFICER","55942.00"
"POLICE OFFICER","55942.00"
"POLICE OFFICER","55942.00"
"POLICE OFFICER","55942.00"
"POLICE OFFICER","55942.00"
"POLICE OFFICER","55942.00"
"POLICE OFFICER","55942.00"
"POLICE OFFICER","55942.00"
"POLICE OFFICER","55942.00"
"POLICE OFFICER","55942.00"
"POLICE OFFICER","55942.00"
"POLICE OFFICER","55942.00"
"POLICE OFFICER","55942.00"
"POLICE OFFICER","55942.00"
"POLICE OFFICER","55942.00"
"POLICE OFFICER","55942.00"
"POLICE OFFICER","55942.00"
"POLICE OFFICER","55942.00"
"POLICE OFFICER","55942.00"
"POLICE OFFICER","55942.00"
"POLICE OFFICER","55942.00"
"POLICE OFFICER","55942.00"
"POLICE OFFICER","55942.00"
"POLICE OFFICER","55942.00"
"POLICE OFFICER","55942.00"
"POLICE OFFICER","55942.00"
"POLICE OFFICER","55942.00"
"POLICE OFFICER","55942.00"
"POLICE OFFICER","55942.00"
"POLICE OFFICER","55942.00"
"POLICE OFFICER","55942.00"
"POLICE OFFICER","55942.00"
"POLICE OFFICER","55942.00"
"POLICE OFFICER","55942.00"
"POLICE OFFICER","55942.00"
"POLICE OFFICER","55942.00"
"POLICE OFFICER","55942.00"
"POLICE OFFICER","55942.00"
"POLICE OFFICER","55942.00"
"POLICE OFFICER","55942.00"
"POLICE OFFICER","55942.00"
"POLICE OFFICER","55942.00"
"POLICE OFFICER","55942.00"
"POLICE OFFICER","55942.00"
"POLICE OFFICER","55942.00"
"POLICE OFFICER","55942.00"
"POLICE OFFICER","55942.00"
"POLICE OFFICER","55942.00"
"POLICE OFFICER","55942.00"
"POLICE OFFICER","55942.00"
"POLICE OFFICER","55942.00"
"POLICE OFFICER","55942.00"
"POLICE OFFICER","55942.00"
"POLICE OFFICER","55942.00"
"POLICE OFFICER","55942.00"
"POLICE OFFICER","109352.00"
"SERGEANT-","118056.00"
"CAPTAIN","194689.00"
"POLICE OFFICER","109352.00"
"P.O. DA DET GR3","119980.00"
"SERGEANT-D/A SPECIAL ASSIGNMENT","120744.00"
"SERGEANT-","118056.00"
"POLICE OFFICER","109352.00"
"LIEUTENANT","149518.00"
"SERGEANT-","118056.00"
"POLICE OFFICER","109352.00"
"SERGEANT-D/A SPECIAL ASSIGNMENT","135511.00"
"SERGEANT-","118056.00"
"LIEUTENANT","142202.00"
"POLICE OFFICER D/A DETECTIVE 1ST GR","154751.00"
"POLICE OFFICER","109352.00"
"POLICE OFFICER D/A DETECTIVE 2ND GR","134819.00"
"P.O. DA DET GR3","119980.00"
"POLICE OFFICER","109352.00"
"POLICE OFFICER D/A DETECTIVE 2ND GR","134819.00"
"POLICE OFFICER","109352.00"
"P.O. DA DET GR3","119980.00"
"POLICE OFFICER","109352.00"
"SERGEANT-","118056.00"
"POLICE OFFICER D/A DETECTIVE 1ST GR","149518.00"
"POLICE OFFICER","109352.00"
"SERGEANT-","118056.00"
"P.O. DA DET GR3","119980.00"
"POLICE OFFICER D/A DETECTIVE 2ND GR","130260.00"
"POLICE OFFICER","109352.00"
"POLICE OFFICER D/A DETECTIVE 2ND GR","130260.00"
"POLICE OFFICER","109352.00"
"SERGEANT-","97894.00"
"SERGEANT-D/A SPECIAL ASSIGNMENT","135511.00"
"POLICE OFFICER","109352.00"
"SERGEANT-D/A SUPERVISOR DETECTIVE SQUAD","120442.00"
"POLICE OFFICER D/A DETECTIVE 2ND GR","134819.00"
"POLICE OFFICER D/A DETECTIVE 2ND GR","134819.00"
"POLICE OFFICER","109352.00"
"POLICE OFFICER","109352.00"
"P.O. DET SPEC","119429.00"
"P.O. DA DET GR3","115923.00"
"LIEUTENANT","154751.00"
"POLICE OFFICER","109352.00"
"POLICE OFFICER D/A DETECTIVE 2ND GR","130260.00"
"POLICE OFFICER","109352.00"
"POLICE OFFICER","109352.00"
"SERGEANT-D/A SUPERVISOR DETECTIVE SQUAD","135511.00"
"SERGEANT-","118056.00"
"SERGEANT-","118056.00"
"CAPTAIN","194689.00"
"SERGEANT-","118056.00"
"P.O. DA DET GR3","119980.00"
"SERGEANT-D/A SUPERVISOR DETECTIVE SQUAD","135511.00"
"POLICE OFFICER D/A DETECTIVE 2ND GR","134819.00"
"POLICE OFFICER D/A DETECTIVE 2ND GR","134819.00"
"POLICE OFFICER","109352.00"
"SERGEANT-D/A SUPERVISOR DETECTIVE SQUAD","135511.00"
"CAPTAIN","160722.00"
"SERGEANT-","118056.00"
"SERGEANT-","118056.00"
"SERGEANT-","118056.00"
"SERGEANT-","97894.00"
"P.O. DET SPEC","115923.00"
"P.O. DA DET GR3","115923.00"
"POLICE OFFICER D/A DETECTIVE 2ND GR","130260.00"
"SERGEANT-","118056.00"
"LIEUTENANT","142202.00"
"P.O. DA DET GR3","119980.00"
"LIEUTENANT D/A COMMANDER OF DETECTIVE SQUAD","170234.00"
"P.O. DET SPEC","119980.00"
"POLICE OFFICER D/A DETECTIVE 2ND GR","134819.00"
"P.O. DET SPEC","119314.00"
"P.O. DA DET GR3","115923.00"
"POLICE OFFICER","109352.00"
"SERGEANT-","118056.00"
"POLICE OFFICER","109352.00"
"CAPTAIN","157515.00"
"P.O. DA DET GR3","119980.00"
"POLICE OFFICER","109352.00"
"POLICE OFFICER","109352.00"
"POLICE OFFICER","109352.00"
"POLICE OFFICER","109352.00"
"P.O. DET SPEC","115923.00"
"P.O. DA DET GR3","115923.00"
"SERGEANT-D/A SPECIAL ASSIGNMENT","120744.00"
"POLICE OFFICER","109352.00"
"POLICE OFFICER D/A DETECTIVE 1ST GR","149518.00"
"LIEUTENANT","149518.00"
"SERGEANT-","118056.00"
"P.O. DA DET GR3","115923.00"
"POLICE OFFICER","109352.00"
"POLICE OFFICER","109352.00"
"LIEUTENANT","154751.00"
"CAPTAIN D/A INSPECTOR","215791.00"
"CAPTAIN","194689.00"
"POLICE OFFICER","109352.00"
"POLICE OFFICER D/A DETECTIVE 1ST GR","149518.00"
"SERGEANT-","105606.00"
"POLICE OFFICER","109352.00"
"LIEUTENANT","154751.00"
"POLICE OFFICER D/A DETECTIVE 2ND GR","134819.00"
"P.O. DA DET GR3","115923.00"
"LIEUTENANT D/A COMMANDER OF DETECTIVE SQUAD","159762.00"
"POLICE OFFICER D/A DETECTIVE 2ND GR","134819.00"
"P.O. DA DET GR3","119980.00"
"POLICE OFFICER","109352.00"
"CAPTAIN D/A DEPUTY INSPECTOR","204936.00"
"P.O. DA DET GR3","119980.00"
"CAPTAIN D/A DEPUTY INSPECTOR","204936.00"
"POLICE OFFICER D/A DETECTIVE 2ND GR","134819.00"
"POLICE OFFICER","109352.00"
"P.O. DA DET GR3","119980.00"
"SERGEANT-","118056.00"
"CAPTAIN","194689.00"
"POLICE OFFICER","109352.00"
"POLICE OFFICER","109352.00"
"P.O. DET SPEC","115923.00"
"POLICE OFFICER","109352.00"
"SERGEANT-","118056.00"
"LIEUTENANT","154751.00"
"POLICE OFFICER","109352.00"
"POLICE OFFICER D/A DETECTIVE 2ND GR","134819.00"
"POLICE OFFICER","109352.00"
"CAPTAIN","157515.00"
"P.O. DET SPEC","119980.00"
"POLICE OFFICER","109352.00"
"POLICE OFFICER","109352.00"
"CAPTAIN","160722.00"
"POLICE OFFICER","109352.00"
"POLICE OFFICER","109352.00"
"LIEUTENANT D/A SPECIAL ASSIGNMENT","154359.00"
"LIEUTENANT","154751.00"
"SERGEANT-","118056.00"
"P.O. DA DET GR3","119429.00"
"POLICE OFFICER D/A DETECTIVE 2ND GR","130260.00"
"SERGEANT-","118056.00"
"P.O. DA DET GR3","119980.00"
"POLICE OFFICER D/A DETECTIVE 2ND GR","134819.00"
"P.O. DA DET GR3","115923.00"
"POLICE OFFICER D/A DETECTIVE 1ST GR","149518.00"
"LIEUTENANT","154751.00"
"SERGEANT-","118056.00"
"POLICE OFFICER","109352.00"
"P.O. DA DET GR3","119980.00"
"P.O. DA DET GR3","115923.00"
"P.O. DET SPEC","115923.00"
"POLICE OFFICER","109352.00"
"POLICE OFFICER D/A DETECTIVE 2ND GR","134819.00"
"P.O. DA DET GR3","119980.00"
"P.O. DA DET GR3","115923.00"
"P.O. DA DET GR3","115390.00"
"POLICE OFFICER","109352.00"
"POLICE OFFICER","109352.00"
"POLICE OFFICER D/A DETECTIVE 1ST GR","154751.00"
"P.O. DET SPEC","115923.00"
"POLICE OFFICER D/A DETECTIVE 2ND GR","134819.00"
"SERGEANT-D/A SUPERVISOR DETECTIVE SQUAD","121048.00"
"P.O. DA DET GR3","115923.00"
"POLICE OFFICER D/A DETECTIVE 2ND GR","130260.00"
"LIEUTENANT","142202.00"
"SERGEANT-","118056.00"
"LIEUTENANT","149518.00"
"POLICE OFFICER","109352.00"
"POLICE OFFICER","109352.00"
"LIEUTENANT D/A COMMANDER OF DETECTIVE SQUAD","170234.00"
"P.O. DA DET GR3","119980.00"
"POLICE OFFICER","109352.00"
"POLICE OFFICER","105146.00"
"SERGEANT-","97894.00"
"LIEUTENANT","154751.00"
"POLICE OFFICER D/A DETECTIVE 2ND GR","130260.00"
"SERGEANT-","118056.00"
"CAPTAIN D/A DEPUTY INSPECTOR","204936.00"
"POLICE OFFICER D/A DETECTIVE 2ND GR","134819.00"
"SERGEANT-","97894.00"
"SERGEANT-","118056.00"
"POLICE OFFICER","109352.00"
"POLICE OFFICER D/A DETECTIVE 2ND GR","130260.00"
"SERGEANT-","118056.00"
"LIEUTENANT","149518.00"
"POLICE OFFICER","109352.00"
"POLICE OFFICER","109352.00"
"POLICE OFFICER","109352.00"
"POLICE OFFICER","109352.00"
"LIEUTENANT","149518.00"
"SERGEANT-","118056.00"
"POLICE OFFICER","109352.00"
"CAPTAIN D/A DEPUTY INSPECTOR","204936.00"
"SERGEANT-","118056.00"
"POLICE OFFICER","109352.00"
"POLICE OFFICER","109352.00"
"POLICE OFFICER","109352.00"
"SERGEANT-","118056.00"
"P.O. DET SPEC","115923.00"
"POLICE OFFICER","109352.00"
"SERGEANT-","118056.00"
"LIEUTENANT","149518.00"
"SERGEANT-","118056.00"
"CAPTAIN","194689.00"
"P.O. DET SPEC","115923.00"
"P.O. DET SPEC","119248.00"
"P.O. DA DET GR3","115923.00"
"POLICE OFFICER","109352.00"
"POLICE OFFICER","109352.00"
"POLICE OFFICER","109352.00"
"LIEUTENANT","149518.00"
"P.O. DA DET GR3","119980.00"
"LIEUTENANT","149518.00"
"POLICE OFFICER D/A DETECTIVE 2ND GR","111821.00"
"CAPTAIN","157515.00"
"POLICE OFFICER","109352.00"
"POLICE OFFICER","109352.00"
"POLICE OFFICER D/A DETECTIVE 1ST GR","154751.00"
"POLICE OFFICER","109352.00"
"P.O. DA DET GR3","119980.00"
"POLICE OFFICER","109352.00"
"P.O. DET SPEC","119980.00"
"POLICE OFFICER","109352.00"
"CAPTAIN","194689.00"
"P.O. DA DET GR3","115923.00"
"P.O. DA DET GR3","115923.00"
"POLICE OFFICER D/A DETECTIVE 2ND GR","130260.00"
"POLICE OFFICER","109352.00"
"LIEUTENANT D/A SPECIAL ASSIGNMENT","157713.00"
"P.O. DET SPEC","119314.00"
"LIEUTENANT","154751.00"
"POLICE OFFICER","109352.00"
"P.O. DA DET GR3","115923.00"
"SERGEANT-","118056.00"
"P.O. DA DET GR3","119980.00"
"POLICE OFFICER","109352.00"
"SERGEANT-D/A SUPERVISOR DETECTIVE SQUAD","135511.00"
"POLICE OFFICER","85292.00"
"POLICE OFFICER","109352.00"
"SERGEANT-","118056.00"
"SERGEANT-","118056.00"
"POLICE OFFICER","109352.00"
"SERGEANT-","118056.00"
"SERGEANT-","118056.00"
"SERGEANT-","97894.00"
"POLICE OFFICER","109352.00"
"POLICE OFFICER","109352.00"
"LIEUTENANT","142202.00"
"LIEUTENANT","149518.00"
"LIEUTENANT","141684.00"
"CAPTAIN D/A DEPUTY INSPECTOR","204936.00"
"SERGEANT-D/A SUPERVISOR DETECTIVE SQUAD","135511.00"
"P.O. DET SPEC","119248.00"
"POLICE OFFICER","109352.00"
"SERGEANT-","118056.00"
"POLICE OFFICER D/A DETECTIVE 2ND GR","130260.00"
"POLICE OFFICER","109352.00"
"POLICE OFFICER","109352.00"
"POLICE OFFICER D/A DETECTIVE 2ND GR","134819.00"
"SERGEANT-","118056.00"
"POLICE OFFICER","109352.00"
"POLICE OFFICER","109352.00"
"P.O. DET SPEC","119980.00"
"POLICE OFFICER","109352.00"
"P.O. DA DET GR3","115923.00"
"POLICE OFFICER","109352.00"
"LIEUTENANT D/A COMMANDER OF DETECTIVE SQUAD","170234.00"
"P.O. DA DET GR3","115923.00"
"POLICE OFFICER D/A DETECTIVE 2ND GR","134819.00"
"SERGEANT-","118056.00"
"P.O. DA DET GR3","115923.00"
"POLICE OFFICER D/A DETECTIVE 2ND GR","134819.00"
"SERGEANT-","118056.00"
"SERGEANT-","118056.00"
"POLICE OFFICER","109352.00"
"LIEUTENANT","149518.00"
"CAPTAIN","157515.00"
"LIEUTENANT","154751.00"
"POLICE OFFICER","109352.00"
"P.O. DA DET GR3","119980.00"
"LIEUTENANT","149518.00"
"POLICE OFFICER","109352.00"
"POLICE OFFICER","109352.00"
"POLICE OFFICER","109352.00"
"P.O. DA DET GR3","119980.00"
"POLICE OFFICER D/A DETECTIVE 2ND GR","134819.00"
"SERGEANT-D/A SUPERVISOR DETECTIVE SQUAD","121048.00"
"P.O. DA DET GR3","115923.00"
"P.O. DET SPEC","119980.00"
"POLICE OFFICER D/A DETECTIVE 2ND GR","134819.00"
"POLICE OFFICER","109352.00"
"POLICE OFFICER D/A DETECTIVE 2ND GR","130260.00"
"POLICE OFFICER","109352.00"
"P.O. DA DET GR3","119980.00"
"LIEUTENANT D/A SPECIAL ASSIGNMENT","154359.00"
"LIEUTENANT","154751.00"
"POLICE OFFICER","109352.00"
"POLICE OFFICER","109352.00"
"SERGEANT-","97894.00"
"POLICE OFFICER","109352.00"
"P.O. DA DET GR3","119980.00"
"LIEUTENANT","142202.00"
"POLICE OFFICER D/A DETECTIVE 1ST GR","149518.00"
"POLICE OFFICER","109352.00"
"LIEUTENANT D/A COMMANDER OF DETECTIVE SQUAD","156098.00"
"POLICE OFFICER","109352.00"
"POLICE OFFICER","109352.00"
"POLICE OFFICER","109352.00"
"LIEUTENANT","154751.00"
"LIEUTENANT","149518.00"
"POLICE OFFICER","109352.00"
"SERGEANT-","97894.00"
"POLICE OFFICER","109352.00"
"LIEUTENANT","154751.00"
"P.O. DET SPEC","115923.00"
"POLICE OFFICER D/A DETECTIVE 2ND GR","134819.00"
"P.O. DET SPEC","119980.00"
"POLICE OFFICER","109352.00"
"POLICE OFFICER","109352.00"
"P.O. DET SPEC","115279.00"
"POLICE OFFICER","109352.00"
"POLICE OFFICER","109352.00"
"LIEUTENANT D/A COMMANDER OF DETECTIVE SQUAD","156098.00"
"SERGEANT-","118056.00"
"POLICE OFFICER","109352.00"
"POLICE OFFICER","109352.00"
"POLICE OFFICER","109352.00"
"POLICE OFFICER","109352.00"
"P.O. DA DET GR3","115923.00"
"P.O. DA DET GR3","115923.00"
"LIEUTENANT","154751.00"
"POLICE OFFICER","109352.00"
"POLICE OFFICER","109352.00"
"P.O. DA DET GR3","115923.00"
"POLICE OFFICER D/A DETECTIVE 2ND GR","130260.00"
"P.O. DA DET GR3","115279.00"
"P.O. DA DET GR3","119980.00"
"SERGEANT-","118056.00"
"P.O. DET SPEC","115390.00"
"SERGEANT-","118056.00"
"P.O. DET SPEC","119980.00"
"POLICE OFFICER","109352.00"
"POLICE OFFICER","109352.00"
"SERGEANT-","118056.00"
"POLICE OFFICER","109352.00"
"POLICE OFFICER D/A DETECTIVE 2ND GR","134819.00"
"POLICE OFFICER","109352.00"
"P.O. DA DET GR3","119980.00"
"LIEUTENANT","154751.00"
"SERGEANT-","118056.00"
"LIEUTENANT D/A COMMANDER OF DETECTIVE SQUAD","156098.00"
"POLICE OFFICER","109352.00"
"LIEUTENANT D/A SPECIAL ASSIGNMENT","170234.00"
"CAPTAIN","194689.00"
"SERGEANT-D/A SUPERVISOR DETECTIVE SQUAD","121048.00"
"P.O. DA DET GR3","119980.00"
"POLICE OFFICER","109352.00"
"POLICE OFFICER","109352.00"
"POLICE OFFICER D/A DETECTIVE 1ST GR","149518.00"
"POLICE OFFICER","109352.00"
"SERGEANT-D/A SPECIAL ASSIGNMENT","121048.00"
"POLICE OFFICER","109352.00"
"SERGEANT-","118056.00"
"POLICE OFFICER D/A DETECTIVE 2ND GR","134819.00"
"SERGEANT-","118056.00"
"LIEUTENANT D/A COMMANDER OF DETECTIVE SQUAD","159762.00"
"POLICE OFFICER","109352.00"
"CAPTAIN D/A DEPUTY INSPECTOR","204936.00"
"CAPTAIN","194689.00"
"POLICE OFFICER","109352.00"
"POLICE OFFICER D/A DETECTIVE 2ND GR","134819.00"
"POLICE OFFICER","109352.00"
"POLICE OFFICER","109352.00"
"LIEUTENANT","142202.00"
"LIEUTENANT","142202.00"
"P.O. DET SPEC","119248.00"
"POLICE OFFICER","109352.00"
"POLICE OFFICER","109352.00"
"POLICE OFFICER","109352.00"
"LIEUTENANT D/A SPECIAL ASSIGNMENT","164477.00"
"LIEUTENANT","154751.00"
"LIEUTENANT","149518.00"
"P.O. DET SPEC","115923.00"
"POLICE OFFICER D/A DETECTIVE 2ND GR","134819.00"
"P.O. DET SPEC","119314.00"
"POLICE OFFICER","109352.00"
"SERGEANT-D/A SUPERVISOR DETECTIVE SQUAD","135511.00"
"SERGEANT-","97894.00"
"POLICE OFFICER","109352.00"
"SERGEANT-D/A SPECIAL ASSIGNMENT","135511.00"
"P.O. DA DET GR3","119980.00"
"POLICE OFFICER","109352.00"
"POLICE OFFICER","109352.00"
"POLICE OFFICER","109352.00"
"POLICE OFFICER","109352.00"
"LIEUTENANT","149518.00"
"LIEUTENANT","149518.00"
"P.O. DA DET GR3","115923.00"
"POLICE OFFICER","109352.00"
"SERGEANT-","97894.00"
"CAPTAIN D/A INSPECTOR","215791.00"
"P.O. DA DET GR3","119980.00"
"CAPTAIN D/A DEPUTY INSPECTOR","204936.00"
"P.O. DET SPEC","119980.00"
"LIEUTENANT","154751.00"
"SERGEANT-","118056.00"
"POLICE OFFICER","109352.00"
"SERGEANT-","118056.00"
"POLICE OFFICER","109352.00"
"SERGEANT-","118056.00"
"POLICE OFFICER","109352.00"
"POLICE OFFICER D/A DETECTIVE 2ND GR","134819.00"
"POLICE OFFICER","109352.00"
"LIEUTENANT D/A SPECIAL ASSIGNMENT","170234.00"
"POLICE OFFICER D/A DETECTIVE 2ND GR","134819.00"
"LIEUTENANT","154751.00"
"LIEUTENANT","136750.00"
"POLICE OFFICER","109352.00"
"POLICE OFFICER D/A DETECTIVE 1ST GR","154751.00"
"P.O. DA DET GR3","119980.00"
"P.O. DA DET GR3","115923.00"
"SERGEANT-","118056.00"
"POLICE OFFICER","109352.00"
"P.O. DET SPEC","115923.00"
"LIEUTENANT","154751.00"
"LIEUTENANT","154751.00"
"SERGEANT-","118056.00"
"SERGEANT-","118056.00"
"POLICE OFFICER","109352.00"
"POLICE OFFICER","109352.00"
"LIEUTENANT","154751.00"
"LIEUTENANT","154751.00"
"P.O. DET SPEC","115923.00"
"SERGEANT-","97894.00"
"POLICE OFFICER","105146.00"
"POLICE OFFICER","109352.00"
"POLICE OFFICER D/A DETECTIVE 1ST GR","149518.00"
"P.O. DA DET GR3","105062.00"
"POLICE OFFICER D/A DETECTIVE 1ST GR","154751.00"
"SERGEANT-","97894.00"
"LIEUTENANT","154751.00"
"SERGEANT-","118056.00"
"POLICE OFFICER D/A DETECTIVE 2ND GR","134819.00"
"POLICE OFFICER","109352.00"
"P.O. DET SPEC","119980.00"
"P.O. DA DET GR3","115923.00"
"POLICE OFFICER","109352.00"
"P.O. DA DET GR3","115923.00"
"POLICE OFFICER","109352.00"
"P.O. DA DET GR3","119980.00"
"P.O. DET SPEC","119248.00"
"POLICE OFFICER D/A DETECTIVE 1ST GR","154751.00"
"POLICE OFFICER","109352.00"
"P.O. DA DET GR3","115923.00"
"POLICE OFFICER D/A DETECTIVE 2ND GR","134819.00"
"P.O. DET SPEC","119248.00"
"CAPTAIN","152188.00"
"POLICE OFFICER D/A DETECTIVE 1ST GR","149518.00"
"LIEUTENANT","149518.00"
"P.O. DET SPEC","115390.00"
"CAPTAIN D/A INSPECTOR","215791.00"
"P.O. DA DET GR3","119980.00"
"P.O. DET SPEC","119980.00"
"POLICE OFFICER","109352.00"
"POLICE OFFICER","109352.00"
"CAPTAIN D/A DEPUTY CHIEF","227306.00"
"SERGEANT-","118056.00"
"POLICE OFFICER","109352.00"
"POLICE OFFICER","109352.00"
"SERGEANT-","118056.00"
"POLICE OFFICER D/A DETECTIVE 1ST GR","154751.00"
"SERGEANT-","118056.00"
"POLICE OFFICER","109352.00"
"POLICE OFFICER","109352.00"
"POLICE OFFICER","109352.00"
"P.O. DET SPEC","119980.00"
"SERGEANT-","118056.00"
"POLICE OFFICER","109352.00"
"P.O. DA DET GR3","119980.00"
"POLICE OFFICER","109352.00"
"SERGEANT-","118056.00"
"P.O. DA DET GR3","119980.00"
"POLICE OFFICER","109352.00"
"POLICE OFFICER","109352.00"
"POLICE OFFICER","109352.00"
"P.O. DA DET GR3","119980.00"
"LIEUTENANT","149518.00"
"POLICE OFFICER D/A DETECTIVE 2ND GR","134819.00"
"POLICE OFFICER","109352.00"
"P.O. DET SPEC","119980.00"
"POLICE OFFICER","109352.00"
"POLICE OFFICER","109352.00"
"POLICE OFFICER","109352.00"
"CAPTAIN D/A DEPUTY INSPECTOR","204936.00"
"POLICE OFFICER","109352.00"
"POLICE OFFICER D/A DETECTIVE 1ST GR","149518.00"
"POLICE OFFICER","109352.00"
"POLICE OFFICER","109352.00"
"POLICE OFFICER","109352.00"
"P.O. DET SPEC","119314.00"
"POLICE OFFICER","109352.00"
"SERGEANT-","118056.00"
"POLICE OFFICER","109352.00"
"P.O. DA DET GR3","115923.00"
"SERGEANT-","118056.00"
"SERGEANT-D/A SUPERVISOR DETECTIVE SQUAD","120744.00"
"P.O. DET SPEC","115923.00"
"POLICE OFFICER","109352.00"
"POLICE OFFICER","109352.00"
"P.O. DET SPEC","119314.00"
"LIEUTENANT D/A SPECIAL ASSIGNMENT","170234.00"
"POLICE OFFICER D/A DETECTIVE 2ND GR","134819.00"
"POLICE OFFICER","109352.00"
"POLICE OFFICER","109352.00"
"POLICE OFFICER","109352.00"
"SERGEANT-","118056.00"
"LIEUTENANT","154751.00"
"LIEUTENANT","154751.00"
"P.O. DA DET GR3","119248.00"
"POLICE OFFICER","109352.00"
"POLICE OFFICER D/A DETECTIVE 1ST GR","154751.00"
"POLICE OFFICER","109352.00"
"POLICE OFFICER","109352.00"
"P.O. DA DET GR3","119980.00"
"SERGEANT-","118056.00"
"POLICE OFFICER","109352.00"
"POLICE OFFICER","109352.00"
"POLICE OFFICER","109352.00"
"P.O. DA DET GR3","115923.00"
"SERGEANT-D/A SUPERVISOR DETECTIVE SQUAD","135511.00"
"SERGEANT-","118056.00"
"LIEUTENANT","154751.00"
"SERGEANT-","118056.00"
"P.O. DA DET GR3","119980.00"
"SERGEANT-","118056.00"
"POLICE OFFICER D/A DETECTIVE 1ST GR","149518.00"
"POLICE OFFICER","109352.00"
"SERGEANT-","118056.00"
"SERGEANT-","118056.00"
"POLICE OFFICER","109352.00"
"POLICE OFFICER","109352.00"
"CAPTAIN","194689.00"
"POLICE OFFICER","109352.00"
"SERGEANT-","118056.00"
"P.O. DA DET GR3","119980.00"
"P.O. DA DET GR3","119980.00"
"SERGEANT-","118056.00"
"POLICE OFFICER","109352.00"
"P.O. DA DET GR3","119980.00"
"SERGEANT-","118056.00"
"LIEUTENANT","142202.00"
"LIEUTENANT","142202.00"
"POLICE OFFICER","109352.00"
"POLICE OFFICER","109352.00"
"POLICE OFFICER","109352.00"
"LIEUTENANT","142202.00"
"POLICE OFFICER","109352.00"
"P.O. DET SPEC","119314.00"
"P.O. DET SPEC","119980.00"
"POLICE OFFICER","109352.00"
"POLICE OFFICER","109352.00"
"SERGEANT-D/A SUPERVISOR DETECTIVE SQUAD","135511.00"
"SERGEANT-","118056.00"
"P.O. DA DET GR3","119980.00"
"POLICE OFFICER","109352.00"
"LIEUTENANT","154751.00"
"POLICE OFFICER","109352.00"
"P.O. DET SPEC","119980.00"
"POLICE OFFICER","109352.00"
"POLICE OFFICER D/A DETECTIVE 2ND GR","134819.00"
"LIEUTENANT","154751.00"
"LIEUTENANT D/A SPECIAL ASSIGNMENT","159762.00"
"POLICE OFFICER","109352.00"
"SERGEANT-","118056.00"
"POLICE OFFICER D/A DETECTIVE 2ND GR","134819.00"
"CAPTAIN D/A DEPUTY INSPECTOR","204936.00"
"LIEUTENANT","154751.00"
"SERGEANT-","118056.00"
"POLICE OFFICER","109352.00"
"CAPTAIN D/A DEPUTY INSPECTOR","204936.00"
"POLICE OFFICER","109352.00"
"SERGEANT-","118056.00"
"LIEUTENANT","154751.00"
"P.O. DA DET GR3","119980.00"
"SERGEANT-","118056.00"
"SERGEANT-D/A SUPERVISOR DETECTIVE SQUAD","121048.00"
"P.O. DA DET GR3","119980.00"
"POLICE OFFICER","109352.00"
"POLICE OFFICER","109352.00"
"P.O. DA DET GR3","119980.00"
"CAPTAIN","194689.00"
"POLICE OFFICER","101590.00"
"LIEUTENANT D/A SPECIAL ASSIGNMENT","156098.00"
"P.O. DET SPEC","119980.00"
"POLICE OFFICER","109352.00"
"P.O. DA DET GR3","119980.00"
"LIEUTENANT","154751.00"
"POLICE OFFICER","109352.00"
"LIEUTENANT","154751.00"
"POLICE OFFICER","109352.00"
"POLICE OFFICER","109352.00"
"SERGEANT-","118056.00"
"SERGEANT-D/A SPECIAL ASSIGNMENT","121048.00"
"CAPTAIN","160722.00"
"POLICE OFFICER D/A DETECTIVE 2ND GR","134819.00"
"P.O. DA DET GR3","119248.00"
"POLICE OFFICER","109352.00"
"POLICE OFFICER","109352.00"
"P.O. DET SPEC","115923.00"
"POLICE OFFICER D/A DETECTIVE 1ST GR","154751.00"
"SERGEANT-","118056.00"
"LIEUTENANT","142202.00"
"SERGEANT-","118056.00"
"LIEUTENANT D/A COMMANDER OF DETECTIVE SQUAD","156098.00"
"SERGEANT-D/A SUPERVISOR DETECTIVE SQUAD","135511.00"
"LIEUTENANT","141684.00"
"POLICE OFFICER","109352.00"
"P.O. DA DET GR3","119429.00"
"POLICE OFFICER","109352.00"
"P.O. DET SPEC","119980.00"
"POLICE OFFICER","109352.00"
"POLICE OFFICER","109352.00"
"POLICE OFFICER D/A DETECTIVE 2ND GR","134819.00"
"POLICE OFFICER D/A DETECTIVE 2ND GR","134819.00"
"POLICE OFFICER","109352.00"
"P.O. DA DET GR3","119429.00"
"P.O. DET SPEC","115923.00"
"POLICE OFFICER","109352.00"
"POLICE OFFICER","109352.00"
"P.O. DET SPEC","119980.00"
"POLICE OFFICER D/A DETECTIVE 2ND GR","134819.00"
"POLICE OFFICER","109352.00"
"POLICE OFFICER","109352.00"
"POLICE OFFICER","109352.00"
"P.O. DA DET GR3","119980.00"
"POLICE OFFICER","109352.00"
"SERGEANT-","118056.00"
"POLICE OFFICER","105146.00"
"POLICE OFFICER","109352.00"
"LIEUTENANT","154751.00"
"P.O. DA DET GR3","119980.00"
"P.O. DA DET GR3","119980.00"
"CAPTAIN","194689.00"
"POLICE OFFICER","109352.00"
"SERGEANT-","118056.00"
"POLICE OFFICER","109352.00"
"CAPTAIN D/A DEPUTY CHIEF","227306.00"
"POLICE OFFICER","109352.00"
"P.O. DA DET GR3","119980.00"
"LIEUTENANT","154751.00"
"POLICE OFFICER","109352.00"
"POLICE OFFICER","109352.00"
"POLICE OFFICER D/A DETECTIVE 2ND GR","134819.00"
"CAPTAIN D/A INSPECTOR","215791.00"
"LIEUTENANT","154751.00"
"POLICE OFFICER","109352.00"
"P.O. DA DET GR3","119980.00"
"POLICE OFFICER","109352.00"
"POLICE OFFICER","109352.00"
"POLICE OFFICER","109352.00"
"POLICE OFFICER D/A DETECTIVE 2ND GR","134819.00"
"P.O. DET SPEC","119980.00"
"LIEUTENANT D/A COMMANDER OF DETECTIVE SQUAD","157713.00"
"SERGEANT-D/A SPECIAL ASSIGNMENT","121048.00"
"POLICE OFFICER","109352.00"
"P.O. DET SPEC","115923.00"
"POLICE OFFICER","109352.00"
"POLICE OFFICER D/A DETECTIVE 2ND GR","134819.00"
"P.O. DA DET GR3","119314.00"
"P.O. DA DET GR3","119980.00"
"LIEUTENANT","154751.00"
"LIEUTENANT","142202.00"
"CAPTAIN","194689.00"
"POLICE OFFICER D/A DETECTIVE 2ND GR","134819.00"
"POLICE OFFICER","109352.00"
"SERGEANT-D/A SPECIAL ASSIGNMENT","135511.00"
"POLICE OFFICER","109352.00"
"CAPTAIN D/A DEPUTY INSPECTOR","204936.00"
"SERGEANT-","118056.00"
"POLICE OFFICER","109352.00"
"SERGEANT-","118056.00"
"LIEUTENANT","142202.00"
"POLICE OFFICER","109352.00"
"CAPTAIN","194689.00"
"POLICE OFFICER","109352.00"
"POLICE OFFICER","109352.00"
"SERGEANT-D/A SUPERVISOR DETECTIVE SQUAD","120744.00"
"POLICE OFFICER","109352.00"
"P.O. DET SPEC","119248.00"
"POLICE OFFICER","109352.00"
"LIEUTENANT","142202.00"
"SERGEANT-D/A SPECIAL ASSIGNMENT","120744.00"
"POLICE OFFICER","109352.00"
"P.O. DA DET GR3","115923.00"
"P.O. DA DET GR3","119980.00"
"POLICE OFFICER","109352.00"
"POLICE OFFICER","109352.00"
"SERGEANT-","118056.00"
"P.O. DA DET GR3","119980.00"
"LIEUTENANT","141943.00"
"P.O. DA DET GR3","119980.00"
"P.O. DA DET GR3","119980.00"
"P.O. DA DET GR3","119980.00"
"POLICE OFFICER","109352.00"
"POLICE OFFICER","105146.00"
"SERGEANT-","118056.00"
"POLICE OFFICER","109352.00"
"POLICE OFFICER","109352.00"
"P.O. DET SPEC","119980.00"
"P.O. DA DET GR3","119980.00"
"SERGEANT-","118056.00"
"LIEUTENANT","154751.00"
"POLICE OFFICER","109352.00"
"POLICE OFFICER","109352.00"
"POLICE OFFICER","109352.00"
"LIEUTENANT","154751.00"
"SERGEANT-","118056.00"
"CAPTAIN D/A INSPECTOR","215791.00"
"P.O. DA DET GR3","119980.00"
"SERGEANT-","118056.00"
"POLICE OFFICER","109352.00"
"SERGEANT-","118056.00"
"POLICE OFFICER","109352.00"
"POLICE OFFICER","109352.00"
"P.O. DA DET GR3","119429.00"
"SERGEANT-","118056.00"
"CAPTAIN D/A DEPUTY INSPECTOR","204936.00"
"P.O. DA DET GR3","119980.00"
"P.O. DA DET GR3","119980.00"
"POLICE OFFICER D/A DETECTIVE 2ND GR","134819.00"
"POLICE OFFICER D/A DETECTIVE 2ND GR","134819.00"
"POLICE OFFICER","109352.00"
"POLICE OFFICER D/A DETECTIVE 2ND GR","134819.00"
"POLICE OFFICER","109352.00"
"P.O. DET SPEC","119980.00"
"SERGEANT-","118056.00"
"P.O. DA DET GR3","119980.00"
"POLICE OFFICER","105146.00"
"POLICE OFFICER","109352.00"
"LIEUTENANT","142202.00"
"POLICE OFFICER","109352.00"
"POLICE OFFICER D/A DETECTIVE 2ND GR","134819.00"
"P.O. DA DET GR3","119980.00"
"POLICE OFFICER","109352.00"
"CAPTAIN D/A DEPUTY INSPECTOR","204936.00"
"POLICE OFFICER","109352.00"
"POLICE OFFICER","109352.00"
"POLICE OFFICER","109352.00"
"POLICE OFFICER","109352.00"
"SERGEANT-","118056.00"
"P.O. DA DET GR3","119980.00"
"P.O. DA DET GR3","119980.00"
"P.O. DA DET GR3","119248.00"
"POLICE OFFICER","109352.00"
"POLICE OFFICER","109352.00"
"POLICE OFFICER","109352.00"
"SERGEANT-","118056.00"
"POLICE OFFICER","109352.00"
"POLICE OFFICER","109352.00"
"LIEUTENANT","154751.00"
"LIEUTENANT","154751.00"
"POLICE OFFICER","109352.00"
"POLICE OFFICER","109352.00"
"P.O. DA DET GR3","119980.00"
"SERGEANT-D/A SPECIAL ASSIGNMENT","120744.00"
"P.O. DET SPEC","119980.00"
"POLICE OFFICER","109352.00"
"CAPTAIN D/A DEPUTY INSPECTOR","204936.00"
"SERGEANT-","118056.00"
"POLICE OFFICER","109352.00"
"POLICE OFFICER D/A DETECTIVE 2ND GR","134819.00"
"POLICE OFFICER D/A DETECTIVE 2ND GR","134819.00"
"P.O. DA DET GR3","119980.00"
"POLICE OFFICER","109352.00"
"P.O. DA DET GR3","119314.00"
"P.O. DA DET GR3","119980.00"
"POLICE OFFICER","109352.00"
"POLICE OFFICER","109352.00"
"POLICE OFFICER","109352.00"
"POLICE OFFICER","109352.00"
"P.O. DA DET GR3","119980.00"
"SERGEANT-","118056.00"
"P.O. DET SPEC","119980.00"
"POLICE OFFICER D/A DETECTIVE 2ND GR","134819.00"
"POLICE OFFICER","109352.00"
"CAPTAIN D/A DEPUTY INSPECTOR","204936.00"
"POLICE OFFICER","109352.00"
"SERGEANT-","97894.00"
"POLICE OFFICER","109352.00"
"SERGEANT-","118056.00"
"SERGEANT-D/A SPECIAL ASSIGNMENT","120442.00"
"POLICE OFFICER","109352.00"
"SERGEANT-","97894.00"
"P.O. DA DET GR3","119980.00"
"P.O. DA DET GR3","119980.00"
"POLICE OFFICER","109352.00"
"SERGEANT-D/A SUPERVISOR DETECTIVE SQUAD","121048.00"
"POLICE OFFICER","109352.00"
"POLICE OFFICER D/A DETECTIVE 2ND GR","134819.00"
"POLICE OFFICER","109352.00"
"POLICE OFFICER","109352.00"
"P.O. DET SPEC","119980.00"
"POLICE OFFICER","109352.00"
"POLICE OFFICER","109352.00"
"SERGEANT-","118056.00"
"SERGEANT-","118056.00"
"POLICE OFFICER","109352.00"
"LIEUTENANT","154751.00"
"POLICE OFFICER","109352.00"
"POLICE OFFICER","109352.00"
"POLICE OFFICER D/A DETECTIVE 2ND GR","134819.00"
"POLICE OFFICER","109352.00"
"POLICE OFFICER D/A DETECTIVE 2ND GR","134819.00"
"P.O. DA DET GR3","119980.00"
"SERGEANT-","118056.00"
"POLICE OFFICER","109352.00"
"LIEUTENANT","154751.00"
"POLICE OFFICER D/A DETECTIVE 2ND GR","134819.00"
"LIEUTENANT","154751.00"
"SERGEANT-","118056.00"
"CAPTAIN","194689.00"
"POLICE OFFICER","109352.00"
"P.O. DA DET GR3","119980.00"
"LIEUTENANT","154751.00"
"POLICE OFFICER","109352.00"
"LIEUTENANT","154751.00"
"SERGEANT-","118056.00"
"SERGEANT-","118056.00"
"POLICE OFFICER D/A DETECTIVE 2ND GR","134819.00"
"POLICE OFFICER","109352.00"
"LIEUTENANT","142202.00"
"POLICE OFFICER","109352.00"
"POLICE OFFICER","109352.00"
"P.O. DA DET GR3","119980.00"
"POLICE OFFICER","109352.00"
"P.O. DA DET GR3","119980.00"
"P.O. DA DET GR3","119980.00"
"P.O. DET SPEC","119980.00"
"POLICE OFFICER","109352.00"
"POLICE OFFICER D/A DETECTIVE 2ND GR","134819.00"
"LIEUTENANT","154751.00"
"POLICE OFFICER","109352.00"
"SERGEANT-","118056.00"
"POLICE OFFICER","109352.00"
"POLICE OFFICER D/A DETECTIVE 2ND GR","134819.00"
"SERGEANT-D/A SPECIAL ASSIGNMENT","135511.00"
"LIEUTENANT","154751.00"
"P.O. DET SPEC","119980.00"
"SERGEANT-","118056.00"
"POLICE OFFICER","109352.00"
"POLICE OFFICER","109352.00"
"POLICE OFFICER","109352.00"
"POLICE OFFICER","109352.00"
"POLICE OFFICER","109352.00"
"LIEUTENANT","154751.00"
"P.O. DET SPEC","119248.00"
"CAPTAIN D/A DEPUTY INSPECTOR","204936.00"
"SERGEANT-","118056.00"
"SERGEANT-","118056.00"
"POLICE OFFICER","109352.00"
"POLICE OFFICER","109352.00"
"POLICE OFFICER","109352.00"
"SERGEANT-","118056.00"
"POLICE OFFICER","109352.00"
"SERGEANT-","118056.00"
"POLICE OFFICER","109352.00"
"P.O. DA DET GR3","112003.00"
"LIEUTENANT","154751.00"
"LIEUTENANT","154751.00"
"P.O. DA DET GR3","119980.00"
"P.O. DA DET GR3","119980.00"
"P.O. DA DET GR3","119980.00"
"LIEUTENANT","154751.00"
"SERGEANT-","118056.00"
"POLICE OFFICER D/A DETECTIVE 2ND GR","134819.00"
"P.O. DA DET GR3","119980.00"
"SERGEANT-","118056.00"
"POLICE OFFICER","109352.00"
"P.O. DET SPEC","119980.00"
"P.O. DA DET GR3","119980.00"
"POLICE OFFICER","109352.00"
"CAPTAIN","194689.00"
"LIEUTENANT","142202.00"
"POLICE OFFICER","109352.00"
"POLICE OFFICER","109352.00"
"POLICE OFFICER","109352.00"
"SERGEANT-","118056.00"
"LIEUTENANT","154751.00"
"SERGEANT-D/A SPECIAL ASSIGNMENT","121048.00"
"CAPTAIN D/A DEPUTY INSPECTOR","204936.00"
"POLICE OFFICER","109352.00"
"POLICE OFFICER","109352.00"
"SERGEANT-","118056.00"
"POLICE OFFICER D/A DETECTIVE 1ST GR","154751.00"
"LIEUTENANT","154751.00"
"POLICE OFFICER","109352.00"
"SERGEANT-D/A SPECIAL ASSIGNMENT","121048.00"
"LIEUTENANT","154751.00"
"P.O. DET SPEC","119980.00"
"SERGEANT-","118056.00"
"POLICE OFFICER","109352.00"
"SERGEANT-","118056.00"
"POLICE OFFICER","109352.00"
"P.O. DA DET GR3","119980.00"
"LIEUTENANT","154751.00"
"P.O. DET SPEC","119429.00"
"P.O. DET SPEC","119980.00"
"POLICE OFFICER","109352.00"
"P.O. DA DET GR3","119248.00"
"P.O. DA DET GR3","119429.00"
"POLICE OFFICER","109352.00"
"POLICE OFFICER","109352.00"
"SERGEANT-","118056.00"
"SERGEANT-","118056.00"
"POLICE OFFICER","109352.00"
"CAPTAIN D/A DEPUTY INSPECTOR","204936.00"
"LIEUTENANT","154751.00"
"POLICE OFFICER","109352.00"
"POLICE OFFICER","109352.00"
"SERGEANT-","118056.00"
"POLICE OFFICER","109352.00"
"SERGEANT-","118056.00"
"POLICE OFFICER D/A DETECTIVE 2ND GR","134819.00"
"P.O. DET SPEC","119980.00"
"POLICE OFFICER","109352.00"
"P.O. DET SPEC","119980.00"
"POLICE OFFICER","109352.00"
"POLICE OFFICER","109352.00"
"POLICE OFFICER","109352.00"
"POLICE OFFICER","109352.00"
"P.O. DA DET GR3","119980.00"
"POLICE OFFICER","109352.00"
"POLICE OFFICER","109352.00"
"P.O. DA DET GR3","119980.00"
"POLICE OFFICER","109352.00"
"POLICE OFFICER","109352.00"
"POLICE OFFICER","109352.00"
"POLICE OFFICER","109352.00"
"P.O. DA DET GR3","119980.00"
"SERGEANT-","118056.00"
"LIEUTENANT D/A SPECIAL ASSIGNMENT","157713.00"
"SERGEANT-","118056.00"
"P.O. DET SPEC","119980.00"
"P.O. DA DET GR3","119980.00"
"POLICE OFFICER","109352.00"
"POLICE OFFICER","109352.00"
"POLICE OFFICER","109352.00"
"POLICE OFFICER","109352.00"
"POLICE OFFICER","109352.00"
"POLICE OFFICER","109352.00"
"LIEUTENANT","154751.00"
"POLICE OFFICER","109352.00"
"LIEUTENANT","154751.00"
"SERGEANT-D/A SUPERVISOR DETECTIVE SQUAD","135511.00"
"P.O. DA DET GR3","119980.00"
"SERGEANT-","118056.00"
"P.O. DA DET GR3","119980.00"
"P.O. DET SPEC","119980.00"
"LIEUTENANT","154751.00"
"SERGEANT-","118056.00"
"P.O. DA DET GR3","119980.00"
"POLICE OFFICER","109352.00"
"SERGEANT-","118056.00"
"LIEUTENANT","142202.00"
"P.O. DA DET GR3","119980.00"
"CAPTAIN D/A DEPUTY INSPECTOR","204936.00"
"POLICE OFFICER","109352.00"
"LIEUTENANT","154751.00"
"LIEUTENANT D/A COMMANDER OF DETECTIVE SQUAD","156098.00"
"SERGEANT-D/A SUPERVISOR DETECTIVE SQUAD","120744.00"
"P.O. DA DET GR3","119980.00"
"ADMINISTRATIVE STAFF ANALYST","113807.00"
"POLICE OFFICER D/A DETECTIVE 2ND GR","134819.00"
"POLICE OFFICER D/A DETECTIVE 2ND GR","134819.00"
"ADMINISTRATIVE STAFF ANALYST","110334.00"
"POLICE OFFICER","109352.00"
"LIEUTENANT","141684.00"
"SERGEANT-","118056.00"
"POLICE OFFICER","109352.00"
"POLICE OFFICER","109352.00"
"POLICE OFFICER D/A DETECTIVE 2ND GR","134819.00"
"P.O. DA DET GR3","119980.00"
"POLICE OFFICER","109352.00"
"POLICE OFFICER","109352.00"
"LIEUTENANT D/A COMMANDER OF DETECTIVE SQUAD","170234.00"
"P.O. DA DET GR3","119980.00"
"POLICE OFFICER","109352.00"
"POLICE OFFICER","109352.00"
"POLICE OFFICER","109352.00"
"SERGEANT-","97894.00"
"POLICE OFFICER D/A DETECTIVE 2ND GR","134819.00"
"POLICE OFFICER D/A DETECTIVE 2ND GR","134819.00"
"POLICE OFFICER","109352.00"
"POLICE OFFICER","109352.00"
"P.O. DET SPEC","119248.00"
"POLICE OFFICER","109352.00"
"POLICE OFFICER D/A DETECTIVE 2ND GR","134819.00"
"SERGEANT-D/A SPECIAL ASSIGNMENT","135511.00"
"POLICE OFFICER","109352.00"
"P.O. DA DET GR3","119980.00"
"POLICE OFFICER D/A DETECTIVE 2ND GR","134819.00"
"POLICE OFFICER","109352.00"
"POLICE OFFICER","109352.00"
"P.O. DA DET GR3","119429.00"
"LIEUTENANT","142202.00"
"POLICE OFFICER","109352.00"
"SERGEANT-","118056.00"
"POLICE OFFICER","109352.00"
"POLICE OFFICER","109352.00"
"POLICE OFFICER","109352.00"
"POLICE OFFICER","109352.00"
"SCHOOL SAFETY AGENT","56508.00"
"CRIMINALIST","115462.00"
"POLICE ADMINISTRATIVE AIDE","53006.00"
"POLICE OFFICER D/A DETECTIVE 2ND GR","134819.00"
"SCHOOL SAFETY AGENT","56508.00"
"SCHOOL SAFETY AGENT","56508.00"
"SCHOOL SAFETY AGENT","56508.00"
"SCHOOL SAFETY AGENT","56508.00"
"SCHOOL SAFETY AGENT","56508.00"
"SCHOOL SAFETY AGENT","56508.00"
"SERGEANT-","97894.00"
"SCHOOL SAFETY AGENT","56508.00"
"SCHOOL SAFETY AGENT","56508.00"
"SCHOOL SAFETY AGENT","56508.00"
"SCHOOL SAFETY AGENT","56508.00"
"SCHOOL SAFETY AGENT","56508.00"
"SCHOOL SAFETY AGENT","56508.00"
"SCHOOL SAFETY AGENT","56508.00"
"SENIOR POLICE ADMINISTRATIVE AIDE","58758.00"
"POLICE OFFICER","109352.00"
"SERGEANT-","118056.00"
"SCHOOL SAFETY AGENT","56508.00"
"SCHOOL SAFETY AGENT","53264.00"
"SCHOOL SAFETY AGENT","56508.00"
"SCHOOL SAFETY AGENT","56508.00"
"SCHOOL SAFETY AGENT","56508.00"
"SCHOOL SAFETY AGENT","56508.00"
"POLICE OFFICER","109352.00"
"SCHOOL SAFETY AGENT","56508.00"
"P.O. DET SPEC","119314.00"
"SCHOOL SAFETY AGENT","56508.00"
"SCHOOL SAFETY AGENT","56508.00"
"P.O. DET SPEC","119248.00"
"SCHOOL SAFETY AGENT","56508.00"
"SCHOOL SAFETY AGENT","56508.00"
"SCHOOL SAFETY AGENT","47672.00"
"POLICE OFFICER","109352.00"
"POLICE OFFICER","109352.00"
"ASSOC SPVR OF SCHOOL SECURITY","86293.00"
"EVIDENCE AND PROPERTY CONTROL SPECIALIST","65365.00"
"SCHOOL SAFETY AGENT","56508.00"
"SCHOOL SAFETY AGENT","56508.00"
"POLICE OFFICER","109352.00"
"SERGEANT-","96477.00"
"SENIOR POLICE ADMINISTRATIVE AIDE","63403.00"
"ADMINISTRATIVE STAFF ANALYST","248504.00"
"POLICE COMMUNICATIONS TECHNICIAN","59959.00"
"POLICE OFFICER","109352.00"
"LIEUTENANT","154751.00"
"CAPTAIN","157515.00"
"SCHOOL SAFETY AGENT","44388.00"
"PRINCIPAL ADMINISTRATIVE ASSOCIATE -  NON SUPVR","72682.00"
"SENIOR POLICE ADMINISTRATIVE AIDE","63403.00"
"POLICE ADMINISTRATIVE AIDE","48733.00"
"POLICE ADMINISTRATIVE AIDE","54763.00"
"SENIOR POLICE ADMINISTRATIVE AIDE","66450.00"
"PRINCIPAL ADMINISTRATIVE ASSOCIATE -  NON SUPVR","65768.00"
"PRINCIPAL ADMINISTRATIVE ASSOCIATE -  NON SUPVR","93238.00"
"PRINCIPAL ADMINISTRATIVE ASSOCIATE -  NON SUPVR","71614.00"
"PRINCIPAL ADMINISTRATIVE ASSOCIATE -  NON SUPVR","64220.00"
"PRINCIPAL ADMINISTRATIVE ASSOCIATE -  NON SUPVR","83476.00"
"ADMINISTRATIVE STAFF ANALYST","116511.00"
"PRINCIPAL ADMINISTRATIVE ASSOCIATE -  NON SUPVR","80502.00"
"ADM MANAGER-NON-MGRL","160494.00"
"PRINCIPAL ADMINISTRATIVE ASSOCIATE -  NON SUPVR","68765.00"
"POLICE ADMINISTRATIVE AIDE","48682.00"
"POLICE ADMINISTRATIVE AIDE","52071.00"
"PRINCIPAL ADMINISTRATIVE ASSOCIATE -  NON SUPVR","63954.00"
"ADM MANAGER-NON-MGRL","88051.00"
"P.O. DET SPEC","119314.00"
"ADM MANAGER-NON-MGRL","108949.00"
"SENIOR POLICE ADMINISTRATIVE AIDE","66078.00"
"PRINCIPAL ADMINISTRATIVE ASSOCIATE -  NON SUPVR","76032.00"
"PRINCIPAL ADMINISTRATIVE ASSOCIATE -  NON SUPVR","68638.00"
"PRINCIPAL ADMINISTRATIVE ASSOCIATE -  NON SUPVR","73603.00"
"SENIOR POLICE ADMINISTRATIVE AIDE","63550.00"
"POLICE OFFICER D/A DETECTIVE 2ND GR","134819.00"
"SCHOOL SAFETY AGENT","41797.00"
"TRAFFIC ENFORCEMENT AGENT","53985.00"
"TRAFFIC ENFORCEMENT AGENT","53985.00"
"TRAFFIC ENFORCEMENT AGENT","54875.00"
"TRAFFIC ENFORCEMENT AGENT","56046.00"
"TRAFFIC ENFORCEMENT AGENT","53985.00"
"TRAFFIC ENFORCEMENT AGENT","53985.00"
"TRAFFIC ENFORCEMENT AGENT","53985.00"
"TRAFFIC ENFORCEMENT AGENT","53985.00"
"TRAFFIC ENFORCEMENT AGENT","54875.00"
"TRAFFIC ENFORCEMENT AGENT","53985.00"
"ASSOCIATE TRAFFIC ENFORCEMENT AGENT","57817.00"
"P.O. DA DET GR3","119314.00"
"TRAFFIC ENFORCEMENT AGENT","53985.00"
"POLICE OFFICER","109352.00"
"TRAFFIC ENFORCEMENT AGENT","53985.00"
"ASSOCIATE TRAFFIC ENFORCEMENT AGENT","57817.00"
"CITY CUSTODIAL ASSISTANT","45473.00"
"POLICE OFFICER D/A DETECTIVE 2ND GR","134819.00"
"TRAFFIC ENFORCEMENT AGENT","53985.00"
"ASSOCIATE TRAFFIC ENFORCEMENT AGENT","57817.00"
"TRAFFIC ENFORCEMENT AGENT","53985.00"
"TRAFFIC ENFORCEMENT AGENT","53985.00"
"ADMINISTRATIVE PROCUREMENT ANALYST-NON-MGRL","83916.00"
"TRAFFIC ENFORCEMENT AGENT","53985.00"
"POLICE COMMUNICATIONS TECHNICIAN","61883.00"
"TRAFFIC ENFORCEMENT AGENT","53985.00"
"SERGEANT-","118056.00"
"TRAFFIC ENFORCEMENT AGENT","53985.00"
"MOTOR VEHICLE SUPERVISOR","72364.00"
"POLICE ADMINISTRATIVE AIDE","48657.00"
"P.O. DA DET GR3","119980.00"
"ASSOCIATE TRAFFIC ENFORCEMENT AGENT","57817.00"
"TRAFFIC ENFORCEMENT AGENT","53985.00"
"ASSOCIATE TRAFFIC ENFORCEMENT AGENT","57817.00"
"POLICE OFFICER","109352.00"
"ASSOCIATE TRAFFIC ENFORCEMENT AGENT","57817.00"
"ADMIN TRAFFIC ENF AGNT-UNION","84519.00"
"TRAFFIC ENFORCEMENT AGENT","53985.00"
"TRAFFIC ENFORCEMENT AGENT","53985.00"
"TRAFFIC ENFORCEMENT AGENT","53985.00"
"TRAFFIC ENFORCEMENT AGENT","53985.00"
"ASSOCIATE TRAFFIC ENFORCEMENT AGENT","57817.00"
"POLICE OFFICER","109352.00"
"TRAFFIC ENFORCEMENT AGENT","53985.00"
"ASSOCIATE TRAFFIC ENFORCEMENT AGENT","57817.00"
"ASSOCIATE TRAFFIC ENFORCEMENT AGENT","57817.00"
"SCHOOL SAFETY AGENT","56508.00"
"TRAFFIC ENFORCEMENT AGENT","53985.00"
"ASSOCIATE TRAFFIC ENFORCEMENT AGENT","57817.00"
"TRAFFIC ENFORCEMENT AGENT","53985.00"
"POLICE OFFICER","109352.00"
"ASSOCIATE TRAFFIC ENFORCEMENT AGENT","57817.00"
"SERGEANT-","97894.00"
"SERGEANT-","118056.00"
"POLICE OFFICER","109352.00"
"POLICE OFFICER","109352.00"
"POLICE OFFICER","109352.00"
"P.O. DA DET GR3","119980.00"
"SERGEANT-","118056.00"
"P.O. DET SPEC","119980.00"
"SERGEANT-","118056.00"
"POLICE OFFICER","109352.00"
"SERGEANT-","118056.00"
"POLICE OFFICER","109352.00"
"LIEUTENANT","142202.00"
"P.O. DET SPEC","119248.00"
"LIEUTENANT","154751.00"
"POLICE OFFICER","109352.00"
"LIEUTENANT","154751.00"
"P.O. DA DET GR3","119429.00"
"POLICE OFFICER","109352.00"
"POLICE OFFICER","109352.00"
"POLICE OFFICER","105146.00"
"POLICE OFFICER D/A DETECTIVE 2ND GR","134819.00"
"SERGEANT-","118056.00"
"LIEUTENANT","154751.00"
"LIEUTENANT","154751.00"
"SERGEANT-","118056.00"
"LIEUTENANT","154751.00"
"P.O. DET SPEC","115923.00"
"P.O. DET SPEC","119314.00"
"P.O. DA DET GR3","119980.00"
"POLICE OFFICER D/A DETECTIVE 2ND GR","134819.00"
"POLICE OFFICER","109352.00"
"P.O. DA DET GR3","119980.00"
"CAPTAIN","194689.00"
"POLICE OFFICER","109352.00"
"POLICE OFFICER","109352.00"
"SERGEANT-","97894.00"
"SERGEANT-","118056.00"
"SERGEANT-D/A SUPERVISOR DETECTIVE SQUAD","121048.00"
"POLICE OFFICER","109352.00"
"P.O. DET SPEC","119314.00"
"P.O. DET SPEC","119980.00"
"SERGEANT-","118056.00"
"P.O. DA DET GR3","119980.00"
"SERGEANT-","118056.00"
"CAPTAIN D/A DEPUTY INSPECTOR","204936.00"
"POLICE OFFICER","109352.00"
"POLICE OFFICER","109352.00"
"POLICE OFFICER D/A DETECTIVE 2ND GR","134819.00"
"POLICE OFFICER","109352.00"
"POLICE OFFICER","109352.00"
"POLICE OFFICER D/A DETECTIVE 1ST GR","154751.00"
"SERGEANT-","118056.00"
"POLICE OFFICER","98155.00"
"POLICE OFFICER","109352.00"
"SERGEANT-","118056.00"
"P.O. DA DET GR3","119980.00"
"LIEUTENANT D/A COMMANDER OF DETECTIVE SQUAD","156098.00"
"SCHOOL SAFETY AGENT","56508.00"
"POLICE OFFICER","109352.00"
"LIEUTENANT","154751.00"
"POLICE OFFICER","109352.00"
"POLICE OFFICER","109352.00"
"POLICE OFFICER","109352.00"
"P.O. DA DET GR3","119429.00"
"P.O. DA DET GR3","119980.00"
"P.O. DA DET GR3","112003.00"
"POLICE OFFICER","109352.00"
"CAPTAIN D/A INSPECTOR","215791.00"
"POLICE OFFICER","109352.00"
"POLICE OFFICER","109352.00"
"POLICE OFFICER D/A DETECTIVE 2ND GR","134819.00"
"SERGEANT-","118056.00"
"P.O. DET SPEC","119980.00"
"SERGEANT-","118056.00"
"LIEUTENANT D/A COMMANDER OF DETECTIVE SQUAD","156098.00"
"POLICE OFFICER","109352.00"
"SERGEANT-","118056.00"
"POLICE OFFICER","109352.00"
"LIEUTENANT","142202.00"
"P.O. DA DET GR3","119980.00"
"P.O. DA DET GR3","119980.00"
"POLICE OFFICER D/A DETECTIVE 2ND GR","134819.00"
"POLICE OFFICER","109352.00"
"POLICE OFFICER","109352.00"
"LIEUTENANT","154751.00"
"LIEUTENANT","154751.00"
"SERGEANT-","118056.00"
"SERGEANT-D/A SPECIAL ASSIGNMENT","135511.00"
"SERGEANT-D/A SPECIAL ASSIGNMENT","135511.00"
"POLICE OFFICER","109352.00"
"POLICE OFFICER","109352.00"
"P.O. DA DET GR3","119980.00"
"POLICE OFFICER","109352.00"
"SERGEANT-","118056.00"
"P.O. DET SPEC","119980.00"
"POLICE OFFICER","109352.00"
"POLICE OFFICER","109352.00"
"SERGEANT-","118056.00"
"SERGEANT-","118056.00"
"SERGEANT-","97894.00"
"SERGEANT-","118056.00"
"P.O. DA DET GR3","119980.00"
"POLICE OFFICER","109352.00"
"SERGEANT-","118056.00"
"POLICE OFFICER","109352.00"
"P.O. DET SPEC","119429.00"
"ASSOCIATE TRAFFIC ENFORCEMENT AGENT","57817.00"
"LIEUTENANT","142202.00"
"LIEUTENANT","142202.00"
"POLICE OFFICER","109352.00"
"LIEUTENANT","154751.00"
"P.O. DA DET GR3","119980.00"
"LIEUTENANT","154751.00"
"POLICE OFFICER","109352.00"
"POLICE OFFICER","109352.00"
"SERGEANT-","118056.00"
"POLICE OFFICER","109352.00"
"POLICE OFFICER","109352.00"
"SCHOOL SAFETY AGENT","41797.00"
"POLICE OFFICER","109352.00"
"TRAFFIC ENFORCEMENT AGENT","53985.00"
"SERGEANT-","118056.00"
"SENIOR POLICE ADMINISTRATIVE AIDE","63644.00"
"POLICE OFFICER D/A DETECTIVE 2ND GR","134819.00"
"POLICE OFFICER","109352.00"
"POLICE OFFICER","109352.00"
"P.O. DA DET GR3","119980.00"
"CITY CUSTODIAL ASSISTANT","47181.00"
"LIEUTENANT","154751.00"
"P.O. DA DET GR3","119980.00"
"POLICE OFFICER","109352.00"
"P.O. DET SPEC","119248.00"
"POLICE OFFICER","109352.00"
"SERGEANT-","118056.00"
"P.O. DA DET GR3","119980.00"
"SERGEANT-","96477.00"
"SERGEANT-","96477.00"
"SERGEANT-","118056.00"
"CAPTAIN","194689.00"
"SERGEANT-","97894.00"
"SERGEANT-","105606.00"
"SERGEANT-","118056.00"
"P.O. DA DET GR3","119980.00"
"POLICE OFFICER","109352.00"
"POLICE OFFICER D/A DETECTIVE 2ND GR","134819.00"
"SERGEANT-","118056.00"
"POLICE OFFICER","109352.00"
"POLICE OFFICER","109352.00"
"P.O. DA DET GR3","119980.00"
"POLICE OFFICER","109352.00"
"POLICE OFFICER","109352.00"
"SERGEANT-","118056.00"
"SERGEANT-","118056.00"
"POLICE OFFICER","109352.00"
"SERGEANT-","118056.00"
"P.O. DET SPEC","119429.00"
"P.O. DET SPEC","119980.00"
"LIEUTENANT","141684.00"
"CLERICAL AIDE","47771.00"
"POLICE OFFICER","109352.00"
"P.O. DA DET GR3","119980.00"
"SERGEANT-","118056.00"
"LIEUTENANT","154751.00"
"POLICE OFFICER","109352.00"
"P.O. DA DET GR3","119980.00"
"SERGEANT-D/A SPECIAL ASSIGNMENT","135511.00"
"POLICE OFFICER","109352.00"
"POLICE OFFICER","109352.00"
"POLICE OFFICER","109352.00"
"POLICE OFFICER","109352.00"
"P.O. DA DET GR3","119980.00"
"CAPTAIN","194689.00"
"POLICE OFFICER","109352.00"
"ADMINISTRATIVE ARCHITECT","203756.00"
"POLICE OFFICER","109352.00"
"POLICE OFFICER","109352.00"
"P.O. DA DET GR3","119980.00"
"SCHOOL SAFETY AGENT","56508.00"
"P.O. DA DET GR3","119980.00"
"SERGEANT-","118056.00"
"SERGEANT-","97894.00"
"P.O. DA DET GR3","119980.00"
"LIEUTENANT","154751.00"
"LIEUTENANT","141943.00"
"CAPTAIN","157537.00"
"SERGEANT-","96477.00"
"SERGEANT-","118056.00"
"POLICE OFFICER","109352.00"
"P.O. DA DET GR3","119248.00"
"POLICE OFFICER","109352.00"
"POLICE OFFICER","109352.00"
"POLICE OFFICER","109352.00"
"POLICE OFFICER","109352.00"
"P.O. DA DET GR3","119980.00"
"POLICE OFFICER","109352.00"
"SERGEANT-","97894.00"
"SERGEANT-","118056.00"
"CAPTAIN","160722.00"
"POLICE OFFICER","109352.00"
"SERGEANT-","97894.00"
"POLICE OFFICER","109352.00"
"POLICE OFFICER D/A DETECTIVE 1ST GR","154751.00"
"POLICE OFFICER","109352.00"
"POLICE OFFICER","109352.00"
"SERGEANT-","118056.00"
"POLICE OFFICER","109352.00"
"P.O. DA DET GR3","119980.00"
"POLICE OFFICER","109352.00"
"POLICE OFFICER","109352.00"
"P.O. DA DET GR3","115923.00"
"POLICE OFFICER","109352.00"
"POLICE OFFICER","109352.00"
"SERGEANT-","118056.00"
"POLICE OFFICER D/A DETECTIVE 2ND GR","134819.00"
"POLICE OFFICER D/A DETECTIVE 2ND GR","134819.00"
"POLICE OFFICER","109352.00"
"POLICE OFFICER","109352.00"
"P.O. DA DET GR3","119314.00"
"SERGEANT-","118056.00"
"POLICE OFFICER D/A DETECTIVE 2ND GR","134819.00"
"POLICE OFFICER","109352.00"
"P.O. DA DET GR3","119314.00"
"SERGEANT-","118056.00"
"SERGEANT-D/A SPECIAL ASSIGNMENT","135511.00"
"P.O. DA DET GR3","119980.00"
"P.O. DA DET GR3","119980.00"
"POLICE OFFICER","109352.00"
"SERGEANT-","118056.00"
"POLICE OFFICER","109352.00"
"POLICE OFFICER D/A DETECTIVE 1ST GR","154751.00"
"POLICE OFFICER","109352.00"
"CAPTAIN D/A DEPUTY INSPECTOR","204936.00"
"P.O. DA DET GR3","115923.00"
"POLICE OFFICER","109352.00"
"POLICE OFFICER","109352.00"
"POLICE OFFICER D/A DETECTIVE 2ND GR","134819.00"
"POLICE OFFICER","109352.00"
"POLICE OFFICER","109352.00"
"POLICE OFFICER","109352.00"
"P.O. DET SPEC","119314.00"
"SERGEANT-","118056.00"
"P.O. DA DET GR3","119980.00"
"CAPTAIN D/A DEPUTY INSPECTOR","204936.00"
"POLICE OFFICER","109352.00"
"SERGEANT-","118056.00"
"POLICE OFFICER","109352.00"
"POLICE OFFICER","105146.00"
"POLICE OFFICER","109352.00"
"CAPTAIN","194689.00"
"P.O. DA DET GR3","119980.00"
"P.O. DET SPEC","119980.00"
"POLICE OFFICER","109352.00"
"P.O. DET SPEC","119980.00"
"POLICE OFFICER","109352.00"
"POLICE OFFICER","109352.00"
"SERGEANT-","118056.00"
"POLICE OFFICER D/A DETECTIVE 2ND GR","134819.00"
"POLICE OFFICER","109352.00"
"SERGEANT-","118056.00"
"P.O. DET SPEC","119429.00"
"POLICE OFFICER","109352.00"
"SERGEANT-","118056.00"
"LIEUTENANT","142202.00"
"POLICE OFFICER","109352.00"
"POLICE OFFICER D/A DETECTIVE 2ND GR","134819.00"
"POLICE OFFICER","109352.00"
"SERGEANT-","118056.00"
"SERGEANT-","97894.00"
"POLICE OFFICER","109352.00"
"POLICE OFFICER","109352.00"
"SERGEANT-","118056.00"
"POLICE OFFICER","109352.00"
"SERGEANT-","118056.00"
"SERGEANT-","118056.00"
"SERGEANT-","97894.00"
"POLICE OFFICER","109352.00"
"POLICE OFFICER","109352.00"
"SERGEANT-","118056.00"
"SERGEANT-","118056.00"
"POLICE OFFICER","109352.00"
"POLICE OFFICER","109352.00"
"POLICE OFFICER","109352.00"
"P.O. DA DET GR3","115923.00"
"POLICE OFFICER","65387.00"
"POLICE OFFICER","109352.00"
"SCHOOL SAFETY AGENT","56508.00"
"SERGEANT-","118056.00"
"TRAFFIC ENFORCEMENT AGENT","53985.00"
"POLICE OFFICER","109352.00"
"POLICE OFFICER","109352.00"
"POLICE OFFICER","109352.00"
"SENIOR POLICE ADMINISTRATIVE AIDE","58707.00"
"SCHOOL SAFETY AGENT","56508.00"
"SCHOOL SAFETY AGENT","56508.00"
"SUPERVISOR OF SCHOOL SECURITY","81237.00"
"SCHOOL SAFETY AGENT","56508.00"
"SCHOOL SAFETY AGENT","56508.00"
"SCHOOL SAFETY AGENT","56508.00"
"SCHOOL SAFETY AGENT","56508.00"
"SCHOOL SAFETY AGENT","56508.00"
"SCHOOL SAFETY AGENT","56508.00"
"SCHOOL SAFETY AGENT","56508.00"
"SCHOOL SAFETY AGENT","56508.00"
"SCHOOL SAFETY AGENT","56508.00"
"SCHOOL SAFETY AGENT","56508.00"
"SCHOOL SAFETY AGENT","56508.00"
"SCHOOL SAFETY AGENT","56508.00"
"SCHOOL SAFETY AGENT","56508.00"
"SCHOOL SAFETY AGENT","56508.00"
"SCHOOL SAFETY AGENT","56508.00"
"SCHOOL SAFETY AGENT","56508.00"
"SCHOOL SAFETY AGENT","56508.00"
"SCHOOL SAFETY AGENT","56508.00"
"SCHOOL SAFETY AGENT","56508.00"
"SCHOOL SAFETY AGENT","56508.00"
"SCHOOL SAFETY AGENT","56508.00"
"SCHOOL SAFETY AGENT","56508.00"
"SCHOOL SAFETY AGENT","53264.00"
"SCHOOL SAFETY AGENT","56508.00"
"P.O. DET SPEC","119248.00"
"POLICE OFFICER","109352.00"
"SCHOOL SAFETY AGENT","56508.00"
"SCHOOL SAFETY AGENT","56508.00"
"SCHOOL SAFETY AGENT","56508.00"
"SCHOOL SAFETY AGENT","56508.00"
"SCHOOL SAFETY AGENT","56508.00"
"SCHOOL SAFETY AGENT","56508.00"
"SCHOOL SAFETY AGENT","56508.00"
"SCHOOL SAFETY AGENT","56508.00"
"SCHOOL SAFETY AGENT","54862.00"
"SCHOOL SAFETY AGENT","56508.00"
"ASSOC SPVR OF SCHOOL SECURITY","91698.00"
"SCHOOL SAFETY AGENT","56508.00"
"SCHOOL SAFETY AGENT","56508.00"
"SCHOOL SAFETY AGENT","56508.00"
"SCHOOL SAFETY AGENT","39206.00"
"SCHOOL SAFETY AGENT","56508.00"
"SCHOOL SAFETY AGENT","56508.00"
"PRINCIPAL ADMINISTRATIVE ASSOCIATE -  NON SUPVR","61376.00"
"SERGEANT-","97894.00"
"SCHOOL SAFETY AGENT","56508.00"
"SCHOOL SAFETY AGENT","39322.00"
"SCHOOL SAFETY AGENT","56508.00"
"SCHOOL SAFETY AGENT","54862.00"
"SCHOOL SAFETY AGENT","56508.00"
"SCHOOL SAFETY AGENT","56508.00"
"SCHOOL SAFETY AGENT","56508.00"
"SCHOOL SAFETY AGENT","56508.00"
"POLICE OFFICER","109352.00"
"SCHOOL SAFETY AGENT","56508.00"
"SCHOOL SAFETY AGENT","56508.00"
"SCHOOL SAFETY AGENT","56508.00"
"SCHOOL SAFETY AGENT","56508.00"
"SCHOOL SAFETY AGENT","56508.00"
"SCHOOL SAFETY AGENT","56508.00"
"SERGEANT-D/A SUPERVISOR DETECTIVE SQUAD","120442.00"
"SCHOOL SAFETY AGENT","56508.00"
"SCHOOL SAFETY AGENT","56508.00"
"SCHOOL SAFETY AGENT","56508.00"
"SCHOOL SAFETY AGENT","56508.00"
"SCHOOL SAFETY AGENT","56508.00"
"SCHOOL SAFETY AGENT","56508.00"
"SCHOOL SAFETY AGENT","56508.00"
"SCHOOL SAFETY AGENT","56508.00"
"SCHOOL SAFETY AGENT","56508.00"
"POLICE OFFICER","109352.00"
"SCHOOL SAFETY AGENT","56508.00"
"SCHOOL SAFETY AGENT","56508.00"
"SCHOOL SAFETY AGENT","56508.00"
"SCHOOL SAFETY AGENT","56508.00"
"SCHOOL SAFETY AGENT","56508.00"
"SUPERVISOR OF SCHOOL SECURITY","81237.00"
"POLICE OFFICER","109352.00"
"SCHOOL SAFETY AGENT","54862.00"
"SCHOOL SAFETY AGENT","56508.00"
"SCHOOL SAFETY AGENT","56508.00"
"CITY CUSTODIAL ASSISTANT","42975.00"
"CITY CUSTODIAL ASSISTANT","51995.00"
"ADMINISTRATIVE STAFF ANALYST","192893.00"
"CERTIFIED IT ADMINISTRATOR","122482.00"
"CITY RESEARCH SCIENTIST","117696.00"
"SERGEANT-","118056.00"
"POLICE OFFICER","57976.00"
"POLICE OFFICER","109352.00"
"SCHOOL CROSSING GUARD","44584.00"
"POLICE OFFICER","109352.00"
"POLICE COMMUNICATIONS TECHNICIAN","61883.00"
"SERGEANT-","118056.00"
"CERTIFIED IT ADMINISTRATOR","120524.00"
"SCHOOL SAFETY AGENT","56508.00"
"SENIOR POLICE ADMINISTRATIVE AIDE","58707.00"
"POLICE ADMINISTRATIVE AIDE","52598.00"
"POLICE ADMINISTRATIVE AIDE","54428.00"
"CRIMINALIST","124805.00"
"PRINCIPAL ADMINISTRATIVE ASSOCIATE -  NON SUPVR","82542.00"
"ASSOCIATE INVESTIGATOR","68313.00"
"POLICE ADMINISTRATIVE AIDE","48418.00"
"POLICE ADMINISTRATIVE AIDE","51138.00"
"POLICE ADMINISTRATIVE AIDE","48707.00"
"POLICE OFFICER","109352.00"
"SENIOR POLICE ADMINISTRATIVE AIDE","58758.00"
"POLICE COMMUNICATIONS TECHNICIAN","61934.00"
"POLICE COMMUNICATIONS TECHNICIAN","61883.00"
"SERGEANT-","118056.00"
"POLICE COMMUNICATIONS TECHNICIAN","61934.00"
"SUPERVISING POLICE COMMUNICATIONS TECHNICIAN","79756.00"
"POLICE OFFICER","109352.00"
"POLICE COMMUNICATIONS TECHNICIAN","61934.00"
"PRINCIPAL POLICE COMMUNICATION TECHNICIAN","91971.00"
"PRINCIPAL POLICE COMMUNICATION TECHNICIAN","92009.00"
"POLICE OFFICER","109352.00"
"SENIOR POLICE ADMINISTRATIVE AIDE","60921.00"
"SERGEANT-","118056.00"
"AGENCY ATTORNEY","110339.00"
"POLICE OFFICER","109352.00"
"POLICE OFFICER","55942.00"
"POLICE OFFICER","109352.00"
"TRAFFIC ENFORCEMENT AGENT","53985.00"
"COMPUTER ASSOCIATE","82175.00"
"CITY CUSTODIAL ASSISTANT","44666.00"
"CITY CUSTODIAL ASSISTANT","46228.00"
"CITY CUSTODIAL ASSISTANT","46772.00"
"CUSTODIAN","46324.00"
"CITY CUSTODIAL ASSISTANT","51970.00"
"CITY CUSTODIAL ASSISTANT","42949.00"
"CITY CUSTODIAL ASSISTANT","47155.00"
"POLICE OFFICER","109352.00"
"POLICE OFFICER","109352.00"
"POLICE OFFICER","60363.00"
"LIEUTENANT","141684.00"
"CITY CUSTODIAL ASSISTANT","42949.00"
"TRAFFIC ENFORCEMENT AGENT","54875.00"
"POLICE OFFICER","109352.00"
"POLICE OFFICER","59065.00"
"TRAFFIC ENFORCEMENT AGENT","54875.00"
"TRAFFIC ENFORCEMENT AGENT","53985.00"
"SCHOOL SAFETY AGENT","56508.00"
"LIEUTENANT","141684.00"
"TRAFFIC ENFORCEMENT AGENT","54875.00"
"POLICE OFFICER","109352.00"
"ASSOCIATE TRAFFIC ENFORCEMENT AGENT","57817.00"
"TRAFFIC ENFORCEMENT AGENT","52413.00"
"TRAFFIC ENFORCEMENT AGENT","53985.00"
"ASSOCIATE TRAFFIC ENFORCEMENT AGENT","54498.00"
"TRAFFIC ENFORCEMENT AGENT","54875.00"
"TRAFFIC ENFORCEMENT AGENT","53985.00"
"TRAFFIC ENFORCEMENT AGENT","53985.00"
"TRAFFIC ENFORCEMENT AGENT","53985.00"
"POLICE OFFICER","109352.00"
"TRAFFIC ENFORCEMENT AGENT","54875.00"
"TRAFFIC ENFORCEMENT AGENT","53985.00"
"CERTIFIED IT ADMINISTRATOR","120526.00"
"ASSOCIATE TRAFFIC ENFORCEMENT AGENT","57817.00"
"POLICE OFFICER","109352.00"
"COMPUTER SPECIALIST","109569.00"
"TRAFFIC ENFORCEMENT AGENT","53985.00"
"POLICE OFFICER","109352.00"
"TRAFFIC ENFORCEMENT AGENT","54875.00"
"TRAFFIC ENFORCEMENT AGENT","53985.00"
"TRAFFIC ENFORCEMENT AGENT","54875.00"
"TRAFFIC ENFORCEMENT AGENT","53985.00"
"TRAFFIC ENFORCEMENT AGENT","54875.00"
"SCHOOL SAFETY AGENT","56508.00"
"ASSOCIATE TRAFFIC ENFORCEMENT AGENT","57817.00"
"ASSOCIATE TRAFFIC ENFORCEMENT AGENT","57817.00"
"TRAFFIC ENFORCEMENT AGENT","53985.00"
"POLICE OFFICER","109352.00"
"ASSOCIATE TRAFFIC ENFORCEMENT AGENT","57817.00"
"TRAFFIC ENFORCEMENT AGENT","53985.00"
"ASSOCIATE TRAFFIC ENFORCEMENT AGENT","57817.00"
"POLICE OFFICER","109352.00"
"TRAFFIC ENFORCEMENT AGENT","53985.00"
"TRAFFIC ENFORCEMENT AGENT","53985.00"
"TRAFFIC ENFORCEMENT AGENT","56044.00"
"TRAFFIC ENFORCEMENT AGENT","57338.00"
"TRAFFIC ENFORCEMENT AGENT","53985.00"
"ADMINISTRATIVE STAFF ANALYST","219457.00"
"TRAFFIC ENFORCEMENT AGENT","55339.00"
"TRAFFIC ENFORCEMENT AGENT","53985.00"
"TRAFFIC ENFORCEMENT AGENT","53985.00"
"TRAFFIC ENFORCEMENT AGENT","53985.00"
"COMPUTER OPERATIONS MANAGER","127397.00"
"POLICE ADMINISTRATIVE AIDE","55078.00"
"TRAFFIC ENFORCEMENT AGENT","53985.00"
"ASSOCIATE TRAFFIC ENFORCEMENT AGENT","57817.00"
"TRAFFIC ENFORCEMENT AGENT","53985.00"
"TRAFFIC ENFORCEMENT AGENT","52413.00"
"ADMIN TRAFFIC ENF AGNT-UNION","84519.00"
"TRAFFIC ENFORCEMENT AGENT","54875.00"
"TRAFFIC ENFORCEMENT AGENT","53985.00"
"POLICE OFFICER","109352.00"
"POLICE OFFICER D/A DETECTIVE 2ND GR","134819.00"
"POLICE ADMINISTRATIVE AIDE","48631.00"
"TRAFFIC ENFORCEMENT AGENT","53985.00"
"POLICE OFFICER","109352.00"
"SENIOR POLICE ADMINISTRATIVE AIDE","56859.00"
"POLICE OFFICER","109352.00"
"SERGEANT-","97894.00"
"SCHOOL SAFETY AGENT","56508.00"
"POLICE OFFICER","65387.00"
"P.O. DA DET GR3","119980.00"
"SCHOOL SAFETY AGENT","56508.00"
"SERGEANT-","118056.00"
"POLICE COMMUNICATIONS TECHNICIAN","61883.00"
"POLICE OFFICER","60363.00"
"SCHOOL SAFETY AGENT","53264.00"
"LIEUTENANT","141943.00"
"BOOKKEEPER","69815.00"
"ASSOCIATE INVESTIGATOR","68313.00"
"POLICE ADMINISTRATIVE AIDE","50590.00"
"PRINCIPAL ADMINISTRATIVE ASSOCIATE -  NON SUPVR","67462.00"
"POLICE ADMINISTRATIVE AIDE","52521.00"
"ASSOCIATE STAFF ANALYST","108291.00"
"RESEARCH ASSISTANT","75206.00"
"ASSOCIATE INVESTIGATOR","68313.00"
"POLICE ADMINISTRATIVE AIDE","51543.00"
"SENIOR POLICE ADMINISTRATIVE AIDE","58758.00"
"PRINCIPAL ADMINISTRATIVE ASSOCIATE -  NON SUPVR","80944.00"
"SCHOOL SAFETY AGENT","56508.00"
"PRINCIPAL ADMINISTRATIVE ASSOCIATE -  NON SUPVR","66576.00"
"PRINCIPAL ADMINISTRATIVE ASSOCIATE -  NON SUPVR","79879.00"
"STENOGRAPHER TO EACH DEPUTY COMMISSIONER","132644.00"
"POLICE ADMINISTRATIVE AIDE","51067.00"
"SENIOR POLICE ADMINISTRATIVE AIDE","66398.00"
"PRINCIPAL ADMINISTRATIVE ASSOCIATE -  NON SUPVR","66131.00"
"SENIOR POLICE ADMINISTRATIVE AIDE","62027.00"
"POLICE ADMINISTRATIVE AIDE","54587.00"
"POLICE ADMINISTRATIVE AIDE","48682.00"
"POLICE OFFICER","109352.00"
"ADMINISTRATIVE STAFF ANALYST","106904.00"
"PRINCIPAL ADMINISTRATIVE ASSOCIATE -  NON SUPVR","72692.00"
"POLICE COMMUNICATIONS TECHNICIAN","61883.00"
"SUPERVISING POLICE COMMUNICATIONS TECHNICIAN","73185.00"
"SUPERVISING POLICE COMMUNICATIONS TECHNICIAN","79756.00"
"SUPERVISING POLICE COMMUNICATIONS TECHNICIAN","79756.00"
"POLICE COMMUNICATIONS TECHNICIAN","61883.00"
"SUPERVISING POLICE COMMUNICATIONS TECHNICIAN","79731.00"
"SUPERVISING POLICE COMMUNICATIONS TECHNICIAN","79756.00"
"SUPERVISING POLICE COMMUNICATIONS TECHNICIAN","76469.00"
"SUPERVISING POLICE COMMUNICATIONS TECHNICIAN","79756.00"
"POLICE COMMUNICATIONS TECHNICIAN","61883.00"
"POLICE OFFICER D/A DETECTIVE 2ND GR","134819.00"
"SERGEANT-","118056.00"
"PRINCIPAL ADMINISTRATIVE ASSOCIATE -  NON SUPVR","75971.00"
"POLICE OFFICER","109352.00"
"SCHOOL SAFETY AGENT","56508.00"
"POLICE OFFICER","57976.00"
"P.O. DA DET GR3","119980.00"
"CRIME ANALYST","63667.00"
"POLICE OFFICER","109352.00"
"POLICE OFFICER","109352.00"
"LIEUTENANT","141684.00"
"SERGEANT-","97894.00"
"FITNESS INSTRUCTOR","79655.00"
"CRIMINALIST","96250.00"
"CRIMINALIST ASSISTANT DIRECTOR OF LABORATORY","147259.00"
"DIRECTOR OF PSYCHOLOGICAL SERVICES","177218.00"
"SCHOOL SAFETY AGENT","56508.00"
"SCHOOL SAFETY AGENT","54862.00"
"SCHOOL SAFETY AGENT","56508.00"
"SCHOOL SAFETY AGENT","56508.00"
"SCHOOL SAFETY AGENT","56508.00"
"SCHOOL SAFETY AGENT","56508.00"
"SCHOOL SAFETY AGENT","56508.00"
"SCHOOL SAFETY AGENT","56508.00"
"SCHOOL SAFETY AGENT","56508.00"
"SCHOOL SAFETY AGENT","56508.00"
"SCHOOL SAFETY AGENT","56508.00"
"POLICE OFFICER","109352.00"
"SCHOOL SAFETY AGENT","56508.00"
"SCHOOL SAFETY AGENT","56508.00"
"SCHOOL SAFETY AGENT","56508.00"
"SCHOOL SAFETY AGENT","56508.00"
"SCHOOL SAFETY AGENT","56508.00"
"SUPERVISOR OF SCHOOL SECURITY","81237.00"
"SCHOOL SAFETY AGENT","56508.00"
"SCHOOL SAFETY AGENT","56508.00"
"SUPERVISOR OF SCHOOL SECURITY","81237.00"
"SCHOOL SAFETY AGENT","56508.00"
"SCHOOL SAFETY AGENT","56508.00"
"P.O. DET SPEC","102002.00"
"SCHOOL SAFETY AGENT","56508.00"
"SCHOOL SAFETY AGENT","56508.00"
"POLICE OFFICER","109352.00"
"POLICE OFFICER","109352.00"
"SERGEANT-","118056.00"
"POLICE OFFICER","109352.00"
"POLICE OFFICER","109352.00"
"SERGEANT-","118056.00"
"POLICE OFFICER D/A DETECTIVE 1ST GR","154751.00"
"POLICE OFFICER","109352.00"
"POLICE OFFICER","109352.00"
"P.O. DA DET GR3","119980.00"
"POLICE OFFICER","109352.00"
"POLICE OFFICER","109352.00"
"SERGEANT-","96281.00"
"LIEUTENANT","142202.00"
"P.O. DA DET GR3","119980.00"
"CAPTAIN","157537.00"
"P.O. DA DET GR3","119980.00"
"P.O. DA DET GR3","119980.00"
"P.O. DA DET GR3","119980.00"
"CAPTAIN","160722.00"
"P.O. DA DET GR3","119980.00"
"POLICE OFFICER D/A DETECTIVE 2ND GR","134819.00"
"LIEUTENANT D/A COMMANDER OF DETECTIVE SQUAD","170234.00"
"LIEUTENANT","141943.00"
"P.O. DA DET GR3","115923.00"
"LIEUTENANT","154751.00"
"POLICE OFFICER","109352.00"
"POLICE OFFICER","109352.00"
"P.O. DA DET GR3","119980.00"
"P.O. DA DET GR3","119980.00"
"POLICE OFFICER","109352.00"
"POLICE OFFICER","109352.00"
"P.O. DA DET GR3","119980.00"
"P.O. DET SPEC","119980.00"
"LIEUTENANT","154751.00"
"P.O. DET SPEC","115923.00"
"LIEUTENANT","154751.00"
"POLICE OFFICER D/A DETECTIVE 2ND GR","134819.00"
"POLICE OFFICER","109352.00"
"POLICE OFFICER","109352.00"
"SERGEANT-","118056.00"
"SERGEANT-","118056.00"
"POLICE OFFICER","109352.00"
"POLICE OFFICER","109352.00"
"POLICE OFFICER","109352.00"
"POLICE OFFICER","109352.00"
"P.O. DA DET GR3","119980.00"
"POLICE OFFICER","109352.00"
"SERGEANT-","118056.00"
"P.O. DA DET GR3","119980.00"
"POLICE OFFICER","109352.00"
"SERGEANT-","118056.00"
"POLICE OFFICER","109352.00"
"P.O. DA DET GR3","119980.00"
"POLICE OFFICER","105146.00"
"SERGEANT-","118056.00"
"CAPTAIN","194689.00"
"POLICE OFFICER","109352.00"
"CAPTAIN","160722.00"
"P.O. DA DET GR3","119980.00"
"SERGEANT-","118056.00"
"POLICE OFFICER","109352.00"
"POLICE OFFICER","109352.00"
"SERGEANT-","97894.00"
"POLICE OFFICER","109352.00"
"POLICE OFFICER","109352.00"
"POLICE OFFICER","109352.00"
"POLICE OFFICER","109352.00"
"P.O. DET SPEC","119429.00"
"POLICE OFFICER","109352.00"
"P.O. DA DET GR3","119980.00"
"SERGEANT-","96477.00"
"LIEUTENANT","142202.00"
"POLICE OFFICER","109352.00"
"POLICE OFFICER","109352.00"
"POLICE OFFICER","109352.00"
"LIEUTENANT","142202.00"
"POLICE OFFICER","109352.00"
"POLICE OFFICER","109352.00"
"P.O. DA DET GR3","115923.00"
"SERGEANT-","96477.00"
"SERGEANT-","118056.00"
"P.O. DA DET GR3","119980.00"
"POLICE OFFICER","109352.00"
"POLICE OFFICER","109352.00"
"LIEUTENANT","141943.00"
"SERGEANT-","118056.00"
"P.O. DET SPEC","119248.00"
"POLICE OFFICER","57976.00"
"P.O. DA DET GR3","119980.00"
"SERGEANT-","118056.00"
"POLICE OFFICER","109352.00"
"POLICE OFFICER","109352.00"
"SERGEANT-","96477.00"
"POLICE OFFICER","109352.00"
"CAPTAIN","157537.00"
"LIEUTENANT","141943.00"
"SERGEANT-D/A SPECIAL ASSIGNMENT","120442.00"
"POLICE OFFICER","109352.00"
"CAPTAIN","157515.00"
"LIEUTENANT","141684.00"
"POLICE OFFICER","109352.00"
"POLICE OFFICER","109352.00"
"POLICE OFFICER","109352.00"
"LIEUTENANT","141943.00"
"LIEUTENANT","142202.00"
"SERGEANT-D/A SUPERVISOR DETECTIVE SQUAD","120744.00"
"POLICE OFFICER","109352.00"
"SERGEANT-","118056.00"
"CAPTAIN","160722.00"
"P.O. DA DET GR3","119248.00"
"POLICE OFFICER D/A DETECTIVE 2ND GR","134819.00"
"SERGEANT-","97894.00"
"SERGEANT-D/A SPECIAL ASSIGNMENT","120744.00"
"POLICE OFFICER","109352.00"
"SERGEANT-","118056.00"
"SERGEANT-","96477.00"
"SERGEANT-","97894.00"
"POLICE SURGEON","169340.00"
"SERGEANT-","118056.00"
"LIEUTENANT","141943.00"
"SERGEANT-","118056.00"
"SERGEANT-","96477.00"
"POLICE OFFICER","109352.00"
"LIEUTENANT","141943.00"
"CAPTAIN","160722.00"
"LIEUTENANT","141943.00"
"POLICE OFFICER","109352.00"
"CAPTAIN","157515.00"
"SERGEANT-","97894.00"
"SERGEANT-","118056.00"
"LIEUTENANT","141684.00"
"SERGEANT-","97894.00"
"SERGEANT-","97894.00"
"SERGEANT-","118056.00"
"POLICE OFFICER D/A DETECTIVE 2ND GR","134819.00"
"SERGEANT-","118056.00"
"P.O. DET SPEC","119980.00"
"POLICE OFFICER","109352.00"
"LIEUTENANT","142202.00"
"LIEUTENANT","141684.00"
"P.O. DA DET GR3","119980.00"
"SERGEANT-","118056.00"
"POLICE OFFICER","109352.00"
"BOOKKEEPER","51265.00"
"ADMINISTRATIVE STAFF ANALYST","99868.00"
"POLICE OFFICER","65387.00"
"ASSOCIATE INVESTIGATOR","78537.00"
"CRIMINALIST","90080.00"
"EXECUTIVE AGENCY COUNSEL","169355.00"
"CRIMINALIST","110240.00"
"ADMINISTRATIVE STAFF ANALYST","115277.00"
"EXECUTIVE AGENCY COUNSEL","254624.00"
"CRIMINALIST","110731.00"
"SCHOOL SAFETY AGENT","56508.00"
"SERGEANT-","105606.00"
"SCHOOL SAFETY AGENT","40502.00"
"SERGEANT-","118056.00"
"POLICE OFFICER","109352.00"
"POLICE OFFICER","109352.00"
"COMPUTER SPECIALIST","109544.00"
"EXECUTIVE AGENCY COUNSEL","180552.00"
"LIEUTENANT","154751.00"
"CRIMINALIST ASSISTANT DIRECTOR OF LABORATORY","143130.00"
"POLICE OFFICER","109352.00"
"HOSTLER","54824.00"
"STRATEGIC INITIATIVE SPECIALIST","175301.00"
"POLICE OFFICER","55942.00"
"POLICE OFFICER","109352.00"
"POLICE OFFICER","109352.00"
"SERGEANT-","118056.00"
"P.O. DET SPEC","119248.00"
"POLICE OFFICER","109352.00"
"SUPERVISING POLICE COMMUNICATIONS TECHNICIAN","79731.00"
"SENIOR POLICE ADMINISTRATIVE AIDE","58733.00"
"POLICE COMMUNICATIONS TECHNICIAN","61909.00"
"SUPERVISING POLICE COMMUNICATIONS TECHNICIAN","76469.00"
"SUPERVISING POLICE COMMUNICATIONS TECHNICIAN","79731.00"
"POLICE OFFICER","109352.00"
"POLICE COMMUNICATIONS TECHNICIAN","61883.00"
"POLICE OFFICER","109352.00"
"POLICE COMMUNICATIONS TECHNICIAN","61883.00"
"SERGEANT-","118056.00"
"PARALEGAL AIDE","50265.00"
"SERGEANT-","118056.00"
"SUPERVISING POLICE COMMUNICATIONS TECHNICIAN","69898.00"
"POLICE ADMINISTRATIVE AIDE","44396.00"
"POLICE COMMUNICATIONS TECHNICIAN","61883.00"
"CRIMINALIST","100866.00"
"SCHOOL SAFETY AGENT","53264.00"
"POLICE OFFICER","59065.00"
"SCHOOL SAFETY AGENT","56508.00"
"SCHOOL SAFETY AGENT","56508.00"
"SCHOOL SAFETY AGENT","56508.00"
"P.O. DA DET GR3","119980.00"
"POLICE OFFICER","109352.00"
"SCHOOL SAFETY AGENT","54862.00"
"SCHOOL SAFETY AGENT","56508.00"
"P.O. DET SPEC","119980.00"
"SCHOOL SAFETY AGENT","56508.00"
"SCHOOL SAFETY AGENT","56508.00"
"SCHOOL SAFETY AGENT","56508.00"
"ASSOC SPVR OF SCHOOL SECURITY","89011.00"
"COMMUNITY ASSISTANT","43460.00"
"ASSOCIATE STAFF ANALYST","91613.00"
"EVIDENCE AND PROPERTY CONTROL SPECIALIST","65333.00"
"SCHOOL SAFETY AGENT","56508.00"
"POLICE OFFICER","109352.00"
"SCHOOL SAFETY AGENT","56508.00"
"SCHOOL SAFETY AGENT","56508.00"
"SCHOOL SAFETY AGENT","56508.00"
"POLICE OFFICER","109352.00"
"SCHOOL SAFETY AGENT","56508.00"
"SCHOOL SAFETY AGENT","53264.00"
"SCHOOL SAFETY AGENT","56508.00"
"POLICE OFFICER","109352.00"
"SCHOOL SAFETY AGENT","56508.00"
"SCHOOL SAFETY AGENT","56508.00"
"SCHOOL SAFETY AGENT","56508.00"
"POLICE OFFICER","109352.00"
"POLICE OFFICER","55942.00"
"TRAFFIC ENFORCEMENT AGENT","53985.00"
"P.O. DA DET GR3","119314.00"
"SERGEANT-","118056.00"
"SCHOOL SAFETY AGENT","56508.00"
"POLICE OFFICER","109352.00"
"POLICE OFFICER","109352.00"
"SERGEANT-","118056.00"
"SCHOOL SAFETY AGENT","56508.00"
"SCHOOL SAFETY AGENT","56508.00"
"SCHOOL SAFETY AGENT","56508.00"
"SCHOOL SAFETY AGENT","56508.00"
"SCHOOL SAFETY AGENT","56508.00"
"SCHOOL SAFETY AGENT","56508.00"
"SCHOOL SAFETY AGENT","56508.00"
"SCHOOL SAFETY AGENT","56508.00"
"ASSOCIATE TRAFFIC ENFORCEMENT AGENT","57817.00"
"POLICE OFFICER","109352.00"
"SCHOOL SAFETY AGENT","56508.00"
"POLICE COMMUNICATIONS TECHNICIAN","61883.00"
"SCHOOL SAFETY AGENT","56508.00"
"SCHOOL SAFETY AGENT","56508.00"
"POLICE OFFICER","109352.00"
"SCHOOL SAFETY AGENT","56508.00"
"SCHOOL SAFETY AGENT","56508.00"
"CRIMINALIST","100866.00"
"POLICE OFFICER","109352.00"
"SUPERVISOR OF SCHOOL SECURITY","81237.00"
"SCHOOL SAFETY AGENT","56508.00"
"SCHOOL SAFETY AGENT","56508.00"
"SCHOOL SAFETY AGENT","56508.00"
"P.O. DA DET GR3","119980.00"
"SCHOOL SAFETY AGENT","56508.00"
"SCHOOL SAFETY AGENT","56508.00"
"SCHOOL SAFETY AGENT","56508.00"
"SCHOOL SAFETY AGENT","56508.00"
"SCHOOL SAFETY AGENT","56508.00"
"COMMISSIONER","286627.00"
"SCHOOL SAFETY AGENT","56508.00"
"AGENCY ATTORNEY","141373.00"
"COMPUTER ASSOCIATE","82149.00"
"SCHOOL SAFETY AGENT","56508.00"
"SOCIAL WORKER","70040.00"
"TRAFFIC ENFORCEMENT AGENT","48769.00"
"POLICE OFFICER","109352.00"
"CAPTAIN","160722.00"
"ASSISTANT COUNSEL-PD","142559.00"
"SUPERVISOR OF STOCK WORKERS","57805.00"
"POLICE OFFICER","59065.00"
"POLICE OFFICER","60363.00"
"CRIMINALIST","96085.00"
"CRIMINALIST","100866.00"
"AGENCY ATTORNEY","106404.00"
"P.O. DA DET GR3","119429.00"
"POLICE COMMUNICATIONS TECHNICIAN","61883.00"
"CRIME ANALYST","78906.00"
"SCHOOL SAFETY AGENT","56508.00"
"ADMINISTRATIVE ENGINEER","166903.00"
"POLICE OFFICER","109352.00"
"CRIMINALIST","100866.00"
"P.O. DA DET GR3","119980.00"
"STAFF ANALYST","89332.00"
"POLICE OFFICER","60363.00"
"INTELLIGENCE RESEARCH SPECIALIST-PD","86535.00"
"PHOTOGRAPHER","66543.00"
"SENIOR POLICE ADMINISTRATIVE AIDE","58707.00"
"SERGEANT-","118056.00"
"INVESTIGATOR","58129.00"
"P.O. DET SPEC","119429.00"
"SERGEANT-","118056.00"
"POLICE OFFICER","109352.00"
"POLICE OFFICER","109352.00"
"P.O. DA DET GR3","119980.00"
"SERGEANT-","96477.00"
"LIEUTENANT","154751.00"
"POLICE OFFICER","109352.00"
"CAPTAIN","157537.00"
"SERGEANT-","97894.00"
"P.O. DET SPEC","119980.00"
"SERGEANT-","118056.00"
"POLICE OFFICER","109352.00"
"P.O. DA DET GR3","119980.00"
"SERGEANT-","118056.00"
"P.O. DET SPEC","119248.00"
"POLICE OFFICER","109352.00"
"LIEUTENANT","154751.00"
"P.O. DA DET GR3","115923.00"
"P.O. DET SPEC","119980.00"
"POLICE OFFICER","109352.00"
"POLICE OFFICER","109352.00"
"SERGEANT-","96477.00"
"POLICE OFFICER","109352.00"
"POLICE OFFICER","109352.00"
"P.O. DET SPEC","119429.00"
"SERGEANT-","118056.00"
"P.O. DA DET GR3","119980.00"
"POLICE OFFICER","109352.00"
"POLICE OFFICER","109352.00"
"POLICE OFFICER","109352.00"
"SERGEANT-","118056.00"
"P.O. DA DET GR3","119980.00"
"P.O. DA DET GR3","119980.00"
"SERGEANT-","118056.00"
"SERGEANT-","118056.00"
"LIEUTENANT","154751.00"
"P.O. DA DET GR3","119980.00"
"POLICE OFFICER","109352.00"
"P.O. DET SPEC","119248.00"
"POLICE OFFICER","109352.00"
"POLICE OFFICER D/A DETECTIVE 2ND GR","134819.00"
"SERGEANT-","118056.00"
"POLICE OFFICER","109352.00"
"P.O. DET SPEC","119980.00"
"SERGEANT-","118056.00"
"POLICE OFFICER","109352.00"
"POLICE OFFICER","109352.00"
"LIEUTENANT","154751.00"
"SERGEANT-","118056.00"
"LIEUTENANT","154751.00"
"SERGEANT-","97894.00"
"SERGEANT-","105606.00"
"P.O. DA DET GR3","119980.00"
"LIEUTENANT","141943.00"
"SERGEANT-","118056.00"
"POLICE OFFICER","109352.00"
"P.O. DET SPEC","119980.00"
"SERGEANT-D/A SUPERVISOR DETECTIVE SQUAD","120442.00"
"POLICE OFFICER","109352.00"
"P.O. DA DET GR3","119980.00"
"SERGEANT-","118056.00"
"POLICE OFFICER","109352.00"
"SERGEANT-","118056.00"
"LIEUTENANT","141684.00"
"SERGEANT-","97894.00"
"POLICE OFFICER","109352.00"
"SERGEANT-","118056.00"
"LIEUTENANT","141943.00"
"LIEUTENANT","141943.00"
"POLICE OFFICER","109352.00"
"SERGEANT-","118056.00"
"POLICE OFFICER","109352.00"
"POLICE OFFICER","109352.00"
"P.O. DET SPEC","119980.00"
"POLICE OFFICER D/A DETECTIVE 2ND GR","134819.00"
"SERGEANT-","105606.00"
"POLICE OFFICER","109352.00"
"POLICE OFFICER","109352.00"
"LIEUTENANT","141684.00"
"LIEUTENANT","154751.00"
"POLICE OFFICER","109352.00"
"CAPTAIN","160722.00"
"LIEUTENANT","154751.00"
"POLICE OFFICER","109352.00"
"LIEUTENANT","154751.00"
"SERGEANT-","97894.00"
"SERGEANT-","118056.00"
"SERGEANT-","96477.00"
"SERGEANT-","118056.00"
"POLICE OFFICER","109352.00"
"SERGEANT-","118056.00"
"LIEUTENANT","154751.00"
"POLICE OFFICER","109352.00"
"P.O. DET SPEC","119980.00"
"POLICE OFFICER","109352.00"
"POLICE OFFICER","109352.00"
"P.O. DA DET GR3","119314.00"
"POLICE OFFICER D/A DETECTIVE 2ND GR","134819.00"
"P.O. DA DET GR3","119248.00"
"P.O. DA DET GR3","119980.00"
"P.O. DET SPEC","119314.00"
"SERGEANT-","118056.00"
"P.O. DET SPEC","119980.00"
"SERGEANT-","118056.00"
"P.O. DET SPEC","119980.00"
"POLICE OFFICER","109352.00"
"SERGEANT-","118056.00"
"P.O. DET SPEC","119980.00"
"P.O. DA DET GR3","119980.00"
"POLICE OFFICER","109352.00"
"SERGEANT-","97894.00"
"POLICE OFFICER","109352.00"
"SERGEANT-","118056.00"
"SERGEANT-","118056.00"
"LIEUTENANT","154751.00"
"POLICE OFFICER","109352.00"
"POLICE OFFICER","109352.00"
"SERGEANT-","118056.00"
"CAPTAIN","157537.00"
"P.O. DA DET GR3","119429.00"
"POLICE OFFICER","109352.00"
"P.O. DA DET GR3","119980.00"
"SERGEANT-","118056.00"
"P.O. DA DET GR3","119980.00"
"POLICE OFFICER","109352.00"
"P.O. DA DET GR3","119980.00"
"POLICE OFFICER","109352.00"
"SERGEANT-","118056.00"
"SERGEANT-","105606.00"
"POLICE OFFICER","109352.00"
"LIEUTENANT","141684.00"
"POLICE OFFICER","109352.00"
"POLICE OFFICER","109352.00"
"POLICE OFFICER","109352.00"
"CAPTAIN","157515.00"
"SERGEANT-","118056.00"
"POLICE OFFICER","109352.00"
"POLICE OFFICER","109352.00"
"POLICE OFFICER","109352.00"
"SERGEANT-","118056.00"
"SERGEANT-","118056.00"
"P.O. DA DET GR3","119980.00"
"POLICE OFFICER","109352.00"
"P.O. DA DET GR3","119980.00"
"POLICE OFFICER","109352.00"
"POLICE OFFICER","109352.00"
"POLICE OFFICER","109352.00"
"POLICE OFFICER","109352.00"
"POLICE OFFICER","109352.00"
"POLICE OFFICER","109352.00"
"P.O. DA DET GR3","119980.00"
"POLICE OFFICER","109352.00"
"POLICE OFFICER","109352.00"
"SERGEANT-","118056.00"
"POLICE OFFICER","109352.00"
"LIEUTENANT","141943.00"
"SERGEANT-","105606.00"
"LIEUTENANT","154751.00"
"POLICE OFFICER","109352.00"
"POLICE OFFICER","109352.00"
"POLICE OFFICER","109352.00"
"SERGEANT-","118056.00"
"SERGEANT-D/A SPECIAL ASSIGNMENT","121048.00"
"P.O. DET SPEC","119980.00"
"SERGEANT-","118056.00"
"POLICE OFFICER","109352.00"
"LIEUTENANT","142202.00"
"POLICE OFFICER","109352.00"
"POLICE OFFICER","109352.00"
"POLICE OFFICER","109352.00"
"POLICE OFFICER","109352.00"
"POLICE OFFICER","109352.00"
"SERGEANT-","118056.00"
"POLICE OFFICER","109352.00"
"LIEUTENANT","141684.00"
"P.O. DA DET GR3","119980.00"
"POLICE OFFICER","109352.00"
"SERGEANT-","118056.00"
"P.O. DET SPEC","119248.00"
"POLICE OFFICER","109352.00"
"LIEUTENANT","142202.00"
"P.O. DET SPEC","119980.00"
"SERGEANT-","118056.00"
"POLICE OFFICER","109352.00"
"SERGEANT-","118056.00"
"POLICE OFFICER","109352.00"
"POLICE OFFICER","109352.00"
"POLICE OFFICER","109352.00"
"POLICE OFFICER","109352.00"
"SERGEANT-","118056.00"
"POLICE OFFICER","109352.00"
"LIEUTENANT","141943.00"
"POLICE OFFICER","109352.00"
"POLICE OFFICER","109352.00"
"LIEUTENANT","154751.00"
"POLICE OFFICER","109352.00"
"POLICE OFFICER D/A DETECTIVE 2ND GR","134819.00"
"POLICE OFFICER","109352.00"
"POLICE OFFICER","109352.00"
"POLICE OFFICER","109352.00"
"P.O. DET SPEC","119248.00"
"LIEUTENANT","141684.00"
"SERGEANT-","118056.00"
"POLICE OFFICER","109352.00"
"SERGEANT-","118056.00"
"LIEUTENANT","154751.00"
"P.O. DA DET GR3","119980.00"
"POLICE OFFICER","109352.00"
"SERGEANT-","105606.00"
"LIEUTENANT","154751.00"
"LIEUTENANT","142202.00"
"POLICE OFFICER","109352.00"
"POLICE OFFICER","109352.00"
"POLICE OFFICER D/A DETECTIVE 2ND GR","134819.00"
"P.O. DA DET GR3","119980.00"
"POLICE OFFICER","109352.00"
"POLICE OFFICER","109352.00"
"SERGEANT-","105606.00"
"P.O. DA DET GR3","119429.00"
"POLICE OFFICER","109352.00"
"POLICE OFFICER","109352.00"
"SERGEANT-","96477.00"
"POLICE OFFICER","109352.00"
"P.O. DA DET GR3","119980.00"
"LIEUTENANT","142202.00"
"P.O. DA DET GR3","119980.00"
"POLICE OFFICER","109352.00"
"POLICE OFFICER","109352.00"
"SERGEANT-","118056.00"
"POLICE OFFICER","109352.00"
"LIEUTENANT","142202.00"
"POLICE OFFICER","109352.00"
"LIEUTENANT","141684.00"
"POLICE OFFICER","109352.00"
"LIEUTENANT","154751.00"
"P.O. DA DET GR3","119980.00"
"POLICE OFFICER","109352.00"
"P.O. DA DET GR3","119980.00"
"SERGEANT-","97894.00"
"SERGEANT-","118056.00"
"POLICE OFFICER","109352.00"
"SERGEANT-","118056.00"
"LIEUTENANT","154751.00"
"SERGEANT-D/A SPECIAL ASSIGNMENT","121048.00"
"POLICE OFFICER","109352.00"
"SERGEANT-","118056.00"
"POLICE OFFICER","109352.00"
"POLICE OFFICER","109352.00"
"POLICE OFFICER","109352.00"
"POLICE OFFICER","109352.00"
"P.O. DA DET GR3","119248.00"
"POLICE OFFICER","109352.00"
"POLICE OFFICER","109352.00"
"POLICE OFFICER","109352.00"
"LIEUTENANT","142202.00"
"SERGEANT-","118056.00"
"CAPTAIN","160722.00"
"P.O. DA DET GR3","119314.00"
"P.O. DA DET GR3","119980.00"
"POLICE OFFICER","109352.00"
"SERGEANT-","118056.00"
"P.O. DA DET GR3","119980.00"
"LIEUTENANT","154751.00"
"POLICE OFFICER","109352.00"
"SERGEANT-","118056.00"
"P.O. DA DET GR3","119980.00"
"SERGEANT-","118056.00"
"SERGEANT-D/A SUPERVISOR DETECTIVE SQUAD","121048.00"
"P.O. DA DET GR3","119980.00"
"SERGEANT-","118056.00"
"SERGEANT-D/A SPECIAL ASSIGNMENT","120442.00"
"CAPTAIN","157537.00"
"POLICE OFFICER","109352.00"
"LIEUTENANT","154751.00"
"LIEUTENANT","154751.00"
"SERGEANT-","118056.00"
"SERGEANT-","105606.00"
"SERGEANT-","118056.00"
"SERGEANT-","118056.00"
"SERGEANT-","118056.00"
"POLICE OFFICER","109352.00"
"POLICE OFFICER","105146.00"
"POLICE OFFICER D/A DETECTIVE 2ND GR","134819.00"
"POLICE OFFICER","109352.00"
"SERGEANT-","118056.00"
"P.O. DA DET GR3","119980.00"
"POLICE OFFICER","109352.00"
"POLICE OFFICER","109352.00"
"POLICE OFFICER","109352.00"
"P.O. DA DET GR3","119980.00"
"SERGEANT-D/A SUPERVISOR DETECTIVE SQUAD","121048.00"
"POLICE OFFICER","109352.00"
"SERGEANT-D/A SUPERVISOR DETECTIVE SQUAD","120744.00"
"SERGEANT-","118056.00"
"P.O. DA DET GR3","119429.00"
"SERGEANT-","97894.00"
"POLICE OFFICER","109352.00"
"SERGEANT-","97894.00"
"POLICE OFFICER","109352.00"
"POLICE OFFICER","109352.00"
"POLICE OFFICER D/A DETECTIVE 2ND GR","134819.00"
"POLICE OFFICER","109352.00"
"LIEUTENANT","142202.00"
"P.O. DET SPEC","119429.00"
"POLICE OFFICER","109352.00"
"POLICE OFFICER","109352.00"
"SERGEANT-","105606.00"
"P.O. DA DET GR3","119980.00"
"POLICE OFFICER D/A DETECTIVE 2ND GR","134819.00"
"POLICE OFFICER","109352.00"
"POLICE OFFICER","109352.00"
"P.O. DET SPEC","119980.00"
"POLICE OFFICER","109352.00"
"POLICE OFFICER","109352.00"
"POLICE COMMUNICATIONS TECHNICIAN","57805.00"
"POLICE COMMUNICATIONS TECHNICIAN","61883.00"
"POLICE OFFICER","109352.00"
"SENIOR POLICE ADMINISTRATIVE AIDE","58707.00"
"POLICE OFFICER","57976.00"
"TRAFFIC ENFORCEMENT AGENT","53985.00"
"POLICE OFFICER","109352.00"
"SERGEANT-","118056.00"
"POLICE OFFICER","60363.00"
"POLICE OFFICER","59065.00"
"POLICE ADMINISTRATIVE AIDE","48631.00"
"SENIOR POLICE ADMINISTRATIVE AIDE","62228.00"
"POLICE OFFICER","109352.00"
"SERGEANT-","118056.00"
"P.O. DA DET GR3","119314.00"
"POLICE OFFICER","109352.00"
"SERGEANT-","97894.00"
"LIEUTENANT","141943.00"
"TRAFFIC ENFORCEMENT AGENT","53985.00"
"CRIMINALIST","110559.00"
"CITY CUSTODIAL ASSISTANT","42898.00"
"POLICE OFFICER","109352.00"
"POLICE OFFICER","59065.00"
"ADMINISTRATIVE PROCUREMENT ANALYST-NON-MGRL","87650.00"
"TRAFFIC ENFORCEMENT AGENT","53985.00"
"SERGEANT-","118056.00"
"POLICE OFFICER","109352.00"
"MOTOR VEHICLE OPERATOR","57028.00"
"TRAFFIC ENFORCEMENT AGENT","53985.00"
"POLICE OFFICER","109352.00"
"POLICE OFFICER","109352.00"
"POLICE OFFICER","109352.00"
"POLICE OFFICER","109352.00"
"SCHOOL SAFETY AGENT","56508.00"
"POLICE OFFICER","55942.00"
"POLICE OFFICER","109352.00"
"BOOKKEEPER","49651.00"
"CRIMINALIST","95813.00"
"POLICE OFFICER","109352.00"
"POLICE OFFICER","109352.00"
"SENIOR POLICE ADMINISTRATIVE AIDE","58707.00"
"SUPERVISING POLICE COMMUNICATIONS TECHNICIAN","69898.00"
"CRIMINALIST","110519.00"
"POLICE OFFICER","109352.00"
"POLICE OFFICER","60363.00"
"SENIOR POLICE ADMINISTRATIVE AIDE","58707.00"
"POLICE ADMINISTRATIVE AIDE","48631.00"
"P.O. DET SPEC","119980.00"
"CRIMINALIST","110470.00"
"CRIMINALIST","110415.00"
"CRIMINALIST","95865.00"
"SCHOOL SAFETY AGENT","56508.00"
"SCHOOL SAFETY AGENT","56508.00"
"POLICE OFFICER","109352.00"
"SCHOOL CROSSING GUARD","44533.00"
"COMMUNITY ASSISTANT","43460.00"
"PRINCIPAL ADMINISTRATIVE ASSOCIATE -  NON SUPVR","63215.00"
"POLICE OFFICER","109352.00"
"SERGEANT-","118056.00"
"SCHOOL SAFETY AGENT","56508.00"
"TRAFFIC ENFORCEMENT AGENT","48769.00"
"POLICE OFFICER","109352.00"
"POLICE OFFICER","60363.00"
"SCHOOL SAFETY AGENT","56508.00"
"TRAFFIC ENFORCEMENT AGENT","53985.00"
"ASSOCIATE STAFF ANALYST","91394.00"
"SERGEANT-","105606.00"
"POLICE COMMUNICATIONS TECHNICIAN","61883.00"
"STAFF ANALYST","69631.00"
"POLICE OFFICER","109352.00"
"POLICE OFFICER","109352.00"
"POLICE OFFICER","109352.00"
"POLICE OFFICER","109352.00"
"SCHOOL SAFETY AGENT","56508.00"
"SERGEANT-","105606.00"
"POLICE OFFICER","55942.00"
"POLICE OFFICER","109352.00"
"SERGEANT-","118056.00"
"POLICE OFFICER","59065.00"
"CITY RESEARCH SCIENTIST","112883.00"
"SCHOOL SAFETY AGENT","56508.00"
"SCHOOL SAFETY AGENT","56508.00"
"POLICE OFFICER","57976.00"
"BOOKKEEPER","63416.00"
"POLICE OFFICER","109352.00"
"SERGEANT-","118056.00"
"POLICE OFFICER","109352.00"
"POLICE COMMUNICATIONS TECHNICIAN","61883.00"
"P.O. DA DET GR3","119980.00"
"POLICE OFFICER","105146.00"
"POLICE OFFICER","109352.00"
"POLICE OFFICER","60363.00"
"SCHOOL SAFETY AGENT","56508.00"
"P.O. DA DET GR3","119314.00"
"POLICE OFFICER","109352.00"
"P.O. DA DET GR3","119980.00"
"POLICE OFFICER","109352.00"
"SERGEANT-","97894.00"
"P.O. DET SPEC","119248.00"
"POLICE OFFICER","109352.00"
"SERGEANT-","118056.00"
"P.O. DA DET GR3","119980.00"
"LIEUTENANT","141943.00"
"LIEUTENANT","141943.00"
"POLICE OFFICER","109352.00"
"POLICE OFFICER","109352.00"
"SERGEANT-D/A SUPERVISOR DETECTIVE SQUAD","120442.00"
"LIEUTENANT","141684.00"
"POLICE OFFICER","109352.00"
"POLICE OFFICER","109352.00"
"SERGEANT-","118056.00"
"POLICE OFFICER","109352.00"
"POLICE OFFICER","109352.00"
"SERGEANT-","118056.00"
"P.O. DET SPEC","119314.00"
"POLICE OFFICER","109352.00"
"POLICE OFFICER","109352.00"
"POLICE OFFICER","109352.00"
"P.O. DA DET GR3","119980.00"
"POLICE OFFICER","109352.00"
"P.O. DET SPEC","119980.00"
"SERGEANT-","118056.00"
"POLICE OFFICER","109352.00"
"SERGEANT-","105606.00"
"P.O. DA DET GR3","119314.00"
"POLICE OFFICER","109352.00"
"SERGEANT-","118056.00"
"SERGEANT-","118056.00"
"POLICE OFFICER","109352.00"
"POLICE OFFICER","109352.00"
"SERGEANT-","118056.00"
"POLICE OFFICER","109352.00"
"SERGEANT-","97894.00"
"POLICE OFFICER","109352.00"
"SERGEANT-","118056.00"
"SERGEANT-","118056.00"
"LIEUTENANT","141943.00"
"POLICE OFFICER","109352.00"
"SERGEANT-","97894.00"
"P.O. DA DET GR3","119980.00"
"POLICE OFFICER","109352.00"
"POLICE OFFICER","109352.00"
"POLICE OFFICER","109352.00"
"P.O. DA DET GR3","119980.00"
"POLICE OFFICER","109352.00"
"POLICE OFFICER","109352.00"
"POLICE OFFICER","109352.00"
"P.O. DA DET GR3","119980.00"
"P.O. DA DET GR3","119980.00"
"P.O. DA DET GR3","119429.00"
"POLICE OFFICER D/A DETECTIVE 2ND GR","134819.00"
"POLICE OFFICER","109352.00"
"SERGEANT-","118056.00"
"POLICE OFFICER D/A DETECTIVE 2ND GR","134819.00"
"POLICE OFFICER","109352.00"
"P.O. DA DET GR3","119980.00"
"LIEUTENANT","141943.00"
"LIEUTENANT","141684.00"
"POLICE OFFICER","109352.00"
"POLICE OFFICER","109352.00"
"POLICE OFFICER","109352.00"
"POLICE OFFICER","109352.00"
"SERGEANT-","96281.00"
"LIEUTENANT","141943.00"
"P.O. DET SPEC","119429.00"
"POLICE OFFICER","109352.00"
"P.O. DA DET GR3","119980.00"
"SERGEANT-","118056.00"
"POLICE OFFICER","109352.00"
"P.O. DET SPEC","119980.00"
"POLICE OFFICER","109352.00"
"SERGEANT-","97894.00"
"POLICE OFFICER","109352.00"
"POLICE OFFICER","109352.00"
"SERGEANT-","96477.00"
"POLICE OFFICER","109352.00"
"SERGEANT-","97894.00"
"POLICE OFFICER","109352.00"
"POLICE OFFICER","109352.00"
"SERGEANT-","118056.00"
"SERGEANT-","118056.00"
"SERGEANT-","97894.00"
"P.O. DA DET GR3","119980.00"
"POLICE OFFICER","109352.00"
"P.O. DA DET GR3","119980.00"
"SERGEANT-","118056.00"
"LIEUTENANT","141943.00"
"P.O. DA DET GR3","119314.00"
"SERGEANT-","97894.00"
"POLICE OFFICER","109352.00"
"P.O. DA DET GR3","119980.00"
"P.O. DA DET GR3","119980.00"
"SERGEANT-","118056.00"
"SERGEANT-","118056.00"
"POLICE OFFICER","109352.00"
"POLICE OFFICER","109352.00"
"LIEUTENANT","141943.00"
"P.O. DA DET GR3","119980.00"
"P.O. DA DET GR3","119980.00"
"POLICE OFFICER","109352.00"
"POLICE OFFICER","109352.00"
"P.O. DA DET GR3","119980.00"
"SERGEANT-","118056.00"
"POLICE OFFICER","109352.00"
"POLICE OFFICER","109352.00"
"POLICE OFFICER","109352.00"
"POLICE OFFICER","109352.00"
"LIEUTENANT","141943.00"
"POLICE OFFICER","109352.00"
"POLICE OFFICER","109352.00"
"P.O. DA DET GR3","119980.00"
"P.O. DA DET GR3","119980.00"
"POLICE OFFICER","109352.00"
"POLICE OFFICER","109352.00"
"SERGEANT-","105606.00"
"POLICE OFFICER","109352.00"
"POLICE OFFICER","109352.00"
"POLICE OFFICER","109352.00"
"P.O. DET SPEC","119429.00"
"SERGEANT-","97894.00"
"SERGEANT-D/A SPECIAL ASSIGNMENT","135511.00"
"SERGEANT-","96477.00"
"SERGEANT-","118056.00"
"POLICE OFFICER","109352.00"
"POLICE OFFICER","109352.00"
"SERGEANT-","96477.00"
"POLICE OFFICER","109352.00"
"P.O. DA DET GR3","119980.00"
"POLICE OFFICER","109352.00"
"SERGEANT-","97894.00"
"P.O. DET SPEC","119980.00"
"SERGEANT-","118056.00"
"POLICE OFFICER","109352.00"
"P.O. DA DET GR3","119980.00"
"P.O. DA DET GR3","119980.00"
"SERGEANT-","118056.00"
"SERGEANT-","96477.00"
"SERGEANT-","118056.00"
"SERGEANT-","118056.00"
"LIEUTENANT","141943.00"
"POLICE OFFICER","109352.00"
"SERGEANT-","97894.00"
"P.O. DET SPEC","119980.00"
"P.O. DA DET GR3","119429.00"
"POLICE OFFICER","109352.00"
"P.O. DA DET GR3","119980.00"
"POLICE OFFICER","109352.00"
"POLICE OFFICER","109352.00"
"POLICE OFFICER","109352.00"
"P.O. DA DET GR3","119980.00"
"POLICE OFFICER","109352.00"
"POLICE OFFICER","109352.00"
"SERGEANT-","97894.00"
"POLICE OFFICER","109352.00"
"SERGEANT-","118056.00"
"POLICE OFFICER","109352.00"
"LIEUTENANT","141943.00"
"P.O. DA DET GR3","119980.00"
"P.O. DA DET GR3","119980.00"
"P.O. DET SPEC","119980.00"
"SERGEANT-","118056.00"
"POLICE OFFICER","109352.00"
"POLICE OFFICER","109352.00"
"SERGEANT-","97894.00"
"P.O. DET SPEC","119248.00"
"SERGEANT-","118056.00"
"SERGEANT-","118056.00"
"POLICE OFFICER","109352.00"
"LIEUTENANT","141943.00"
"P.O. DA DET GR3","119980.00"
"POLICE OFFICER","109352.00"
"POLICE OFFICER D/A DETECTIVE 2ND GR","134819.00"
"P.O. DA DET GR3","119980.00"
"POLICE OFFICER","109352.00"
"POLICE OFFICER","109352.00"
"P.O. DA DET GR3","119980.00"
"P.O. DA DET GR3","119248.00"
"POLICE OFFICER","109352.00"
"POLICE OFFICER","109352.00"
"SERGEANT-","118056.00"
"LIEUTENANT","141684.00"
"POLICE OFFICER","105146.00"
"POLICE OFFICER","109352.00"
"SERGEANT-","118056.00"
"SERGEANT-","105606.00"
"SERGEANT-","118056.00"
"POLICE OFFICER","109352.00"
"POLICE OFFICER","109352.00"
"P.O. DA DET GR3","119980.00"
"POLICE OFFICER","109352.00"
"POLICE OFFICER","101590.00"
"POLICE OFFICER","109352.00"
"SERGEANT-","105606.00"
"POLICE OFFICER","109352.00"
"P.O. DA DET GR3","119248.00"
"SERGEANT-","96477.00"
"P.O. DA DET GR3","115390.00"
"POLICE OFFICER","109352.00"
"SERGEANT-","118056.00"
"SERGEANT-","118056.00"
"P.O. DA DET GR3","119980.00"
"P.O. DA DET GR3","119980.00"
"SERGEANT-","105606.00"
"LIEUTENANT","141943.00"
"P.O. DA DET GR3","119980.00"
"LIEUTENANT","141943.00"
"LIEUTENANT","141943.00"
"P.O. DET SPEC","119314.00"
"SERGEANT-","96477.00"
"POLICE OFFICER","109352.00"
"POLICE OFFICER","109352.00"
"POLICE OFFICER","109352.00"
"SERGEANT-","118056.00"
"SERGEANT-","97894.00"
"POLICE OFFICER","109352.00"
"POLICE OFFICER","109352.00"
"POLICE OFFICER","109352.00"
"SERGEANT-","118056.00"
"POLICE OFFICER","109352.00"
"POLICE OFFICER","109352.00"
"POLICE OFFICER","109352.00"
"SERGEANT-","97894.00"
"LIEUTENANT","141943.00"
"SERGEANT-","118056.00"
"P.O. DA DET GR3","119980.00"
"SERGEANT-","96477.00"
"POLICE OFFICER","109352.00"
"POLICE OFFICER","109352.00"
"POLICE OFFICER","109352.00"
"P.O. DA DET GR3","119248.00"
"POLICE OFFICER","109352.00"
"POLICE OFFICER","109352.00"
"POLICE OFFICER","109352.00"
"POLICE OFFICER","109352.00"
"LIEUTENANT","141684.00"
"SERGEANT-","97894.00"
"SERGEANT-","118056.00"
"POLICE OFFICER","105146.00"
"POLICE OFFICER","109352.00"
"P.O. DA DET GR3","119980.00"
"P.O. DA DET GR3","119980.00"
"POLICE OFFICER","109352.00"
"P.O. DA DET GR3","119980.00"
"SERGEANT-","96477.00"
"SERGEANT-","96477.00"
"LIEUTENANT","141684.00"
"SERGEANT-","96477.00"
"LIEUTENANT","141943.00"
"POLICE OFFICER","109352.00"
"SERGEANT-","118056.00"
"POLICE OFFICER","109352.00"
"POLICE OFFICER","109352.00"
"P.O. DA DET GR3","119980.00"
"POLICE OFFICER","109352.00"
"POLICE OFFICER","109352.00"
"POLICE OFFICER","109352.00"
"POLICE OFFICER","109352.00"
"POLICE OFFICER","109352.00"
"SERGEANT-","118056.00"
"P.O. DET SPEC","119248.00"
"SERGEANT-","118056.00"
"SERGEANT-","118056.00"
"P.O. DA DET GR3","119980.00"
"POLICE OFFICER","109352.00"
"P.O. DA DET GR3","119314.00"
"SERGEANT-","97894.00"
"POLICE OFFICER","109352.00"
"POLICE OFFICER","109352.00"
"POLICE OFFICER","109352.00"
"POLICE OFFICER","109352.00"
"POLICE OFFICER","109352.00"
"POLICE OFFICER","109352.00"
"POLICE OFFICER","109352.00"
"SERGEANT-","118056.00"
"P.O. DA DET GR3","119980.00"
"LIEUTENANT","141684.00"
"P.O. DA DET GR3","119980.00"
"P.O. DA DET GR3","119980.00"
"POLICE OFFICER","109352.00"
"SERGEANT-","118056.00"
"P.O. DA DET GR3","119314.00"
"P.O. DET SPEC","119429.00"
"POLICE OFFICER","109352.00"
"SERGEANT-","105606.00"
"P.O. DA DET GR3","119980.00"
"P.O. DET SPEC","119314.00"
"POLICE OFFICER","109352.00"
"P.O. DA DET GR3","119980.00"
"POLICE OFFICER","109352.00"
"POLICE OFFICER","109352.00"
"P.O. DA DET GR3","119980.00"
"SERGEANT-D/A SPECIAL ASSIGNMENT","120442.00"
"P.O. DA DET GR3","119980.00"
"SERGEANT-","118056.00"
"POLICE OFFICER","109352.00"
"POLICE OFFICER","105146.00"
"P.O. DA DET GR3","119980.00"
"SERGEANT-","118056.00"
"POLICE OFFICER","109352.00"
"POLICE OFFICER","109352.00"
"POLICE OFFICER","109352.00"
"POLICE OFFICER","109352.00"
"POLICE OFFICER","109352.00"
"POLICE OFFICER","109352.00"
"POLICE OFFICER","109352.00"
"LIEUTENANT","141943.00"
"P.O. DA DET GR3","119980.00"
"SERGEANT-","118056.00"
"POLICE OFFICER","109352.00"
"P.O. DA DET GR3","119980.00"
"POLICE OFFICER","109352.00"
"POLICE OFFICER","109352.00"
"P.O. DA DET GR3","119314.00"
"P.O. DA DET GR3","119248.00"
"P.O. DET SPEC","119314.00"
"P.O. DA DET GR3","119429.00"
"LIEUTENANT","141943.00"
"POLICE OFFICER","109352.00"
"P.O. DA DET GR3","119980.00"
"SERGEANT-","105606.00"
"POLICE OFFICER","109352.00"
"POLICE OFFICER","109352.00"
"SERGEANT-","105606.00"
"SERGEANT-","97894.00"
"SERGEANT-","96477.00"
"POLICE OFFICER","109352.00"
"P.O. DET SPEC","119429.00"
"LIEUTENANT","141684.00"
"P.O. DA DET GR3","119429.00"
"SERGEANT-","96477.00"
"P.O. DA DET GR3","119980.00"
"SERGEANT-","105606.00"
"SERGEANT-","118056.00"
"POLICE OFFICER","109352.00"
"POLICE OFFICER","109352.00"
"POLICE OFFICER","109352.00"
"POLICE OFFICER","109352.00"
"P.O. DA DET GR3","119248.00"
"P.O. DA DET GR3","119980.00"
"P.O. DA DET GR3","119980.00"
"P.O. DA DET GR3","119980.00"
"LIEUTENANT","141943.00"
"LIEUTENANT","141684.00"
"SERGEANT-","118056.00"
"P.O. DA DET GR3","119980.00"
"P.O. DA DET GR3","119429.00"
"SERGEANT-","118056.00"
"POLICE OFFICER","109352.00"
"POLICE OFFICER","109352.00"
"P.O. DA DET GR3","119980.00"
"POLICE OFFICER","109352.00"
"POLICE OFFICER","109352.00"
"POLICE OFFICER","109352.00"
"LIEUTENANT","141684.00"
"P.O. DA DET GR3","119980.00"
"LIEUTENANT","141943.00"
"POLICE OFFICER","109352.00"
"POLICE OFFICER","109352.00"
"POLICE OFFICER","109352.00"
"P.O. DA DET GR3","119248.00"
"SERGEANT-","118056.00"
"P.O. DET SPEC","119248.00"
"SERGEANT-","97894.00"
"POLICE OFFICER","109352.00"
"P.O. DA DET GR3","119429.00"
"SERGEANT-","96477.00"
"P.O. DA DET GR3","119980.00"
"P.O. DET SPEC","119980.00"
"P.O. DA DET GR3","119429.00"
"POLICE OFFICER","109352.00"
"SERGEANT-","118056.00"
"POLICE OFFICER","109352.00"
"P.O. DA DET GR3","119980.00"
"SERGEANT-","96477.00"
"P.O. DA DET GR3","119980.00"
"SERGEANT-","105606.00"
"POLICE OFFICER","109352.00"
"P.O. DA DET GR3","115923.00"
"P.O. DET SPEC","119248.00"
"POLICE OFFICER","109352.00"
"POLICE OFFICER","109352.00"
"POLICE OFFICER","109352.00"
"POLICE OFFICER","109352.00"
"SERGEANT-","96477.00"
"POLICE OFFICER","109352.00"
"P.O. DA DET GR3","119980.00"
"SERGEANT-","118056.00"
"SERGEANT-","105606.00"
"POLICE OFFICER","109352.00"
"POLICE OFFICER","109352.00"
"POLICE OFFICER","109352.00"
"POLICE OFFICER","109352.00"
"POLICE OFFICER","109352.00"
"SERGEANT-","105606.00"
"POLICE OFFICER","109352.00"
"SERGEANT-","96477.00"
"POLICE OFFICER","109352.00"
"POLICE OFFICER","109352.00"
"POLICE OFFICER","109352.00"
"POLICE OFFICER","109352.00"
"POLICE OFFICER","109352.00"
"POLICE OFFICER","109352.00"
"P.O. DET SPEC","115923.00"
"P.O. DET SPEC","119248.00"
"SERGEANT-","118056.00"
"P.O. DA DET GR3","119980.00"
"P.O. DA DET GR3","119980.00"
"POLICE OFFICER","109352.00"
"POLICE OFFICER","109352.00"
"SERGEANT-","118056.00"
"POLICE OFFICER","109352.00"
"SERGEANT-","118056.00"
"SERGEANT-","118056.00"
"SERGEANT-","96477.00"
"POLICE OFFICER","109352.00"
"P.O. DA DET GR3","119980.00"
"P.O. DA DET GR3","119980.00"
"P.O. DA DET GR3","119980.00"
"SERGEANT-","96477.00"
"POLICE OFFICER","109352.00"
"POLICE OFFICER","109352.00"
"P.O. DET SPEC","119248.00"
"POLICE OFFICER","109352.00"
"POLICE OFFICER","109352.00"
"POLICE OFFICER","109352.00"
"POLICE OFFICER","109352.00"
"LIEUTENANT","141684.00"
"LIEUTENANT","141684.00"
"SERGEANT-","118056.00"
"POLICE OFFICER","109352.00"
"POLICE OFFICER","109352.00"
"POLICE OFFICER","109352.00"
"P.O. DA DET GR3","119980.00"
"POLICE OFFICER","109352.00"
"POLICE OFFICER","109352.00"
"POLICE OFFICER","109352.00"
"SERGEANT-","118056.00"
"P.O. DET SPEC","115923.00"
"POLICE OFFICER","109352.00"
"POLICE OFFICER","109352.00"
"SERGEANT-","105606.00"
"POLICE OFFICER","109352.00"
"SERGEANT-","105606.00"
"POLICE OFFICER","109352.00"
"POLICE OFFICER","109352.00"
"P.O. DA DET GR3","119980.00"
"P.O. DA DET GR3","119314.00"
"P.O. DA DET GR3","115923.00"
"LIEUTENANT","141943.00"
"SERGEANT-","96477.00"
"SERGEANT-","118056.00"
"SERGEANT-","97894.00"
"LIEUTENANT","141943.00"
"P.O. DA DET GR3","119429.00"
"POLICE OFFICER","109352.00"
"POLICE OFFICER","109352.00"
"SERGEANT-","118056.00"
"POLICE OFFICER","109352.00"
"P.O. DA DET GR3","119980.00"
"P.O. DA DET GR3","119980.00"
"SERGEANT-","105606.00"
"POLICE OFFICER","109352.00"
"SERGEANT-","118056.00"
"SERGEANT-D/A SUPERVISOR DETECTIVE SQUAD","120442.00"
"SERGEANT-","97894.00"
"P.O. DA DET GR3","119980.00"
"POLICE OFFICER","109352.00"
"SERGEANT-","118056.00"
"SERGEANT-","96477.00"
"SERGEANT-","97894.00"
"P.O. DET SPEC","119314.00"
"P.O. DA DET GR3","115923.00"
"SERGEANT-","96477.00"
"LIEUTENANT","141943.00"
"POLICE OFFICER","109352.00"
"SERGEANT-","96477.00"
"POLICE OFFICER","109352.00"
"POLICE OFFICER","109352.00"
"POLICE OFFICER","109352.00"
"POLICE OFFICER","109352.00"
"LIEUTENANT","141684.00"
"POLICE OFFICER","109352.00"
"LIEUTENANT","141943.00"
"POLICE OFFICER","109352.00"
"POLICE OFFICER","109352.00"
"SERGEANT-","118056.00"
"SERGEANT-","105606.00"
"P.O. DA DET GR3","119314.00"
"POLICE OFFICER","109352.00"
"P.O. DA DET GR3","119980.00"
"POLICE OFFICER","109352.00"
"LIEUTENANT","141684.00"
"SERGEANT-","97894.00"
"SERGEANT-","97894.00"
"POLICE OFFICER","109352.00"
"SERGEANT-D/A SPECIAL ASSIGNMENT","120744.00"
"SERGEANT-","118056.00"
"POLICE OFFICER","109352.00"
"POLICE OFFICER","109352.00"
"POLICE OFFICER","109352.00"
"P.O. DA DET GR3","119314.00"
"POLICE OFFICER","109352.00"
"P.O. DET SPEC","119980.00"
"SERGEANT-","118056.00"
"SERGEANT-","118056.00"
"SERGEANT-","97894.00"
"POLICE OFFICER","109352.00"
"SERGEANT-","96477.00"
"P.O. DA DET GR3","119429.00"
"POLICE OFFICER","109352.00"
"P.O. DA DET GR3","115923.00"
"POLICE OFFICER","109352.00"
"P.O. DA DET GR3","119980.00"
"LIEUTENANT","141943.00"
"POLICE OFFICER","109352.00"
"POLICE OFFICER","109352.00"
"POLICE OFFICER","109352.00"
"SERGEANT-","105606.00"
"POLICE OFFICER","109352.00"
"SERGEANT-","96477.00"
"P.O. DA DET GR3","119980.00"
"P.O. DA DET GR3","119980.00"
"LIEUTENANT","141684.00"
"P.O. DA DET GR3","119429.00"
"POLICE OFFICER","109352.00"
"SERGEANT-","118056.00"
"SERGEANT-","96477.00"
"POLICE OFFICER","109352.00"
"P.O. DA DET GR3","119980.00"
"POLICE OFFICER","109352.00"
"POLICE OFFICER","109352.00"
"SERGEANT-","105606.00"
"POLICE OFFICER","109352.00"
"P.O. DET SPEC","119314.00"
"SERGEANT-","97894.00"
"POLICE OFFICER","109352.00"
"SERGEANT-","118056.00"
"SERGEANT-","96477.00"
"POLICE OFFICER","109352.00"
"SERGEANT-","96477.00"
"LIEUTENANT","141943.00"
"LIEUTENANT","141943.00"
"POLICE OFFICER","109352.00"
"P.O. DA DET GR3","119980.00"
"POLICE OFFICER","109352.00"
"POLICE OFFICER","109352.00"
"POLICE OFFICER","109352.00"
"P.O. DA DET GR3","119314.00"
"POLICE OFFICER","109352.00"
"POLICE OFFICER D/A DETECTIVE 2ND GR","134819.00"
"POLICE OFFICER","109352.00"
"SERGEANT-","96477.00"
"POLICE OFFICER","109352.00"
"P.O. DET SPEC","119314.00"
"POLICE OFFICER","109352.00"
"SERGEANT-","118056.00"
"POLICE OFFICER","109352.00"
"P.O. DET SPEC","119980.00"
"P.O. DET SPEC","119314.00"
"P.O. DA DET GR3","119980.00"
"SERGEANT-","96477.00"
"SERGEANT-","96281.00"
"P.O. DA DET GR3","119980.00"
"SERGEANT-","96477.00"
"POLICE OFFICER","109352.00"
"P.O. DA DET GR3","119980.00"
"POLICE OFFICER","109352.00"
"P.O. DA DET GR3","119980.00"
"POLICE OFFICER","109352.00"
"P.O. DA DET GR3","119980.00"
"POLICE OFFICER","109352.00"
"POLICE OFFICER","109352.00"
"POLICE OFFICER","109352.00"
"POLICE OFFICER","109352.00"
"P.O. DA DET GR3","119429.00"
"P.O. DA DET GR3","119980.00"
"P.O. DA DET GR3","119314.00"
"POLICE OFFICER","109352.00"
"P.O. DA DET GR3","119980.00"
"POLICE OFFICER","109352.00"
"P.O. DA DET GR3","119980.00"
"SERGEANT-","96477.00"
"POLICE OFFICER","109352.00"
"POLICE OFFICER","109352.00"
"POLICE OFFICER","109352.00"
"SERGEANT-","97894.00"
"POLICE OFFICER","109352.00"
"POLICE OFFICER","109352.00"
"LIEUTENANT","141684.00"
"POLICE OFFICER","109352.00"
"POLICE OFFICER","109352.00"
"POLICE OFFICER","109352.00"
"SERGEANT-","96477.00"
"P.O. DET SPEC","119429.00"
"POLICE OFFICER","109352.00"
"SERGEANT-","118056.00"
"POLICE OFFICER","109352.00"
"POLICE OFFICER","109352.00"
"POLICE OFFICER","109352.00"
"P.O. DA DET GR3","115390.00"
"POLICE OFFICER","109352.00"
"P.O. DA DET GR3","119980.00"
"POLICE OFFICER","109352.00"
"POLICE OFFICER","109352.00"
"POLICE OFFICER","109352.00"
"SERGEANT-","118056.00"
"SERGEANT-","105606.00"
"POLICE OFFICER","109352.00"
"POLICE OFFICER","109352.00"
"POLICE OFFICER","109352.00"
"P.O. DET SPEC","119429.00"
"P.O. DET SPEC","119980.00"
"POLICE OFFICER","109352.00"
"POLICE OFFICER","109352.00"
"P.O. DET SPEC","119429.00"
"P.O. DA DET GR3","119980.00"
"POLICE OFFICER","109352.00"
"P.O. DA DET GR3","119980.00"
"P.O. DA DET GR3","119980.00"
"POLICE OFFICER","109352.00"
"POLICE OFFICER","109352.00"
"POLICE OFFICER D/A DETECTIVE 1ST GR","154751.00"
"POLICE OFFICER","109352.00"
"POLICE OFFICER","109352.00"
"SERGEANT-","96477.00"
"POLICE OFFICER","109352.00"
"LIEUTENANT","141943.00"
"LIEUTENANT","141684.00"
"P.O. DA DET GR3","119980.00"
"POLICE OFFICER","109352.00"
"SERGEANT-","105606.00"
"POLICE OFFICER","105146.00"
"LIEUTENANT","141684.00"
"POLICE OFFICER","109352.00"
"SERGEANT-","96477.00"
"POLICE OFFICER","109352.00"
"SERGEANT-","105606.00"
"SERGEANT-","118056.00"
"P.O. DA DET GR3","119980.00"
"P.O. DA DET GR3","119248.00"
"POLICE OFFICER","109352.00"
"SERGEANT-","97894.00"
"POLICE OFFICER","109352.00"
"POLICE OFFICER","109352.00"
"SERGEANT-","96477.00"
"POLICE OFFICER","109352.00"
"POLICE OFFICER","109352.00"
"SERGEANT-","96477.00"
"SERGEANT-","97894.00"
"SERGEANT-","105606.00"
"P.O. DA DET GR3","115923.00"
"POLICE OFFICER","109352.00"
"POLICE OFFICER","109352.00"
"LIEUTENANT","141943.00"
"P.O. DA DET GR3","119980.00"
"LIEUTENANT","141684.00"
"SERGEANT-","105606.00"
"POLICE OFFICER","109352.00"
"POLICE OFFICER","109352.00"
"POLICE OFFICER","109352.00"
"POLICE OFFICER","109352.00"
"SERGEANT-","118056.00"
"SERGEANT-","96477.00"
"POLICE OFFICER","109352.00"
"POLICE OFFICER","109352.00"
"POLICE OFFICER","109352.00"
"LIEUTENANT","141943.00"
"LIEUTENANT","141684.00"
"SERGEANT-","118056.00"
"P.O. DA DET GR3","119980.00"
"LIEUTENANT","141684.00"
"SERGEANT-","97894.00"
"POLICE OFFICER","109352.00"
"POLICE OFFICER","109352.00"
"POLICE OFFICER","109352.00"
"POLICE OFFICER","109352.00"
"SERGEANT-","118056.00"
"POLICE OFFICER","109352.00"
"POLICE OFFICER D/A DETECTIVE 2ND GR","134819.00"
"LIEUTENANT","141943.00"
"SERGEANT-","105606.00"
"P.O. DA DET GR3","119980.00"
"SERGEANT-","105606.00"
"P.O. DA DET GR3","119429.00"
"POLICE OFFICER","109352.00"
"POLICE OFFICER","109352.00"
"POLICE OFFICER","109352.00"
"POLICE OFFICER","109352.00"
"SERGEANT-","118056.00"
"SERGEANT-","105606.00"
"POLICE OFFICER","109352.00"
"P.O. DET SPEC","119980.00"
"P.O. DA DET GR3","119980.00"
"SERGEANT-","118056.00"
"POLICE OFFICER","109352.00"
"POLICE OFFICER","109352.00"
"SERGEANT-","96477.00"
"P.O. DA DET GR3","119248.00"
"P.O. DET SPEC","119429.00"
"P.O. DET SPEC","119248.00"
"POLICE OFFICER","105146.00"
"POLICE OFFICER","109352.00"
"POLICE OFFICER","109352.00"
"P.O. DA DET GR3","119980.00"
"POLICE OFFICER","109352.00"
"LIEUTENANT","141943.00"
"POLICE OFFICER","109352.00"
"P.O. DA DET GR3","119980.00"
"LIEUTENANT","141943.00"
"POLICE OFFICER","109352.00"
"P.O. DET SPEC","119314.00"
"POLICE OFFICER","109352.00"
"POLICE OFFICER","109352.00"
"SERGEANT-","118056.00"
"POLICE OFFICER","109352.00"
"POLICE OFFICER","109352.00"
"POLICE OFFICER","109352.00"
"SERGEANT-","118056.00"
"POLICE OFFICER","109352.00"
"POLICE OFFICER","109352.00"
"P.O. DET SPEC","119314.00"
"POLICE OFFICER","109352.00"
"SERGEANT-","105606.00"
"SERGEANT-","115016.00"
"P.O. DA DET GR3","119980.00"
"POLICE OFFICER","109352.00"
"POLICE OFFICER","109352.00"
"POLICE OFFICER","109352.00"
"SERGEANT-","118056.00"
"LIEUTENANT","141684.00"
"POLICE OFFICER","105146.00"
"POLICE OFFICER","109352.00"
"CRIME ANALYST","63667.00"
"SERGEANT-","97894.00"
"POLICE OFFICER","109352.00"
"SERGEANT-","96477.00"
"POLICE OFFICER","109352.00"
"SERGEANT-","118056.00"
"SERGEANT-","97894.00"
"SERGEANT-","96477.00"
"POLICE OFFICER","109352.00"
"SERGEANT-","118056.00"
"SCHOOL CROSSING GUARD","44533.00"
"SERGEANT-","118056.00"
"POLICE OFFICER","109352.00"
"P.O. DA DET GR3","119248.00"
"POLICE OFFICER","109352.00"
"LIEUTENANT","141684.00"
"POLICE OFFICER","109352.00"
"POLICE OFFICER","109352.00"
"SERGEANT-","115016.00"
"P.O. DA DET GR3","119980.00"
"POLICE OFFICER","109352.00"
"SERGEANT-","96477.00"
"POLICE OFFICER","109352.00"
"POLICE OFFICER","109352.00"
"SERGEANT-","118056.00"
"LIEUTENANT","141943.00"
"POLICE OFFICER","109352.00"
"POLICE OFFICER","109352.00"
"P.O. DA DET GR3","119248.00"
"SERGEANT-","118056.00"
"POLICE OFFICER","109352.00"
"SERGEANT-","118056.00"
"POLICE OFFICER","109352.00"
"POLICE OFFICER","109352.00"
"POLICE OFFICER","109352.00"
"POLICE OFFICER","109352.00"
"P.O. DA DET GR3","119429.00"
"POLICE OFFICER","109352.00"
"P.O. DA DET GR3","119314.00"
"POLICE OFFICER","109352.00"
"SERGEANT-","96477.00"
"P.O. DA DET GR3","119980.00"
"POLICE OFFICER","109352.00"
"SERGEANT-","118056.00"
"POLICE OFFICER","109352.00"
"POLICE OFFICER","105146.00"
"POLICE OFFICER","109352.00"
"SERGEANT-","96477.00"
"SERGEANT-","105606.00"
"P.O. DA DET GR3","119248.00"
"P.O. DA DET GR3","119314.00"
"POLICE OFFICER","109352.00"
"POLICE OFFICER","109352.00"
"POLICE OFFICER","109352.00"
"POLICE OFFICER","109352.00"
"LIEUTENANT","141684.00"
"P.O. DA DET GR3","119980.00"
"SERGEANT-","105606.00"
"SERGEANT-","97894.00"
"POLICE OFFICER","109352.00"
"POLICE OFFICER","109352.00"
"POLICE OFFICER","109352.00"
"LIEUTENANT","141943.00"
"POLICE OFFICER","109352.00"
"POLICE OFFICER","109352.00"
"POLICE OFFICER","109352.00"
"POLICE OFFICER","109352.00"
"SERGEANT-","97894.00"
"P.O. DET SPEC","119248.00"
"P.O. DET SPEC","119980.00"
"POLICE OFFICER","109352.00"
"POLICE OFFICER","109352.00"
"SERGEANT-","118056.00"
"POLICE OFFICER","109352.00"
"POLICE OFFICER","109352.00"
"P.O. DET SPEC","119314.00"
"POLICE OFFICER","109352.00"
"POLICE OFFICER","109352.00"
"SERGEANT-","118056.00"
"SERGEANT-","118056.00"
"POLICE OFFICER","109352.00"
"SERGEANT-","97894.00"
"SERGEANT-","118056.00"
"P.O. DA DET GR3","119980.00"
"POLICE OFFICER","109352.00"
"POLICE OFFICER","109352.00"
"P.O. DA DET GR3","119980.00"
"POLICE OFFICER","109352.00"
"LIEUTENANT","141943.00"
"POLICE OFFICER","109352.00"
"TRAFFIC ENFORCEMENT AGENT","53985.00"
"TRAFFIC ENFORCEMENT AGENT","53985.00"
"TRAFFIC ENFORCEMENT AGENT","53985.00"
"POLICE OFFICER","109352.00"
"P.O. DA DET GR3","119248.00"
"TRAFFIC ENFORCEMENT AGENT","53985.00"
"POLICE OFFICER","109352.00"
"TRAFFIC ENFORCEMENT AGENT","52413.00"
"TRAFFIC ENFORCEMENT AGENT","53985.00"
"TRAFFIC ENFORCEMENT AGENT","53985.00"
"TRAFFIC ENFORCEMENT AGENT","53985.00"
"POLICE OFFICER","57976.00"
"PARALEGAL AIDE","43709.00"
"POLICE OFFICER","55942.00"
"ASSISTANT PRINTING PRESS OPERATOR","69320.00"
"STOCK WORKER","46930.00"
"GRAPHIC ARTIST","68377.00"
"POLICE OFFICER","55942.00"
"IT SECURITY SPECIALIST","136923.00"
"POLICE OFFICER","109352.00"
"SERGEANT-","105606.00"
"POLICE OFFICER","109352.00"
"POLICE OFFICER","109352.00"
"POLICE OFFICER","109352.00"
"POLICE OFFICER","109352.00"
"POLICE OFFICER","109352.00"
"P.O. DA DET GR3","115390.00"
"SERGEANT-","118056.00"
"POLICE OFFICER","109352.00"
"POLICE OFFICER","109352.00"
"POLICE OFFICER","109352.00"
"P.O. DA DET GR3","119980.00"
"P.O. DA DET GR3","119980.00"
"SERGEANT-","118056.00"
"P.O. DET SPEC","119980.00"
"POLICE OFFICER","109352.00"
"POLICE OFFICER","109352.00"
"P.O. DA DET GR3","119980.00"
"POLICE OFFICER","109352.00"
"P.O. DET SPEC","119980.00"
"POLICE OFFICER","109352.00"
"SERGEANT-","118056.00"
"SERGEANT-","118056.00"
"POLICE OFFICER","109352.00"
"POLICE OFFICER","109352.00"
"POLICE OFFICER","109352.00"
"POLICE OFFICER","109352.00"
"POLICE OFFICER","109352.00"
"POLICE OFFICER","109352.00"
"SERGEANT-","118056.00"
"POLICE OFFICER","109352.00"
"POLICE OFFICER","109352.00"
"POLICE OFFICER","109352.00"
"POLICE OFFICER","109352.00"
"P.O. DA DET GR3","119980.00"
"POLICE OFFICER","109352.00"
"POLICE OFFICER","109352.00"
"POLICE OFFICER","109352.00"
"P.O. DA DET GR3","119429.00"
"P.O. DA DET GR3","119248.00"
"POLICE OFFICER","109352.00"
"POLICE OFFICER","109352.00"
"POLICE OFFICER","109352.00"
"POLICE OFFICER","109352.00"
"P.O. DA DET GR3","119429.00"
"P.O. DA DET GR3","119429.00"
"P.O. DA DET GR3","119980.00"
"POLICE OFFICER","109352.00"
"P.O. DA DET GR3","119429.00"
"POLICE OFFICER","109352.00"
"POLICE OFFICER","109352.00"
"POLICE OFFICER","109352.00"
"POLICE OFFICER","109352.00"
"POLICE OFFICER","109352.00"
"POLICE OFFICER","109352.00"
"POLICE OFFICER","109352.00"
"POLICE OFFICER","109352.00"
"POLICE OFFICER","109352.00"
"SERGEANT-","118056.00"
"POLICE OFFICER","109352.00"
"POLICE OFFICER","109352.00"
"P.O. DA DET GR3","119980.00"
"POLICE OFFICER","109352.00"
"POLICE OFFICER","109352.00"
"POLICE OFFICER","109352.00"
"POLICE OFFICER","109352.00"
"POLICE OFFICER","109352.00"
"P.O. DA DET GR3","119429.00"
"SERGEANT-","105606.00"
"POLICE OFFICER","109352.00"
"SERGEANT-","105606.00"
"POLICE OFFICER","109352.00"
"POLICE OFFICER","109352.00"
"POLICE OFFICER","109352.00"
"SERGEANT-","118056.00"
"POLICE OFFICER","109352.00"
"POLICE OFFICER","109352.00"
"POLICE OFFICER","109352.00"
"POLICE OFFICER","109352.00"
"P.O. DA DET GR3","119980.00"
"POLICE OFFICER","109352.00"
"POLICE OFFICER","109352.00"
"POLICE OFFICER","109352.00"
"POLICE OFFICER","109352.00"
"POLICE OFFICER","109352.00"
"POLICE OFFICER","109352.00"
"P.O. DET SPEC","119429.00"
"POLICE OFFICER","109352.00"
"P.O. DA DET GR3","119314.00"
"P.O. DA DET GR3","119980.00"
"SERGEANT-","118056.00"
"POLICE OFFICER","109352.00"
"SERGEANT-","118056.00"
"POLICE OFFICER","109352.00"
"POLICE OFFICER","109352.00"
"SERGEANT-","118056.00"
"POLICE OFFICER","109352.00"
"POLICE OFFICER","109352.00"
"POLICE OFFICER","109352.00"
"POLICE OFFICER","109352.00"
"POLICE OFFICER","109352.00"
"SERGEANT-","118056.00"
"POLICE OFFICER","109352.00"
"POLICE OFFICER","109352.00"
"POLICE OFFICER","109352.00"
"P.O. DA DET GR3","119980.00"
"POLICE OFFICER","109352.00"
"POLICE OFFICER","109352.00"
"POLICE OFFICER","109352.00"
"P.O. DET SPEC","119980.00"
"POLICE OFFICER","109352.00"
"POLICE OFFICER","109352.00"
"P.O. DA DET GR3","119314.00"
"POLICE OFFICER","109352.00"
"SERGEANT-","118056.00"
"P.O. DA DET GR3","119980.00"
"P.O. DA DET GR3","119980.00"
"SERGEANT-","118056.00"
"P.O. DA DET GR3","119248.00"
"POLICE OFFICER","109352.00"
"P.O. DA DET GR3","119980.00"
"POLICE OFFICER","109352.00"
"POLICE OFFICER","109352.00"
"POLICE OFFICER","109352.00"
"SERGEANT-","118056.00"
"POLICE OFFICER","109352.00"
"POLICE OFFICER","109352.00"
"P.O. DA DET GR3","119429.00"
"POLICE OFFICER","109352.00"
"POLICE OFFICER","109352.00"
"POLICE OFFICER","109352.00"
"P.O. DA DET GR3","119980.00"
"POLICE OFFICER","109352.00"
"SERGEANT-","118056.00"
"POLICE OFFICER","109352.00"
"POLICE OFFICER","109352.00"
"POLICE OFFICER","109352.00"
"POLICE OFFICER","109352.00"
"POLICE OFFICER","109352.00"
"POLICE OFFICER","109352.00"
"POLICE OFFICER","109352.00"
"POLICE OFFICER","109352.00"
"POLICE OFFICER","109352.00"
"P.O. DA DET GR3","119980.00"
"SERGEANT-","118056.00"
"P.O. DA DET GR3","119314.00"
"P.O. DA DET GR3","119980.00"
"P.O. DET SPEC","119980.00"
"SERGEANT-","105606.00"
"POLICE OFFICER","109352.00"
"POLICE OFFICER","109352.00"
"POLICE OFFICER","109352.00"
"POLICE OFFICER","109352.00"
"POLICE OFFICER","109352.00"
"POLICE OFFICER","109352.00"
"POLICE OFFICER","109352.00"
"POLICE OFFICER","109352.00"
"P.O. DA DET GR3","119980.00"
"POLICE OFFICER","109352.00"
"P.O. DA DET GR3","119980.00"
"P.O. DA DET GR3","119314.00"
"P.O. DA DET GR3","119980.00"
"POLICE OFFICER","109352.00"
"P.O. DET SPEC","119980.00"
"POLICE OFFICER","109352.00"
"POLICE OFFICER","109352.00"
"P.O. DA DET GR3","119980.00"
"P.O. DA DET GR3","119314.00"
"POLICE OFFICER","109352.00"
"POLICE OFFICER","109352.00"
"SERGEANT-","118056.00"
"POLICE OFFICER","109352.00"
"POLICE OFFICER","109352.00"
"POLICE OFFICER","109352.00"
"POLICE OFFICER","109352.00"
"POLICE OFFICER","109352.00"
"P.O. DA DET GR3","119429.00"
"SERGEANT-","118056.00"
"POLICE OFFICER","109352.00"
"P.O. DA DET GR3","119980.00"
"POLICE OFFICER","109352.00"
"P.O. DA DET GR3","119248.00"
"POLICE OFFICER","109352.00"
"POLICE OFFICER","109352.00"
"POLICE OFFICER","109352.00"
"SERGEANT-","118056.00"
"POLICE OFFICER","109352.00"
"SERGEANT-","118056.00"
"SERGEANT-","118056.00"
"POLICE OFFICER","109352.00"
"POLICE OFFICER","105146.00"
"P.O. DET SPEC","119980.00"
"POLICE OFFICER","109352.00"
"POLICE OFFICER","109352.00"
"POLICE OFFICER","109352.00"
"P.O. DA DET GR3","119980.00"
"POLICE OFFICER","109352.00"
"SERGEANT-","118056.00"
"SERGEANT-","118056.00"
"SERGEANT-","118056.00"
"SERGEANT-","105606.00"
"POLICE OFFICER","109352.00"
"P.O. DET SPEC","119248.00"
"SERGEANT-","118056.00"
"POLICE OFFICER","109352.00"
"POLICE OFFICER","109352.00"
"POLICE OFFICER","109352.00"
"P.O. DA DET GR3","119980.00"
"POLICE OFFICER","109352.00"
"POLICE OFFICER","109352.00"
"POLICE OFFICER","109352.00"
"POLICE OFFICER","109352.00"
"POLICE OFFICER","109352.00"
"POLICE OFFICER","109352.00"
"POLICE OFFICER","109352.00"
"POLICE OFFICER","109352.00"
"POLICE OFFICER","109352.00"
"POLICE OFFICER","109352.00"
"P.O. DA DET GR3","119980.00"
"POLICE OFFICER","109352.00"
"POLICE OFFICER","109352.00"
"SERGEANT-","105606.00"
"POLICE OFFICER","109352.00"
"P.O. DA DET GR3","119980.00"
"POLICE OFFICER","109352.00"
"POLICE OFFICER","109352.00"
"P.O. DA DET GR3","119980.00"
"POLICE OFFICER","109352.00"
"POLICE OFFICER","109352.00"
"SERGEANT-","118056.00"
"POLICE OFFICER","109352.00"
"SERGEANT-","118056.00"
"POLICE OFFICER","109352.00"
"POLICE OFFICER","109352.00"
"POLICE OFFICER","109352.00"
"POLICE OFFICER","109352.00"
"POLICE OFFICER","109352.00"
"POLICE OFFICER","109352.00"
"POLICE OFFICER","109352.00"
"POLICE OFFICER","109352.00"
"POLICE OFFICER","109352.00"
"POLICE OFFICER","109352.00"
"P.O. DA DET GR3","115923.00"
"P.O. DA DET GR3","119314.00"
"SERGEANT-","118056.00"
"P.O. DA DET GR3","119980.00"
"POLICE OFFICER D/A DETECTIVE 2ND GR","134819.00"
"POLICE OFFICER","109352.00"
"POLICE OFFICER","109352.00"
"POLICE OFFICER","109352.00"
"POLICE OFFICER","109352.00"
"POLICE OFFICER","109352.00"
"POLICE OFFICER","109352.00"
"P.O. DET SPEC","119980.00"
"SERGEANT-","118056.00"
"SERGEANT-","105606.00"
"POLICE OFFICER","109352.00"
"POLICE OFFICER","109352.00"
"SERGEANT-","105606.00"
"POLICE OFFICER","109352.00"
"POLICE OFFICER","109352.00"
"SERGEANT-","118056.00"
"POLICE OFFICER","109352.00"
"POLICE OFFICER","109352.00"
"SERGEANT-","118056.00"
"POLICE OFFICER","109352.00"
"POLICE OFFICER","109352.00"
"POLICE OFFICER","109352.00"
"P.O. DA DET GR3","119980.00"
"P.O. DA DET GR3","119980.00"
"POLICE OFFICER","109352.00"
"POLICE OFFICER","109352.00"
"POLICE OFFICER","109352.00"
"P.O. DA DET GR3","119314.00"
"POLICE OFFICER","109352.00"
"POLICE OFFICER","109352.00"
"POLICE OFFICER","109352.00"
"SERGEANT-","118056.00"
"POLICE OFFICER","109352.00"
"SERGEANT-","118056.00"
"POLICE OFFICER","109352.00"
"POLICE OFFICER","109352.00"
"POLICE OFFICER","109352.00"
"P.O. DA DET GR3","119248.00"
"P.O. DA DET GR3","119429.00"
"SERGEANT-","118056.00"
"POLICE OFFICER","109352.00"
"POLICE OFFICER","109352.00"
"POLICE OFFICER","109352.00"
"POLICE OFFICER","109352.00"
"POLICE OFFICER","109352.00"
"P.O. DA DET GR3","119980.00"
"POLICE OFFICER","109352.00"
"POLICE OFFICER","109352.00"
"SERGEANT-","118056.00"
"POLICE OFFICER","109352.00"
"POLICE OFFICER","109352.00"
"POLICE OFFICER","109352.00"
"P.O. DET SPEC","119980.00"
"P.O. DA DET GR3","119248.00"
"POLICE OFFICER","109352.00"
"POLICE OFFICER","109352.00"
"SERGEANT-","118056.00"
"P.O. DA DET GR3","119980.00"
"P.O. DA DET GR3","119429.00"
"POLICE OFFICER","109352.00"
"POLICE OFFICER","109352.00"
"SERGEANT-","118056.00"
"POLICE OFFICER","109352.00"
"SERGEANT-","118056.00"
"P.O. DA DET GR3","119980.00"
"POLICE OFFICER","109352.00"
"SERGEANT-","118056.00"
"SERGEANT-","118056.00"
"POLICE OFFICER","109352.00"
"POLICE OFFICER","109352.00"
"POLICE OFFICER","109352.00"
"POLICE OFFICER","109352.00"
"POLICE OFFICER","109352.00"
"POLICE OFFICER","109352.00"
"SERGEANT-","105606.00"
"POLICE OFFICER","109352.00"
"P.O. DA DET GR3","119980.00"
"POLICE OFFICER","109352.00"
"POLICE OFFICER","109352.00"
"POLICE OFFICER","109352.00"
"SERGEANT-","118056.00"
"POLICE OFFICER","59065.00"
"TRAFFIC ENFORCEMENT AGENT","47621.00"
"TRAFFIC ENFORCEMENT AGENT","53985.00"
"MANAGER OF RADIO REPAIR OPERATIONS","159347.00"
"MANAGEMENT AUDITOR","80923.00"
"POLICE OFFICER","109352.00"
"POLICE COMMUNICATIONS TECHNICIAN","57805.00"
"P.O. DA DET GR3","119248.00"
"POLICE OFFICER","109352.00"
"POLICE OFFICER","109352.00"
"SERGEANT-","118056.00"
"P.O. DA DET GR3","119314.00"
"SERGEANT-","118056.00"
"POLICE OFFICER","109352.00"
"POLICE OFFICER","109352.00"
"POLICE OFFICER","109352.00"
"POLICE OFFICER","105146.00"
"P.O. DA DET GR3","119248.00"
"POLICE OFFICER","109352.00"
"POLICE OFFICER","109352.00"
"SERGEANT-","118056.00"
"POLICE OFFICER","109352.00"
"POLICE OFFICER","109352.00"
"P.O. DA DET GR3","119248.00"
"P.O. DA DET GR3","119429.00"
"POLICE OFFICER","109352.00"
"POLICE OFFICER","109352.00"
"SERGEANT-","118056.00"
"SERGEANT-","118056.00"
"POLICE OFFICER","109352.00"
"POLICE OFFICER","109352.00"
"POLICE OFFICER","109352.00"
"POLICE OFFICER","109352.00"
"POLICE OFFICER","109352.00"
"POLICE OFFICER","109352.00"
"POLICE OFFICER","109352.00"
"SERGEANT-","118056.00"
"POLICE OFFICER","109352.00"
"P.O. DA DET GR3","119248.00"
"SERGEANT-","105606.00"
"POLICE OFFICER","109352.00"
"SERGEANT-","118056.00"
"POLICE OFFICER","109352.00"
"POLICE OFFICER","109352.00"
"SERGEANT-","118056.00"
"POLICE OFFICER","109352.00"
"POLICE OFFICER","109352.00"
"POLICE OFFICER","109352.00"
"SERGEANT-","118056.00"
"POLICE OFFICER","109352.00"
"POLICE OFFICER","109352.00"
"POLICE OFFICER","109352.00"
"P.O. DA DET GR3","119980.00"
"POLICE OFFICER","109352.00"
"POLICE OFFICER","109352.00"
"P.O. DA DET GR3","119248.00"
"POLICE OFFICER","55942.00"
"P.O. DET SPEC","119429.00"
"SERGEANT-","118056.00"
"POLICE OFFICER","109352.00"
"POLICE OFFICER","109352.00"
"SERGEANT-","118056.00"
"POLICE OFFICER","109352.00"
"P.O. DA DET GR3","119980.00"
"POLICE OFFICER","109352.00"
"SERGEANT-","118056.00"
"POLICE OFFICER","109352.00"
"SERGEANT-","118056.00"
"POLICE OFFICER","109352.00"
"POLICE OFFICER","109352.00"
"SERGEANT-","105606.00"
"SERGEANT-","118056.00"
"POLICE OFFICER","109352.00"
"SERGEANT-","118056.00"
"POLICE OFFICER","109352.00"
"SCHOOL SAFETY AGENT","56508.00"
"POLICE OFFICER","109352.00"
"CITY RESEARCH SCIENTIST","100904.00"
"CITY RESEARCH SCIENTIST","133954.00"
"MOTOR VEHICLE OPERATOR","58020.00"
"POLICE OFFICER","65387.00"
"POLICE OFFICER","109352.00"
"INVESTIGATOR","55437.00"
"POLICE ADMINISTRATIVE AIDE","40956.00"
"SCHOOL SAFETY AGENT","56508.00"
"EXECUTIVE AGENCY COUNSEL","161111.00"
"SCHOOL SAFETY AGENT","56508.00"
"POLICE ADMINISTRATIVE AIDE","48631.00"
"POLICE ADMINISTRATIVE AIDE","48631.00"
"P.O. DET SPEC","119248.00"
"POLICE OFFICER","55942.00"
"POLICE OFFICER","109352.00"
"POLICE OFFICER","109352.00"
"POLICE OFFICER","109352.00"
"POLICE OFFICER","109352.00"
"POLICE OFFICER","109352.00"
"POLICE OFFICER","109352.00"
"POLICE OFFICER","109352.00"
"POLICE OFFICER","109352.00"
"POLICE OFFICER","109352.00"
"POLICE OFFICER","109352.00"
"POLICE OFFICER","109352.00"
"POLICE OFFICER","109352.00"
"SERGEANT-","118056.00"
"POLICE OFFICER","109352.00"
"POLICE OFFICER","109352.00"
"POLICE OFFICER","109352.00"
"POLICE COMMUNICATIONS TECHNICIAN","45704.00"
"SERGEANT-","118056.00"
"POLICE OFFICER","109352.00"
"POLICE OFFICER","109352.00"
"POLICE OFFICER","109352.00"
"POLICE OFFICER","109352.00"
"POLICE OFFICER","109352.00"
"POLICE OFFICER","109352.00"
"POLICE OFFICER","109352.00"
"POLICE ADMINISTRATIVE AIDE","48631.00"
"POLICE COMMUNICATIONS TECHNICIAN","61883.00"
"POLICE OFFICER","55942.00"
"TRAFFIC ENFORCEMENT AGENT","43776.00"
"EVIDENCE AND PROPERTY CONTROL SPECIALIST","65303.00"
"CITY RESEARCH SCIENTIST","132934.00"
"POLICE OFFICER","65387.00"
"P.O. DA DET GR3","119980.00"
"POLICE OFFICER","109352.00"
"POLICE COMMUNICATIONS TECHNICIAN","61883.00"
"P.O. DA DET GR3","119429.00"
"TRAFFIC ENFORCEMENT AGENT","49205.00"
"POLICE COMMUNICATIONS TECHNICIAN","47222.00"
"TRAFFIC ENFORCEMENT AGENT","46726.00"
"POLICE OFFICER","109352.00"
"POLICE COMMUNICATIONS TECHNICIAN","45704.00"
"POLICE OFFICER","57976.00"
"CITY RESEARCH SCIENTIST","127713.00"
"POLICE COMMUNICATIONS TECHNICIAN","55985.00"
"POLICE OFFICER","60363.00"
"POLICE OFFICER","62872.00"
"POLICE OFFICER","65387.00"
"POLICE OFFICER","109352.00"
"POLICE OFFICER","109352.00"
"SCHOOL SAFETY AGENT","41840.00"
"POLICE COMMUNICATIONS TECHNICIAN","45704.00"
"P.O. DA DET GR3","119314.00"
"POLICE OFFICER","55942.00"
"COMPUTER SYSTEMS MANAGER","236400.00"
"POLICE OFFICER","57976.00"
"TRAFFIC ENFORCEMENT AGENT","48769.00"
"POLICE OFFICER","109352.00"
"EXECUTIVE AGENCY COUNSEL","154875.00"
"SCHOOL SAFETY AGENT","43093.00"
"POLICE COMMUNICATIONS TECHNICIAN","57805.00"
"CASHIER","42288.00"
"ADMINISTRATIVE PSYCHOLOGIST","159923.00"
"MANAGEMENT AUDITOR","82753.00"
"POLICE OFFICER","109352.00"
"SCHOOL SAFETY AGENT","40502.00"
"POLICE OFFICER","109352.00"
"TRAFFIC ENFORCEMENT AGENT","53985.00"
"IT PROJECT SPECIALIST","154868.00"
"POLICE OFFICER","109352.00"
"POLICE OFFICER","60363.00"
"POLICE OFFICER","109352.00"
"POLICE OFFICER","109352.00"
"TRAFFIC ENFORCEMENT AGENT","53985.00"
"TRAFFIC ENFORCEMENT AGENT","53985.00"
"POLICE OFFICER","109352.00"
"EVIDENCE AND PROPERTY CONTROL SPECIALIST","65303.00"
"POLICE OFFICER","109352.00"
"POLICE OFFICER","109352.00"
"ASSOCIATE TRAFFIC ENFORCEMENT AGENT","57817.00"
"ASSOCIATE TRAFFIC ENFORCEMENT AGENT","54498.00"
"TRAFFIC ENFORCEMENT AGENT","49830.00"
"TRAFFIC ENFORCEMENT AGENT","53985.00"
"TRAFFIC ENFORCEMENT AGENT","53985.00"
"ASSOCIATE TRAFFIC ENFORCEMENT AGENT","57817.00"
"TRAFFIC ENFORCEMENT AGENT","45089.00"
"POLICE OFFICER","109352.00"
"POLICE OFFICER","109352.00"
"TRAFFIC ENFORCEMENT AGENT","53985.00"
"TRAFFIC ENFORCEMENT AGENT","49830.00"
"TRAFFIC ENFORCEMENT AGENT","49830.00"
"SCHOOL SAFETY AGENT","54862.00"
"TRAFFIC ENFORCEMENT AGENT","54875.00"
"TRAFFIC ENFORCEMENT AGENT","53985.00"
"TRAFFIC ENFORCEMENT AGENT","53985.00"
"TRAFFIC ENFORCEMENT AGENT","53985.00"
"POLICE OFFICER","109352.00"
"TRAFFIC ENFORCEMENT AGENT","41493.00"
"TRAFFIC ENFORCEMENT AGENT","53985.00"
"POLICE OFFICER","59065.00"
"POLICE OFFICER","109352.00"
"POLICE OFFICER","109352.00"
"TRAFFIC ENFORCEMENT AGENT","53985.00"
"POLICE OFFICER","109352.00"
"EVIDENCE AND PROPERTY CONTROL SPECIALIST","65303.00"
"POLICE OFFICER","109352.00"
"POLICE OFFICER","109352.00"
"TRAFFIC ENFORCEMENT AGENT","57159.00"
"TRAFFIC ENFORCEMENT AGENT","49830.00"
"ASSOCIATE TRAFFIC ENFORCEMENT AGENT","57817.00"
"POLICE OFFICER","60363.00"
"ASSOCIATE TRAFFIC ENFORCEMENT AGENT","57817.00"
"TRAFFIC ENFORCEMENT AGENT","53985.00"
"ASSOCIATE TRAFFIC ENFORCEMENT AGENT","57817.00"
"TRAFFIC ENFORCEMENT AGENT","53985.00"
"TRAFFIC ENFORCEMENT AGENT","53985.00"
"POLICE OFFICER","57976.00"
"TRAFFIC ENFORCEMENT AGENT","53985.00"
"POLICE OFFICER","109352.00"
"TRAFFIC ENFORCEMENT AGENT","53985.00"
"SENIOR POLICE ADMINISTRATIVE AIDE","58707.00"
"TRAFFIC ENFORCEMENT AGENT","53985.00"
"TRAFFIC ENFORCEMENT AGENT","49830.00"
"P.O. DET SPEC","119314.00"
"TRAFFIC ENFORCEMENT AGENT","53985.00"
"TRAFFIC ENFORCEMENT AGENT","53985.00"
"TRAFFIC ENFORCEMENT AGENT","53985.00"
"ASSOCIATE TRAFFIC ENFORCEMENT AGENT","57817.00"
"TRAFFIC ENFORCEMENT AGENT","53985.00"
"TRAFFIC ENFORCEMENT AGENT","53985.00"
"TRAFFIC ENFORCEMENT AGENT","49815.00"
"SUPERVISOR OF RADIO REPAIR OPERATIONS","142273.00"
"TRAFFIC ENFORCEMENT AGENT","53985.00"
"POLICE OFFICER","53790.00"
"POLICE OFFICER","59065.00"
"SERGEANT-","118056.00"
"POLICE COMMUNICATIONS TECHNICIAN","61883.00"
"POLICE COMMUNICATIONS TECHNICIAN","61883.00"
"SENIOR POLICE ADMINISTRATIVE AIDE","58707.00"
"POLICE COMMUNICATIONS TECHNICIAN","61883.00"
"POLICE COMMUNICATIONS TECHNICIAN","61883.00"
"POLICE COMMUNICATIONS TECHNICIAN","61883.00"
"POLICE OFFICER","57976.00"
"POLICE OFFICER","109352.00"
"POLICE COMMUNICATIONS TECHNICIAN","61883.00"
"SUPERVISING POLICE COMMUNICATIONS TECHNICIAN","73159.00"
"POLICE COMMUNICATIONS TECHNICIAN","61883.00"
"POLICE COMMUNICATIONS TECHNICIAN","61883.00"
"POLICE COMMUNICATIONS TECHNICIAN","61883.00"
"POLICE COMMUNICATIONS TECHNICIAN","61883.00"
"POLICE COMMUNICATIONS TECHNICIAN","57805.00"
"POLICE COMMUNICATIONS TECHNICIAN","61883.00"
"POLICE COMMUNICATIONS TECHNICIAN","61883.00"
"POLICE COMMUNICATIONS TECHNICIAN","61883.00"
"POLICE OFFICER","109352.00"
"SCHOOL SAFETY AGENT","56508.00"
"TRAFFIC ENFORCEMENT AGENT","49830.00"
"P.O. DA DET GR3","115923.00"
"POLICE OFFICER","109352.00"
"POLICE OFFICER","109352.00"
"SERGEANT-","118056.00"
"POLICE OFFICER","109352.00"
"SERGEANT-","118056.00"
"POLICE OFFICER","109352.00"
"POLICE OFFICER","109352.00"
"POLICE OFFICER","109352.00"
"POLICE OFFICER","109352.00"
"SERGEANT-","105606.00"
"POLICE OFFICER","109352.00"
"POLICE OFFICER","109352.00"
"POLICE OFFICER","109352.00"
"SERGEANT-","118056.00"
"POLICE OFFICER","109352.00"
"POLICE OFFICER","109352.00"
"POLICE OFFICER","109352.00"
"POLICE OFFICER","109352.00"
"SERGEANT-","118056.00"
"P.O. DA DET GR3","119314.00"
"POLICE OFFICER","109352.00"
"POLICE OFFICER","109352.00"
"P.O. DA DET GR3","119429.00"
"POLICE OFFICER","109352.00"
"POLICE OFFICER","109352.00"
"POLICE OFFICER","109352.00"
"POLICE OFFICER","109352.00"
"P.O. DA DET GR3","119980.00"
"POLICE OFFICER","109352.00"
"POLICE OFFICER","109352.00"
"POLICE OFFICER","109352.00"
"P.O. DA DET GR3","119980.00"
"SERGEANT-","105606.00"
"SERGEANT-","118056.00"
"POLICE OFFICER","109352.00"
"POLICE OFFICER","109352.00"
"POLICE OFFICER","109352.00"
"POLICE OFFICER","109352.00"
"SERGEANT-","118056.00"
"POLICE OFFICER","109352.00"
"POLICE OFFICER","109352.00"
"POLICE OFFICER","109352.00"
"POLICE OFFICER","109352.00"
"P.O. DA DET GR3","119429.00"
"SERGEANT-","118056.00"
"POLICE OFFICER","109352.00"
"POLICE OFFICER","109352.00"
"POLICE OFFICER","109352.00"
"POLICE OFFICER","109352.00"
"POLICE OFFICER","109352.00"
"POLICE OFFICER","109352.00"
"POLICE OFFICER","109352.00"
"POLICE OFFICER","109352.00"
"POLICE OFFICER","109352.00"
"POLICE OFFICER","109352.00"
"POLICE OFFICER","109352.00"
"SERGEANT-","118056.00"
"P.O. DA DET GR3","119980.00"
"SERGEANT-","118056.00"
"POLICE OFFICER","109352.00"
"SERGEANT-","105606.00"
"POLICE OFFICER","109352.00"
"POLICE OFFICER","109352.00"
"POLICE OFFICER","109352.00"
"POLICE OFFICER","109352.00"
"POLICE OFFICER","109352.00"
"POLICE OFFICER","109352.00"
"POLICE OFFICER","109352.00"
"POLICE OFFICER","109352.00"
"POLICE OFFICER","109352.00"
"POLICE OFFICER","109352.00"
"SERGEANT-","118056.00"
"P.O. DA DET GR3","119980.00"
"POLICE OFFICER","109352.00"
"POLICE OFFICER","109352.00"
"POLICE OFFICER","109352.00"
"POLICE OFFICER","109352.00"
"POLICE OFFICER","109352.00"
"POLICE OFFICER","109352.00"
"POLICE OFFICER","109352.00"
"POLICE OFFICER","109352.00"
"SERGEANT-","118056.00"
"P.O. DA DET GR3","119429.00"
"SERGEANT-","118056.00"
"POLICE OFFICER","109352.00"
"POLICE OFFICER","109352.00"
"POLICE OFFICER","109352.00"
"POLICE OFFICER","109352.00"
"POLICE OFFICER D/A DETECTIVE 2ND GR","134819.00"
"POLICE OFFICER","109352.00"
"POLICE OFFICER","109352.00"
"POLICE OFFICER","109352.00"
"P.O. DA DET GR3","115923.00"
"SERGEANT-","118056.00"
"POLICE OFFICER","109352.00"
"POLICE OFFICER","109352.00"
"POLICE OFFICER","109352.00"
"POLICE OFFICER","109352.00"
"POLICE OFFICER","109352.00"
"POLICE OFFICER","109352.00"
"POLICE OFFICER","109352.00"
"SERGEANT-","118056.00"
"SERGEANT-","118056.00"
"POLICE OFFICER","109352.00"
"POLICE OFFICER","109352.00"
"POLICE OFFICER","109352.00"
"POLICE OFFICER","105146.00"
"POLICE OFFICER","109352.00"
"POLICE OFFICER","109352.00"
"POLICE OFFICER","109352.00"
"POLICE OFFICER","109352.00"
"P.O. DA DET GR3","119314.00"
"P.O. DA DET GR3","119314.00"
"POLICE OFFICER","109352.00"
"P.O. DA DET GR3","119248.00"
"SERGEANT-","118056.00"
"SERGEANT-","118056.00"
"POLICE OFFICER","109352.00"
"POLICE OFFICER","109352.00"
"POLICE OFFICER","109352.00"
"SERGEANT-","118056.00"
"P.O. DA DET GR3","119429.00"
"POLICE OFFICER","109352.00"
"P.O. DET SPEC","119314.00"
"POLICE OFFICER","109352.00"
"POLICE OFFICER","109352.00"
"POLICE OFFICER","109352.00"
"POLICE OFFICER","109352.00"
"POLICE OFFICER","109352.00"
"POLICE OFFICER","109352.00"
"P.O. DA DET GR3","119314.00"
"P.O. DA DET GR3","115923.00"
"SERGEANT-","105606.00"
"POLICE OFFICER","109352.00"
"POLICE OFFICER","109352.00"
"POLICE OFFICER","109352.00"
"POLICE OFFICER","109352.00"
"P.O. DA DET GR3","119314.00"
"POLICE OFFICER","109352.00"
"POLICE OFFICER","109352.00"
"POLICE OFFICER","109352.00"
"POLICE OFFICER","109352.00"
"POLICE OFFICER","109352.00"
"POLICE OFFICER","109352.00"
"POLICE OFFICER","109352.00"
"POLICE OFFICER","109352.00"
"POLICE OFFICER","109352.00"
"P.O. DA DET GR3","119429.00"
"POLICE OFFICER","109352.00"
"POLICE OFFICER","109352.00"
"POLICE OFFICER","109352.00"
"P.O. DA DET GR3","119980.00"
"SERGEANT-","118056.00"
"POLICE OFFICER","109352.00"
"POLICE OFFICER","109352.00"
"POLICE OFFICER","109352.00"
"SERGEANT-","118056.00"
"POLICE OFFICER","109352.00"
"POLICE OFFICER","109352.00"
"POLICE OFFICER","109352.00"
"P.O. DA DET GR3","119248.00"
"POLICE OFFICER","109352.00"
"POLICE OFFICER","109352.00"
"SERGEANT-","118056.00"
"SERGEANT-","118056.00"
"POLICE OFFICER","109352.00"
"POLICE OFFICER","109352.00"
"POLICE OFFICER","109352.00"
"P.O. DA DET GR3","119248.00"
"POLICE OFFICER","109352.00"
"POLICE OFFICER","109352.00"
"POLICE OFFICER","109352.00"
"SERGEANT-","118056.00"
"POLICE OFFICER","109352.00"
"P.O. DA DET GR3","119429.00"
"POLICE OFFICER","105146.00"
"POLICE OFFICER","109352.00"
"SERGEANT-","118056.00"
"P.O. DA DET GR3","115923.00"
"POLICE OFFICER","109352.00"
"POLICE OFFICER","109352.00"
"POLICE OFFICER","109352.00"
"POLICE OFFICER","109352.00"
"POLICE OFFICER","109352.00"
"P.O. DA DET GR3","119429.00"
"POLICE OFFICER","109352.00"
"POLICE OFFICER","109352.00"
"POLICE OFFICER","109352.00"
"POLICE OFFICER","109352.00"
"POLICE OFFICER","109352.00"
"SERGEANT-","118056.00"
"POLICE OFFICER","109352.00"
"SERGEANT-","118056.00"
"P.O. DA DET GR3","119429.00"
"POLICE OFFICER","109352.00"
"POLICE OFFICER","109352.00"
"POLICE OFFICER","109352.00"
"P.O. DA DET GR3","119248.00"
"POLICE OFFICER","109352.00"
"POLICE OFFICER","109352.00"
"POLICE OFFICER","109352.00"
"SERGEANT-","118056.00"
"POLICE OFFICER","109352.00"
"POLICE OFFICER","109352.00"
"P.O. DA DET GR3","119980.00"
"SERGEANT-","118056.00"
"POLICE OFFICER","109352.00"
"SERGEANT-","118056.00"
"POLICE OFFICER","109352.00"
"POLICE OFFICER","109352.00"
"POLICE OFFICER","109352.00"
"P.O. DA DET GR3","119248.00"
"SERGEANT-","118056.00"
"POLICE OFFICER","109352.00"
"SERGEANT-","118056.00"
"POLICE OFFICER","109352.00"
"POLICE OFFICER","109352.00"
"POLICE OFFICER","109352.00"
"POLICE OFFICER","109352.00"
"P.O. DA DET GR3","119429.00"
"POLICE OFFICER","109352.00"
"P.O. DA DET GR3","119980.00"
"POLICE OFFICER","109352.00"
"P.O. DA DET GR3","119314.00"
"POLICE OFFICER","109352.00"
"POLICE OFFICER","109352.00"
"POLICE OFFICER","109352.00"
"P.O. DA DET GR3","119980.00"
"POLICE OFFICER","109352.00"
"POLICE OFFICER","109352.00"
"POLICE OFFICER","109352.00"
"POLICE OFFICER","109352.00"
"POLICE OFFICER","109352.00"
"P.O. DA DET GR3","119314.00"
"SERGEANT-","118056.00"
"P.O. DA DET GR3","119429.00"
"POLICE OFFICER D/A DETECTIVE 2ND GR","134819.00"
"SERGEANT-","118056.00"
"POLICE OFFICER","109352.00"
"POLICE OFFICER","109352.00"
"POLICE OFFICER","109352.00"
"SERGEANT-","118056.00"
"SERGEANT-","118056.00"
"POLICE OFFICER","109352.00"
"POLICE OFFICER","109352.00"
"SERGEANT-","105606.00"
"POLICE OFFICER","109352.00"
"SERGEANT-","118056.00"
"POLICE OFFICER","109352.00"
"SERGEANT-","118056.00"
"POLICE OFFICER","109352.00"
"POLICE OFFICER","109352.00"
"P.O. DA DET GR3","119429.00"
"POLICE OFFICER","109352.00"
"POLICE OFFICER","109352.00"
"POLICE OFFICER","109352.00"
"POLICE OFFICER","109352.00"
"P.O. DA DET GR3","119429.00"
"POLICE OFFICER","109352.00"
"POLICE OFFICER","109352.00"
"SERGEANT-","105606.00"
"POLICE OFFICER","109352.00"
"POLICE OFFICER","109352.00"
"POLICE OFFICER","109352.00"
"POLICE OFFICER","109352.00"
"POLICE OFFICER","109352.00"
"POLICE OFFICER","109352.00"
"POLICE OFFICER","109352.00"
"POLICE OFFICER","109352.00"
"POLICE OFFICER","109352.00"
"POLICE OFFICER","109352.00"
"POLICE OFFICER","109352.00"
"POLICE OFFICER","109352.00"
"POLICE OFFICER","109352.00"
"POLICE OFFICER","109352.00"
"P.O. DA DET GR3","119980.00"
"POLICE OFFICER D/A DETECTIVE 2ND GR","134819.00"
"POLICE OFFICER","109352.00"
"POLICE OFFICER","109352.00"
"POLICE OFFICER","109352.00"
"SERGEANT-","118056.00"
"POLICE OFFICER","109352.00"
"POLICE OFFICER","109352.00"
"SERGEANT-","118056.00"
"POLICE OFFICER","109352.00"
"POLICE OFFICER","109352.00"
"POLICE OFFICER","109352.00"
"POLICE OFFICER","109352.00"
"POLICE OFFICER","109352.00"
"POLICE OFFICER","109352.00"
"POLICE OFFICER","109352.00"
"P.O. DA DET GR3","119429.00"
"POLICE OFFICER","109352.00"
"POLICE OFFICER","109352.00"
"P.O. DA DET GR3","119980.00"
"P.O. DET SPEC","119980.00"
"POLICE OFFICER","109352.00"
"SERGEANT-","105606.00"
"POLICE OFFICER","109352.00"
"POLICE OFFICER","109352.00"
"POLICE OFFICER","109352.00"
"POLICE OFFICER","109352.00"
"POLICE OFFICER","109352.00"
"POLICE OFFICER","109352.00"
"POLICE OFFICER","109352.00"
"POLICE OFFICER","109352.00"
"POLICE OFFICER","109352.00"
"P.O. DA DET GR3","119429.00"
"SERGEANT-","118056.00"
"POLICE OFFICER","109352.00"
"POLICE OFFICER","109352.00"
"POLICE ADMINISTRATIVE AIDE","48631.00"
"POLICE OFFICER","109352.00"
"POLICE OFFICER","55942.00"
"POLICE OFFICER","57976.00"
"TRAFFIC ENFORCEMENT AGENT","48128.00"
"POLICE OFFICER","57976.00"
"POLICE OFFICER","109352.00"
"MANAGER OF RADIO REPAIR OPERATIONS","205784.00"
"POLICE COMMUNICATIONS TECHNICIAN","61883.00"
"POLICE COMMUNICATIONS TECHNICIAN","61883.00"
"AGENCY ATTORNEY","120465.00"
"INVESTIGATOR","45329.00"
"POLICE COMMUNICATIONS TECHNICIAN","45704.00"
"POLICE OFFICER","59065.00"
"COMMUNITY ASSISTANT","43460.00"
"POLICE OFFICER","109352.00"
"SCHOOL CROSSING GUARD","44533.00"
"SCHOOL SAFETY AGENT","56508.00"
"POLICE OFFICER","57976.00"
"POLICE COMMUNICATIONS TECHNICIAN","57805.00"
"POLICE OFFICER","55942.00"
"MEDIA SERVICES TECHNICIAN","46767.00"
"POLICE OFFICER","65387.00"
"ADMINISTRATIVE PUBLIC INFORMATION SPECIALIST NM FORMER M1/M2","85776.00"
"SUPERVISOR OF RADIO REPAIR OPERATIONS","142273.00"
"SUPERVISOR OF RADIO REPAIR OPERATIONS","142273.00"
"POLICE OFFICER","59065.00"
"CRIME ANALYST","63667.00"
"POLICE OFFICER","109352.00"
"POLICE OFFICER","109352.00"
"POLICE OFFICER","59065.00"
"POLICE OFFICER","55942.00"
"POLICE OFFICER","109352.00"
"POLICE OFFICER","60363.00"
"SCHOOL SAFETY AGENT","56508.00"
"BOOKKEEPER","57953.00"
"SCHOOL SAFETY AGENT","41797.00"
"AUTOMOTIVE SERVICE WORKER","54344.00"
"POLICE OFFICER","109352.00"
"COMPUTER OPERATIONS MANAGER","193652.00"
"POLICE OFFICER","55942.00"
"POLICE OFFICER","109352.00"
"COMPUTER ASSOCIATE","84225.00"
"SCHOOL CROSSING GUARD","43131.00"
"POLICE OFFICER","109352.00"
"SCHOOL SAFETY AGENT","43093.00"
"POLICE COMMUNICATIONS TECHNICIAN","45704.00"
"INTELLIGENCE RESEARCH SPECIALIST-PD","127632.00"
"POLICE ADMINISTRATIVE AIDE","50576.00"
"POLICE OFFICER","109352.00"
"COMMUNITY ASSISTANT","43460.00"
"TRAFFIC ENFORCEMENT AGENT","49270.00"
"ADMINISTRATIVE PUBLIC INFORMATION SPECIALIST NM FORMER M1/M2","119595.00"
"PARALEGAL AIDE","62346.00"
"SENIOR POLICE ADMINISTRATIVE AIDE","58707.00"
"POLICE OFFICER","57976.00"
"SCHOOL SAFETY AGENT","40502.00"
"POLICE OFFICER","109352.00"
"POLICE OFFICER","109352.00"
"POLICE OFFICER","109352.00"
"POLICE OFFICER","109352.00"
"POLICE OFFICER","109352.00"
"SENIOR POLICE ADMINISTRATIVE AIDE","58707.00"
"POLICE OFFICER","109352.00"
"P.O. DA DET GR3","119248.00"
"SERGEANT-","105606.00"
"POLICE OFFICER","109352.00"
"SERGEANT-","118056.00"
"POLICE OFFICER","109352.00"
"POLICE OFFICER","109352.00"
"POLICE OFFICER","109352.00"
"POLICE OFFICER","109352.00"
"POLICE OFFICER","109352.00"
"POLICE OFFICER","109352.00"
"P.O. DET SPEC","119248.00"
"POLICE OFFICER","109352.00"
"POLICE OFFICER","109352.00"
"SERGEANT-","105606.00"
"POLICE OFFICER","109352.00"
"POLICE OFFICER","109352.00"
"P.O. DA DET GR3","119980.00"
"POLICE OFFICER","109352.00"
"POLICE OFFICER","109352.00"
"POLICE OFFICER","109352.00"
"POLICE OFFICER","109352.00"
"SERGEANT-","105606.00"
"POLICE OFFICER","109352.00"
"POLICE OFFICER","109352.00"
"POLICE OFFICER","109352.00"
"POLICE OFFICER","109352.00"
"P.O. DA DET GR3","119314.00"
"SERGEANT-","105606.00"
"POLICE OFFICER","109352.00"
"POLICE OFFICER","109352.00"
"SERGEANT-","118056.00"
"POLICE OFFICER","109352.00"
"P.O. DA DET GR3","119248.00"
"POLICE OFFICER","109352.00"
"POLICE OFFICER","109352.00"
"SERGEANT-","105606.00"
"POLICE OFFICER","109352.00"
"P.O. DA DET GR3","119980.00"
"POLICE OFFICER","109352.00"
"POLICE OFFICER","109352.00"
"POLICE OFFICER","109352.00"
"POLICE OFFICER","109352.00"
"SERGEANT-","118056.00"
"POLICE OFFICER","109352.00"
"POLICE OFFICER","109352.00"
"POLICE OFFICER","109352.00"
"P.O. DA DET GR3","119314.00"
"POLICE OFFICER","109352.00"
"POLICE OFFICER","109352.00"
"POLICE OFFICER","109352.00"
"SERGEANT-","118056.00"
"POLICE OFFICER","109352.00"
"POLICE OFFICER","109352.00"
"P.O. DA DET GR3","119429.00"
"POLICE OFFICER","109352.00"
"SERGEANT-","118056.00"
"SERGEANT-","118056.00"
"POLICE OFFICER","109352.00"
"P.O. DA DET GR3","119314.00"
"P.O. DA DET GR3","119248.00"
"POLICE OFFICER","109352.00"
"P.O. DA DET GR3","119429.00"
"POLICE OFFICER","109352.00"
"SERGEANT-","118056.00"
"POLICE OFFICER","109352.00"
"POLICE OFFICER","109352.00"
"POLICE OFFICER","109352.00"
"POLICE OFFICER","109352.00"
"POLICE OFFICER","109352.00"
"POLICE OFFICER","109352.00"
"POLICE OFFICER","109352.00"
"POLICE OFFICER","109352.00"
"POLICE OFFICER","109352.00"
"POLICE OFFICER","109352.00"
"POLICE OFFICER","109352.00"
"POLICE OFFICER","109352.00"
"POLICE OFFICER","109352.00"
"P.O. DA DET GR3","119429.00"
"SERGEANT-","118056.00"
"POLICE OFFICER","109352.00"
"POLICE OFFICER","109352.00"
"SERGEANT-","118056.00"
"POLICE OFFICER","109352.00"
"POLICE OFFICER","109352.00"
"POLICE OFFICER","109352.00"
"POLICE OFFICER","109352.00"
"POLICE OFFICER","109352.00"
"POLICE OFFICER","109352.00"
"P.O. DA DET GR3","119314.00"
"POLICE OFFICER","109352.00"
"POLICE OFFICER","109352.00"
"P.O. DA DET GR3","119248.00"
"POLICE OFFICER","109352.00"
"POLICE OFFICER","109352.00"
"POLICE OFFICER","109352.00"
"POLICE OFFICER","109352.00"
"POLICE OFFICER","109352.00"
"P.O. DA DET GR3","119314.00"
"POLICE OFFICER","109352.00"
"POLICE OFFICER","109352.00"
"POLICE OFFICER","105146.00"
"POLICE OFFICER","109352.00"
"POLICE OFFICER","109352.00"
"SERGEANT-","118056.00"
"POLICE OFFICER","109352.00"
"POLICE OFFICER","109352.00"
"POLICE OFFICER","109352.00"
"POLICE OFFICER","109352.00"
"POLICE OFFICER","109352.00"
"POLICE OFFICER","109352.00"
"P.O. DET SPEC","119248.00"
"P.O. DA DET GR3","119314.00"
"POLICE OFFICER","109352.00"
"P.O. DET SPEC","119980.00"
"POLICE OFFICER","109352.00"
"POLICE OFFICER","109352.00"
"POLICE OFFICER","109352.00"
"POLICE OFFICER","109352.00"
"POLICE OFFICER","109352.00"
"SERGEANT-","118056.00"
"POLICE OFFICER","109352.00"
"POLICE OFFICER","109352.00"
"POLICE OFFICER","109352.00"
"POLICE OFFICER","109352.00"
"P.O. DA DET GR3","119314.00"
"POLICE OFFICER","109352.00"
"P.O. DA DET GR3","119980.00"
"P.O. DA DET GR3","119429.00"
"SERGEANT-","115016.00"
"SERGEANT-","118056.00"
"POLICE OFFICER","109352.00"
"P.O. DA DET GR3","119980.00"
"POLICE OFFICER","109352.00"
"POLICE OFFICER","109352.00"
"POLICE OFFICER","109352.00"
"POLICE OFFICER","109352.00"
"SERGEANT-","118056.00"
"POLICE OFFICER","109352.00"
"POLICE OFFICER","109352.00"
"POLICE OFFICER","109352.00"
"POLICE OFFICER","109352.00"
"POLICE OFFICER","109352.00"
"POLICE OFFICER","109352.00"
"POLICE OFFICER","109352.00"
"SERGEANT-","118056.00"
"POLICE OFFICER","105146.00"
"SERGEANT-","118056.00"
"POLICE OFFICER","109352.00"
"POLICE OFFICER","109352.00"
"POLICE OFFICER","109352.00"
"SERGEANT-","118056.00"
"POLICE OFFICER","109352.00"
"POLICE OFFICER","109352.00"
"SERGEANT-","118056.00"
"POLICE OFFICER","109352.00"
"SERGEANT-","105606.00"
"POLICE OFFICER","109352.00"
"SERGEANT-","105606.00"
"POLICE OFFICER","109352.00"
"POLICE OFFICER","109352.00"
"POLICE OFFICER","109352.00"
"POLICE OFFICER","109352.00"
"POLICE OFFICER","109352.00"
"SERGEANT-","118056.00"
"POLICE OFFICER","109352.00"
"POLICE OFFICER","109352.00"
"POLICE OFFICER","109352.00"
"POLICE OFFICER","109352.00"
"POLICE OFFICER","109352.00"
"SERGEANT-","118056.00"
"SERGEANT-","118056.00"
"P.O. DA DET GR3","119248.00"
"P.O. DA DET GR3","119248.00"
"P.O. DA DET GR3","115215.00"
"SERGEANT-","118056.00"
"POLICE OFFICER","109352.00"
"POLICE OFFICER","109352.00"
"POLICE OFFICER","109352.00"
"POLICE OFFICER","109352.00"
"POLICE OFFICER","109352.00"
"POLICE OFFICER","109352.00"
"POLICE OFFICER","109352.00"
"POLICE OFFICER","109352.00"
"POLICE OFFICER","109352.00"
"POLICE OFFICER","109352.00"
"POLICE OFFICER","109352.00"
"POLICE OFFICER","109352.00"
"POLICE OFFICER","109352.00"
"POLICE OFFICER","109352.00"
"P.O. DET SPEC","119314.00"
"POLICE OFFICER","109352.00"
"POLICE OFFICER","109352.00"
"POLICE OFFICER","109352.00"
"SERGEANT-","118056.00"
"SERGEANT-","118056.00"
"POLICE OFFICER","109352.00"
"SERGEANT-","118056.00"
"P.O. DA DET GR3","119248.00"
"POLICE OFFICER","109352.00"
"POLICE OFFICER","109352.00"
"SERGEANT-","118056.00"
"POLICE OFFICER","109352.00"
"SERGEANT-","118056.00"
"POLICE OFFICER","109352.00"
"POLICE OFFICER","109352.00"
"SERGEANT-","118056.00"
"POLICE OFFICER","109352.00"
"POLICE OFFICER","109352.00"
"POLICE OFFICER","109352.00"
"POLICE OFFICER","109352.00"
"POLICE OFFICER","109352.00"
"POLICE OFFICER","109352.00"
"POLICE OFFICER","109352.00"
"P.O. DA DET GR3","119314.00"
"POLICE OFFICER","109352.00"
"POLICE OFFICER","109352.00"
"P.O. DA DET GR3","115390.00"
"P.O. DA DET GR3","119980.00"
"P.O. DA DET GR3","119429.00"
"POLICE OFFICER","109352.00"
"POLICE OFFICER","109352.00"
"POLICE OFFICER","109352.00"
"POLICE OFFICER","109352.00"
"SERGEANT-","118056.00"
"SCHOOL SAFETY AGENT","54862.00"
"POLICE OFFICER","109352.00"
"COMPUTER SPECIALIST","109518.00"
"POLICE COMMUNICATIONS TECHNICIAN","57805.00"
"ACCOUNTANT","70802.00"
"POLICE OFFICER","65387.00"
"POLICE OFFICER","65387.00"
"POLICE OFFICER","109352.00"
"POLICE OFFICER","55942.00"
"POLICE OFFICER","55942.00"
"POLICE OFFICER","105146.00"
"POLICE OFFICER","109352.00"
"POLICE OFFICER","109352.00"
"POLICE OFFICER","109352.00"
"POLICE OFFICER","109352.00"
"POLICE OFFICER","109352.00"
"POLICE COMMUNICATIONS TECHNICIAN","55985.00"
"POLICE OFFICER","109352.00"
"POLICE OFFICER","109352.00"
"POLICE OFFICER","109352.00"
"POLICE OFFICER","109352.00"
"POLICE OFFICER","109352.00"
"POLICE OFFICER","55942.00"
"POLICE OFFICER","109352.00"
"POLICE OFFICER","109352.00"
"POLICE OFFICER","109352.00"
"POLICE OFFICER","109352.00"
"POLICE OFFICER","109352.00"
"P.O. DET SPEC","119314.00"
"POLICE OFFICER","55942.00"
"POLICE OFFICER","109352.00"
"POLICE OFFICER","109352.00"
"POLICE OFFICER","109352.00"
"POLICE OFFICER","109352.00"
"POLICE OFFICER","65387.00"
"POLICE OFFICER","109352.00"
"POLICE OFFICER","109352.00"
"POLICE OFFICER","109352.00"
"POLICE OFFICER","109352.00"
"POLICE OFFICER","57976.00"
"POLICE OFFICER","109352.00"
"POLICE OFFICER","109352.00"
"P.O. DA DET GR3","119429.00"
"POLICE OFFICER","109352.00"
"POLICE OFFICER","109352.00"
"POLICE OFFICER","109352.00"
"POLICE OFFICER","109352.00"
"POLICE OFFICER","109352.00"
"POLICE OFFICER","109352.00"
"POLICE OFFICER","109352.00"
"P.O. DET SPEC","91107.00"
"SERGEANT-","118056.00"
"POLICE OFFICER","109352.00"
"POLICE OFFICER","109352.00"
"POLICE OFFICER","109352.00"
"POLICE OFFICER","109352.00"
"POLICE OFFICER","109352.00"
"SENIOR POLICE ADMINISTRATIVE AIDE","58707.00"
"POLICE OFFICER","109352.00"
"POLICE OFFICER","109352.00"
"POLICE OFFICER","55942.00"
"POLICE OFFICER","105146.00"
"POLICE OFFICER","109352.00"
"POLICE OFFICER","109352.00"
"POLICE OFFICER","109352.00"
"POLICE OFFICER","109352.00"
"POLICE OFFICER","109352.00"
"POLICE OFFICER","109352.00"
"POLICE OFFICER","109352.00"
"POLICE OFFICER","109352.00"
"POLICE OFFICER","65387.00"
"POLICE OFFICER","109352.00"
"POLICE OFFICER","109352.00"
"POLICE OFFICER","109352.00"
"POLICE OFFICER","109352.00"
"POLICE OFFICER","109352.00"
"POLICE OFFICER","109352.00"
"POLICE OFFICER","109352.00"
"POLICE OFFICER","109352.00"
"POLICE OFFICER","109352.00"
"POLICE OFFICER","55942.00"
"POLICE OFFICER","109352.00"
"POLICE OFFICER","109352.00"
"POLICE OFFICER","109352.00"
"POLICE OFFICER","109352.00"
"POLICE OFFICER","109352.00"
"POLICE OFFICER","109352.00"
"POLICE OFFICER","60363.00"
"POLICE OFFICER","109352.00"
"POLICE OFFICER","109352.00"
"POLICE OFFICER","109352.00"
"POLICE OFFICER","109352.00"
"POLICE OFFICER","109352.00"
"POLICE OFFICER","109352.00"
"POLICE OFFICER","109352.00"
"POLICE OFFICER","109352.00"
"POLICE OFFICER","109352.00"
"POLICE OFFICER","109352.00"
"POLICE OFFICER","109352.00"
"POLICE OFFICER","109352.00"
"POLICE OFFICER","109352.00"
"POLICE OFFICER","109352.00"
"POLICE OFFICER","109352.00"
"POLICE OFFICER","109352.00"
"POLICE OFFICER","109352.00"
"POLICE OFFICER","109352.00"
"POLICE OFFICER","57976.00"
"POLICE OFFICER","109352.00"
"POLICE OFFICER","109352.00"
"POLICE OFFICER","109352.00"
"POLICE OFFICER","109352.00"
"POLICE OFFICER","109352.00"
"POLICE OFFICER","55942.00"
"POLICE OFFICER","109352.00"
"SERGEANT-","118056.00"
"POLICE OFFICER","109352.00"
"POLICE OFFICER","109352.00"
"POLICE OFFICER","60363.00"
"POLICE OFFICER","109352.00"
"POLICE OFFICER","109352.00"
"POLICE OFFICER","109352.00"
"POLICE OFFICER","109352.00"
"POLICE OFFICER","109352.00"
"POLICE OFFICER","109352.00"
"POLICE OFFICER","109352.00"
"POLICE OFFICER","109352.00"
"POLICE OFFICER","109352.00"
"POLICE OFFICER","109352.00"
"POLICE OFFICER","109352.00"
"POLICE OFFICER","57976.00"
"SERGEANT-","118056.00"
"POLICE OFFICER","109352.00"
"POLICE OFFICER","109352.00"
"POLICE OFFICER","109352.00"
"POLICE OFFICER","109352.00"
"POLICE OFFICER","59065.00"
"POLICE OFFICER","109352.00"
"POLICE OFFICER","109352.00"
"P.O. DA DET GR3","119314.00"
"POLICE OFFICER","55942.00"
"POLICE OFFICER","60363.00"
"POLICE OFFICER","109352.00"
"POLICE OFFICER","59065.00"
"POLICE ADMINISTRATIVE AIDE","48631.00"
"POLICE OFFICER","65387.00"
"P.O. DA DET GR3","119248.00"
"TRAFFIC ENFORCEMENT AGENT","48769.00"
"POLICE OFFICER","65387.00"
"POLICE OFFICER","109352.00"
"POLICE OFFICER","60363.00"
"TRAFFIC ENFORCEMENT AGENT","53985.00"
"POLICE OFFICER","65387.00"
"POLICE OFFICER","109352.00"
"POLICE OFFICER","109352.00"
"POLICE OFFICER","109352.00"
"POLICE OFFICER","109352.00"
"POLICE OFFICER","109352.00"
"POLICE OFFICER","109352.00"
"POLICE OFFICER","109352.00"
"POLICE OFFICER","109352.00"
"POLICE OFFICER","109352.00"
"POLICE OFFICER","109352.00"
"POLICE OFFICER","109352.00"
"POLICE OFFICER","109352.00"
"POLICE OFFICER","53790.00"
"POLICE OFFICER","109352.00"
"POLICE OFFICER","59065.00"
"POLICE OFFICER","55942.00"
"POLICE OFFICER","109352.00"
"POLICE OFFICER","109352.00"
"POLICE OFFICER","109352.00"
"POLICE OFFICER","109352.00"
"POLICE OFFICER","109352.00"
"AGENCY ATTORNEY","103924.00"
"POLICE OFFICER","109352.00"
"POLICE OFFICER","109352.00"
"POLICE OFFICER","59065.00"
"POLICE COMMUNICATIONS TECHNICIAN","61883.00"
"CRIMINALIST","95567.00"
"POLICE COMMUNICATIONS TECHNICIAN","61883.00"
"CRIMINALIST","95520.00"
"POLICE OFFICER","59065.00"
"SCHOOL SAFETY AGENT","36955.00"
"POLICE OFFICER","109352.00"
"POLICE OFFICER","105146.00"
"POLICE COMMUNICATIONS TECHNICIAN","61883.00"
"POLICE OFFICER","57976.00"
"POLICE OFFICER","60363.00"
"POLICE OFFICER","109352.00"
"POLICE OFFICER","55942.00"
"POLICE OFFICER","59065.00"
"POLICE OFFICER","59065.00"
"POLICE OFFICER","65387.00"
"SCHOOL SAFETY AGENT","39206.00"
"COMPUTER ASSOCIATE","85838.00"
"POLICE OFFICER","55942.00"
"TRAFFIC ENFORCEMENT AGENT","47621.00"
"POLICE OFFICER","55942.00"
"SENIOR POLICE ADMINISTRATIVE AIDE","58707.00"
"POLICE OFFICER","59065.00"
"POLICE OFFICER","57976.00"
"P.O. DA DET GR3","119248.00"
"POLICE OFFICER","57976.00"
"POLICE OFFICER","109352.00"
"SCHOOL SAFETY AGENT","56508.00"
"CRIMINALIST","95567.00"
"CRIMINALIST","95567.00"
"CRIMINALIST","95567.00"
"POLICE ADMINISTRATIVE AIDE","48631.00"
"POLICE COMMUNICATIONS TECHNICIAN","61883.00"
"POLICE OFFICER","55942.00"
"CRIMINALIST","95567.00"
"CRIMINALIST","95567.00"
"ACCOUNTANT","75807.00"
"POLICE OFFICER","109352.00"
"POLICE OFFICER","109352.00"
"POLICE OFFICER","109352.00"
"POLICE OFFICER","109352.00"
"POLICE OFFICER","109352.00"
"POLICE OFFICER","109352.00"
"POLICE OFFICER","109352.00"
"POLICE OFFICER","109352.00"
"POLICE OFFICER","109352.00"
"P.O. DA DET GR3","119248.00"
"POLICE OFFICER","109352.00"
"POLICE OFFICER","109352.00"
"POLICE OFFICER","109352.00"
"POLICE OFFICER","109352.00"
"POLICE OFFICER","109352.00"
"POLICE OFFICER","109352.00"
"POLICE OFFICER","109352.00"
"POLICE OFFICER","109352.00"
"POLICE OFFICER","109352.00"
"POLICE OFFICER","109352.00"
"SERGEANT-","118056.00"
"POLICE OFFICER","109352.00"
"POLICE OFFICER","109352.00"
"POLICE OFFICER","109352.00"
"POLICE OFFICER","109352.00"
"POLICE OFFICER","109352.00"
"POLICE OFFICER","105146.00"
"POLICE OFFICER","109352.00"
"SERGEANT-","118056.00"
"POLICE OFFICER","109352.00"
"POLICE OFFICER","109352.00"
"POLICE OFFICER","109352.00"
"POLICE OFFICER","109352.00"
"POLICE OFFICER","109352.00"
"SERGEANT-","118056.00"
"POLICE OFFICER","109352.00"
"POLICE OFFICER","109352.00"
"POLICE OFFICER","109352.00"
"POLICE OFFICER","109352.00"
"POLICE OFFICER","109352.00"
"POLICE OFFICER","109352.00"
"SERGEANT-","118056.00"
"P.O. DA DET GR3","119314.00"
"P.O. DA DET GR3","119248.00"
"P.O. DA DET GR3","119248.00"
"POLICE OFFICER","109352.00"
"POLICE OFFICER","109352.00"
"POLICE OFFICER","109352.00"
"POLICE OFFICER","109352.00"
"POLICE OFFICER","109352.00"
"POLICE OFFICER","109352.00"
"POLICE OFFICER","109352.00"
"POLICE OFFICER","109352.00"
"POLICE OFFICER","109352.00"
"POLICE OFFICER","109352.00"
"POLICE OFFICER","109352.00"
"POLICE OFFICER","109352.00"
"POLICE OFFICER","109352.00"
"POLICE OFFICER","109352.00"
"P.O. DA DET GR3","119314.00"
"POLICE OFFICER","109352.00"
"POLICE OFFICER","109352.00"
"P.O. DA DET GR3","115923.00"
"POLICE OFFICER","109352.00"
"P.O. DA DET GR3","119429.00"
"SERGEANT-","118056.00"
"POLICE OFFICER","109352.00"
"POLICE OFFICER","109352.00"
"POLICE OFFICER","109352.00"
"POLICE OFFICER","109352.00"
"POLICE OFFICER","109352.00"
"POLICE OFFICER","109352.00"
"POLICE OFFICER","109352.00"
"POLICE OFFICER","109352.00"
"POLICE OFFICER","109352.00"
"SERGEANT-","118056.00"
"SERGEANT-","105606.00"
"POLICE OFFICER","109352.00"
"SERGEANT-","118056.00"
"POLICE OFFICER","109352.00"
"POLICE OFFICER","109352.00"
"POLICE OFFICER","109352.00"
"POLICE OFFICER","55942.00"
"POLICE ADMINISTRATIVE AIDE","52521.00"
"CERTIFIED IT ADMINISTRATOR","109518.00"
"POLICE ADMINISTRATIVE AIDE","48631.00"
"POLICE OFFICER","65387.00"
"POLICE OFFICER","57976.00"
"POLICE OFFICER","60363.00"
"TRAFFIC ENFORCEMENT AGENT","48128.00"
"POLICE OFFICER","65387.00"
"ASSOCIATE FINGERPRINT TECHNICIAN","49962.00"
"POLICE OFFICER","55942.00"
"POLICE OFFICER","59065.00"
"POLICE OFFICER","55942.00"
"SCHOOL SAFETY AGENT","41797.00"
"POLICE OFFICER","60363.00"
"INTELLIGENCE RESEARCH SPECIALIST-PD","116162.00"
"HOSTLER","54426.00"
"POLICE OFFICER","55942.00"
"POLICE OFFICER","59065.00"
"POLICE OFFICER","55942.00"
"ACCOUNTANT","67292.00"
"POLICE OFFICER","59065.00"
"COMPUTER ASSOCIATE","82149.00"
"CERTIFIED IT ADMINISTRATOR","109518.00"
"CRIME ANALYST","112351.00"
"POLICE OFFICER","55942.00"
"POLICE OFFICER","59065.00"
"SUPERVISOR OF MECHANICS","140840.00"
"EVIDENCE AND PROPERTY CONTROL SPECIALIST","65303.00"
"SENIOR POLICE ADMINISTRATIVE AIDE","58707.00"
"SENIOR POLICE ADMINISTRATIVE AIDE","58707.00"
"POLICE ADMINISTRATIVE AIDE","48631.00"
"POLICE ADMINISTRATIVE AIDE","50576.00"
"POLICE ADMINISTRATIVE AIDE","50464.00"
"POLICE ADMINISTRATIVE AIDE","48631.00"
"SENIOR POLICE ADMINISTRATIVE AIDE","58707.00"
"POLICE OFFICER","55942.00"
"TRAFFIC ENFORCEMENT AGENT","47621.00"
"ASSISTANT ARCHITECT","92525.00"
"POLICE OFFICER","57976.00"
"POLICE OFFICER","109352.00"
"POLICE COMMUNICATIONS TECHNICIAN","61883.00"
"POLICE SURGEON","169340.00"
"SCHOOL SAFETY AGENT","56508.00"
"SCHOOL SAFETY AGENT","56508.00"
"SCHOOL SAFETY AGENT","56508.00"
"SCHOOL SAFETY AGENT","56508.00"
"SCHOOL SAFETY AGENT","56508.00"
"POLICE OFFICER","65387.00"
"POLICE OFFICER","60363.00"
"POLICE OFFICER","109352.00"
"POLICE OFFICER","55942.00"
"SCHOOL SAFETY AGENT","56508.00"
"POLICE OFFICER","60363.00"
"SCHOOL SAFETY AGENT","56508.00"
"POLICE OFFICER","109352.00"
"SCHOOL SAFETY AGENT","40502.00"
"SCHOOL SAFETY AGENT","56508.00"
"POLICE OFFICER","59065.00"
"SCHOOL SAFETY AGENT","56508.00"
"SCHOOL SAFETY AGENT","56508.00"
"POLICE OFFICER","109352.00"
"SCHOOL SAFETY AGENT","56508.00"
"POLICE OFFICER","65387.00"
"POLICE OFFICER","65387.00"
"POLICE OFFICER","59065.00"
"SCHOOL SAFETY AGENT","56508.00"
"SCHOOL SAFETY AGENT","56508.00"
"SCHOOL SAFETY AGENT","56508.00"
"POLICE OFFICER","55942.00"
"SCHOOL SAFETY AGENT","56508.00"
"POLICE OFFICER","57976.00"
"SCHOOL SAFETY AGENT","56508.00"
"SCHOOL SAFETY AGENT","56508.00"
"SCHOOL SAFETY AGENT","56508.00"
"SCHOOL SAFETY AGENT","56508.00"
"SCHOOL SAFETY AGENT","56508.00"
"POLICE OFFICER","109352.00"
"SCHOOL SAFETY AGENT","56508.00"
"POLICE OFFICER","109352.00"
"SCHOOL SAFETY AGENT","56508.00"
"POLICE OFFICER","60363.00"
"SCHOOL SAFETY AGENT","56508.00"
"POLICE OFFICER","109352.00"
"POLICE OFFICER","60363.00"
"POLICE OFFICER","60363.00"
"SCHOOL SAFETY AGENT","56508.00"
"SCHOOL SAFETY AGENT","56508.00"
"EVIDENCE AND PROPERTY CONTROL SPECIALIST","65303.00"
"SCHOOL SAFETY AGENT","56508.00"
"SCHOOL SAFETY AGENT","56508.00"
"POLICE OFFICER","57976.00"
"SCHOOL SAFETY AGENT","56508.00"
"SCHOOL SAFETY AGENT","56508.00"
"SCHOOL SAFETY AGENT","56508.00"
"POLICE OFFICER","59065.00"
"SCHOOL SAFETY AGENT","56508.00"
"SCHOOL SAFETY AGENT","56508.00"
"POLICE OFFICER","55942.00"
"POLICE OFFICER","109352.00"
"POLICE OFFICER","109352.00"
"POLICE OFFICER","59065.00"
"POLICE OFFICER","57976.00"
"POLICE OFFICER","60363.00"
"SCHOOL SAFETY AGENT","56508.00"
"CERTIFIED IT ADMINISTRATOR","109518.00"
"CERTIFIED IT ADMINISTRATOR","109518.00"
"SCHOOL SAFETY AGENT","56508.00"
"SCHOOL SAFETY AGENT","41840.00"
"COMPUTER SPECIALIST","112353.00"
"CERTIFIED IT ADMINISTRATOR","125571.00"
"SCHOOL SAFETY AGENT","56508.00"
"SCHOOL SAFETY AGENT","56508.00"
"SCHOOL SAFETY AGENT","56508.00"
"TELECOMMUNICATIONS ASSOCIATE","110150.00"
"CITY CUSTODIAL ASSISTANT","42898.00"
"SCHOOL SAFETY AGENT","44388.00"
"POLICE OFFICER","65387.00"
"POLICE OFFICER","55942.00"
"SCHOOL SAFETY AGENT","44388.00"
"SCHOOL SAFETY AGENT","39206.00"
"SCHOOL SAFETY AGENT","56508.00"
"SCHOOL SAFETY AGENT","56508.00"
"POLICE ADMINISTRATIVE AIDE","48631.00"
"SERGEANT-","118056.00"
"POLICE OFFICER","60363.00"
"AGENCY ATTORNEY","96067.00"
"DIRECTOR OF TRAINING","150121.00"
"AGENCY ATTORNEY","105907.00"
"AGENCY ATTORNEY","87314.00"
"POLICE OFFICER","60363.00"
"POLICE OFFICER","55942.00"
"SCHOOL SAFETY AGENT","39206.00"
"CITY CUSTODIAL ASSISTANT","42898.00"
"POLICE COMMUNICATIONS TECHNICIAN","61883.00"
"POLICE OFFICER","60363.00"
"EVIDENCE AND PROPERTY CONTROL SPECIALIST","57790.00"
"POLICE OFFICER","57976.00"
"COMMUNITY ASSISTANT","43460.00"
"SCHOOL SAFETY AGENT","39206.00"
"CITY CUSTODIAL ASSISTANT","42898.00"
"POLICE OFFICER","57976.00"
"POLICE OFFICER","57976.00"
"COMMUNITY ASSISTANT","43460.00"
"POLICE OFFICER","55942.00"
"COMMUNITY COORDINATOR","79489.00"
"POLICE OFFICER","55942.00"
"POLICE ADMINISTRATIVE AIDE","48631.00"
"POLICE OFFICER","59065.00"
"COMMUNITY ASSISTANT","43460.00"
"POLICE ADMINISTRATIVE AIDE","48631.00"
"POLICE OFFICER","55942.00"
"POLICE OFFICER","55942.00"
"CITY CUSTODIAL ASSISTANT","44480.00"
"CRIME ANALYST","59867.00"
"COMMUNITY ASSISTANT","48631.00"
"SCHOOL SAFETY AGENT","39206.00"
"POLICE COMMUNICATIONS TECHNICIAN","61883.00"
"POLICE OFFICER","60363.00"
"POLICE COMMUNICATIONS TECHNICIAN","58189.00"
"POLICE COMMUNICATIONS TECHNICIAN","61883.00"
"POLICE COMMUNICATIONS TECHNICIAN","61883.00"
"POLICE ADMINISTRATIVE AIDE","48631.00"
"POLICE COMMUNICATIONS TECHNICIAN","61883.00"
"POLICE COMMUNICATIONS TECHNICIAN","61883.00"
"POLICE COMMUNICATIONS TECHNICIAN","61883.00"
"AGENCY ATTORNEY","109621.00"
"POLICE OFFICER","57976.00"
"COMPUTER ASSOCIATE","82149.00"
"POLICE OFFICER","55942.00"
"POLICE COMMUNICATIONS TECHNICIAN","59935.00"
"POLICE ADMINISTRATIVE AIDE","48631.00"
"POLICE ADMINISTRATIVE AIDE","48631.00"
"COMMUNITY ASSISTANT","43460.00"
"AUTO BODY WORKER","70630.00"
"COMMUNITY COORDINATOR","95679.00"
"CRIMINALIST","95520.00"
"CITY CUSTODIAL ASSISTANT","42898.00"
"CITY CUSTODIAL ASSISTANT","42898.00"
"SCHOOL SAFETY AGENT","41840.00"
"POLICE OFFICER","109352.00"
"SCHOOL SAFETY AGENT","39206.00"
"CITY CUSTODIAL ASSISTANT","42898.00"
"POLICE ADMINISTRATIVE AIDE","48631.00"
"SCHOOL SAFETY AGENT","39206.00"
"POLICE OFFICER","55942.00"
"POLICE OFFICER","57976.00"
"SENIOR POLICE ADMINISTRATIVE AIDE","58707.00"
"PUBLIC RECORDS OFFICER","58925.00"
"SCHOOL SAFETY AGENT","41797.00"
"SCHOOL SAFETY AGENT","53264.00"
"CRIMINALIST","76620.00"
"AUTO BODY WORKER","70630.00"
"SCHOOL SAFETY AGENT","39206.00"
"CRIMINALIST","95520.00"
"CRIME ANALYST","76399.00"
"POLICE OFFICER","59065.00"
"SCHOOL SAFETY AGENT","56508.00"
"POLICE OFFICER","65387.00"
"POLICE OFFICER","60363.00"
"SCHOOL SAFETY AGENT","56508.00"
"POLICE OFFICER","55942.00"
"POLICE OFFICER","59065.00"
"SCHOOL SAFETY AGENT","44388.00"
"SCHOOL SAFETY AGENT","56508.00"
"SCHOOL SAFETY AGENT","56508.00"
"SCHOOL SAFETY AGENT","56508.00"
"SCHOOL SAFETY AGENT","56508.00"
"POLICE OFFICER","65387.00"
"POLICE OFFICER","59065.00"
"SCHOOL SAFETY AGENT","56508.00"
"SCHOOL SAFETY AGENT","56508.00"
"POLICE OFFICER","60363.00"
"SCHOOL SAFETY AGENT","56508.00"
"SCHOOL SAFETY AGENT","56508.00"
"SCHOOL SAFETY AGENT","56508.00"
"POLICE OFFICER","55942.00"
"SCHOOL SAFETY AGENT","56508.00"
"SCHOOL SAFETY AGENT","56508.00"
"SCHOOL SAFETY AGENT","56508.00"
"SCHOOL SAFETY AGENT","53264.00"
"SCHOOL SAFETY AGENT","56508.00"
"SCHOOL SAFETY AGENT","56508.00"
"SCHOOL SAFETY AGENT","56508.00"
"SCHOOL SAFETY AGENT","56508.00"
"SCHOOL SAFETY AGENT","56508.00"
"SCHOOL SAFETY AGENT","56508.00"
"SCHOOL SAFETY AGENT","56508.00"
"SCHOOL SAFETY AGENT","56508.00"
"SCHOOL SAFETY AGENT","56508.00"
"POLICE OFFICER","60363.00"
"POLICE OFFICER","65387.00"
"POLICE OFFICER","57976.00"
"POLICE OFFICER","60363.00"
"POLICE COMMUNICATIONS TECHNICIAN","61883.00"
"POLICE OFFICER","60363.00"
"POLICE OFFICER","55942.00"
"POLICE COMMUNICATIONS TECHNICIAN","44265.00"
"POLICE OFFICER","55942.00"
"POLICE OFFICER","65387.00"
"SCHOOL SAFETY AGENT","56508.00"
"MANAGEMENT AUDITOR","74855.00"
"MOTOR VEHICLE OPERATOR","41313.00"
"CRIMINALIST","95520.00"
"SCHOOL SAFETY AGENT","41797.00"
"CITY CUSTODIAL ASSISTANT","42898.00"
"CRIMINALIST","95520.00"
"CUSTODIAN","47922.00"
"CITY CUSTODIAL ASSISTANT","46330.00"
"CRIMINALIST","95520.00"
"QUALITY ASSURANCE SPECIALIST","64651.00"
"SCHOOL SAFETY AGENT","44388.00"
"POLICE ATTENDANT","49688.00"
"COMMUNITY ASSISTANT","43460.00"
"TRAFFIC ENFORCEMENT AGENT","48128.00"
"POLICE ADMINISTRATIVE AIDE","52408.00"
"SENIOR POLICE ADMINISTRATIVE AIDE","58707.00"
"POLICE OFFICER","65387.00"
"POLICE COMMUNICATIONS TECHNICIAN","57805.00"
"SCHOOL SAFETY AGENT","56508.00"
"SCHOOL SAFETY AGENT","56508.00"
"SCHOOL SAFETY AGENT","56508.00"
"POLICE OFFICER","60363.00"
"SCHOOL SAFETY AGENT","40502.00"
"SCHOOL SAFETY AGENT","56508.00"
"SCHOOL SAFETY AGENT","56508.00"
"SCHOOL SAFETY AGENT","56508.00"
"SCHOOL SAFETY AGENT","43095.00"
"SCHOOL SAFETY AGENT","40580.00"
"POLICE OFFICER","60363.00"
"POLICE OFFICER","59065.00"
"SCHOOL SAFETY AGENT","56508.00"
"SCHOOL SAFETY AGENT","44388.00"
"SCHOOL SAFETY AGENT","44388.00"
"SCHOOL SAFETY AGENT","56508.00"
"POLICE OFFICER","60363.00"
"SCHOOL SAFETY AGENT","56508.00"
"POLICE OFFICER","65387.00"
"SCHOOL SAFETY AGENT","54862.00"
"SCHOOL SAFETY AGENT","56508.00"
"SCHOOL SAFETY AGENT","56508.00"
"SCHOOL SAFETY AGENT","44388.00"
"SCHOOL SAFETY AGENT","56508.00"
"SCHOOL SAFETY AGENT","56508.00"
"POLICE OFFICER","60363.00"
"SCHOOL SAFETY AGENT","44388.00"
"SCHOOL SAFETY AGENT","56508.00"
"SCHOOL SAFETY AGENT","39206.00"
"SCHOOL SAFETY AGENT","56508.00"
"POLICE OFFICER","60363.00"
"SCHOOL SAFETY AGENT","56508.00"
"SCHOOL SAFETY AGENT","56508.00"
"SCHOOL SAFETY AGENT","56508.00"
"SCHOOL SAFETY AGENT","56508.00"
"SCHOOL SAFETY AGENT","56508.00"
"POLICE OFFICER","57976.00"
"SCHOOL SAFETY AGENT","40502.00"
"SCHOOL SAFETY AGENT","56508.00"
"POLICE OFFICER","60363.00"
"POLICE OFFICER","55942.00"
"SCHOOL SAFETY AGENT","56508.00"
"SCHOOL SAFETY AGENT","56508.00"
"SCHOOL SAFETY AGENT","56508.00"
"SCHOOL SAFETY AGENT","56508.00"
"SCHOOL SAFETY AGENT","56508.00"
"SCHOOL SAFETY AGENT","56508.00"
"SCHOOL SAFETY AGENT","56508.00"
"POLICE OFFICER","60363.00"
"POLICE OFFICER","60363.00"
"POLICE OFFICER","60363.00"
"POLICE OFFICER","55942.00"
"POLICE OFFICER","60363.00"
"SCHOOL SAFETY AGENT","56508.00"
"SCHOOL SAFETY AGENT","56508.00"
"SCHOOL SAFETY AGENT","56508.00"
"SCHOOL SAFETY AGENT","56508.00"
"SCHOOL SAFETY AGENT","56508.00"
"SCHOOL SAFETY AGENT","56508.00"
"SCHOOL SAFETY AGENT","56508.00"
"SCHOOL SAFETY AGENT","56508.00"
"SCHOOL SAFETY AGENT","41840.00"
"SCHOOL SAFETY AGENT","56508.00"
"SCHOOL SAFETY AGENT","56508.00"
"SCHOOL SAFETY AGENT","56508.00"
"POLICE COMMUNICATIONS TECHNICIAN","61883.00"
"SCHOOL SAFETY AGENT","56508.00"
"SCHOOL SAFETY AGENT","56508.00"
"POLICE OFFICER","55942.00"
"SCHOOL SAFETY AGENT","56508.00"
"POLICE COMMUNICATIONS TECHNICIAN","54305.00"
"SCHOOL SAFETY AGENT","44388.00"
"SCHOOL SAFETY AGENT","56508.00"
"SCHOOL SAFETY AGENT","41797.00"
"SCHOOL SAFETY AGENT","56508.00"
"SCHOOL SAFETY AGENT","56508.00"
"SCHOOL SAFETY AGENT","44388.00"
"SCHOOL SAFETY AGENT","56508.00"
"SCHOOL SAFETY AGENT","56508.00"
"SCHOOL SAFETY AGENT","56508.00"
"SCHOOL SAFETY AGENT","56508.00"
"SCHOOL SAFETY AGENT","56508.00"
"SCHOOL SAFETY AGENT","43093.00"
"SCHOOL SAFETY AGENT","56508.00"
"SCHOOL SAFETY AGENT","56508.00"
"SCHOOL SAFETY AGENT","56508.00"
"POLICE COMMUNICATIONS TECHNICIAN","54305.00"
"POLICE OFFICER","57976.00"
"POLICE OFFICER","59065.00"
"SCHOOL SAFETY AGENT","56508.00"
"POLICE OFFICER","59065.00"
"SCHOOL SAFETY AGENT","56508.00"
"SCHOOL SAFETY AGENT","56508.00"
"SCHOOL SAFETY AGENT","56508.00"
"SCHOOL SAFETY AGENT","56508.00"
"POLICE OFFICER","60363.00"
"POLICE OFFICER","65387.00"
"P.O. DA DET GR3","119248.00"
"COMMUNITY COORDINATOR","72298.00"
"CRIME ANALYST","63667.00"
"CHAPLAIN","72524.00"
"POLICE OFFICER","60363.00"
"PROGRAM PRODUCER","55789.00"
"COMMUNITY ASSISTANT","43460.00"
"POLICE ADMINISTRATIVE AIDE","47100.00"
"POLICE OFFICER","60363.00"
"POLICE OFFICER","55942.00"
"POLICE OFFICER","60363.00"
"POLICE OFFICER","60363.00"
"POLICE COMMUNICATIONS TECHNICIAN","57805.00"
"SCHOOL SAFETY AGENT","43093.00"
"POLICE OFFICER","55942.00"
"POLICE OFFICER","65387.00"
"SCHOOL CROSSING GUARD","44533.00"
"EXECUTIVE AGENCY COUNSEL","169374.00"
"TRAFFIC ENFORCEMENT AGENT","49205.00"
"POLICE OFFICER","59065.00"
"POLICE OFFICER","57976.00"
"TRAFFIC ENFORCEMENT AGENT","49830.00"
"TRAFFIC ENFORCEMENT AGENT","49270.00"
"TRAFFIC ENFORCEMENT AGENT","49830.00"
"TRAFFIC ENFORCEMENT AGENT","49270.00"
"TRAFFIC ENFORCEMENT AGENT","46234.00"
"TRAFFIC ENFORCEMENT AGENT","49830.00"
"TRAFFIC ENFORCEMENT AGENT","49270.00"
"TRAFFIC ENFORCEMENT AGENT","49270.00"
"POLICE OFFICER","65387.00"
"POLICE OFFICER","59065.00"
"TRAFFIC ENFORCEMENT AGENT","49270.00"
"TRAFFIC ENFORCEMENT AGENT","48769.00"
"POLICE OFFICER","65387.00"
"POLICE OFFICER","60363.00"
"POLICE OFFICER","59065.00"
"POLICE OFFICER","59065.00"
"POLICE OFFICER","65387.00"
"TRAFFIC ENFORCEMENT AGENT","47772.00"
"ASSOCIATE TRAFFIC ENFORCEMENT AGENT","54498.00"
"TRAFFIC ENFORCEMENT AGENT","49270.00"
"TRAFFIC ENFORCEMENT AGENT","47835.00"
"POLICE OFFICER","60363.00"
"TRAFFIC ENFORCEMENT AGENT","49830.00"
"TRAFFIC ENFORCEMENT AGENT","48769.00"
"TRAFFIC ENFORCEMENT AGENT","47772.00"
"POLICE OFFICER","57976.00"
"TRAFFIC ENFORCEMENT AGENT","47835.00"
"POLICE OFFICER","60363.00"
"POLICE OFFICER","57976.00"
"POLICE OFFICER","60363.00"
"POLICE OFFICER","59065.00"
"POLICE OFFICER","109352.00"
"POLICE OFFICER","109352.00"
"POLICE OFFICER","109352.00"
"POLICE OFFICER","109352.00"
"POLICE OFFICER","109352.00"
"POLICE OFFICER","109352.00"
"POLICE OFFICER","109352.00"
"POLICE OFFICER","109352.00"
"POLICE OFFICER","109352.00"
"SERGEANT-","96017.00"
"POLICE OFFICER","109352.00"
"POLICE OFFICER","109352.00"
"POLICE OFFICER","109352.00"
"POLICE OFFICER","109352.00"
"POLICE OFFICER","109352.00"
"POLICE OFFICER","62872.00"
"POLICE OFFICER","109352.00"
"POLICE OFFICER","109352.00"
"POLICE OFFICER","109352.00"
"POLICE OFFICER","109352.00"
"POLICE OFFICER","109352.00"
"POLICE OFFICER","109352.00"
"POLICE OFFICER","65387.00"
"POLICE OFFICER","109352.00"
"POLICE OFFICER","109352.00"
"POLICE OFFICER","109352.00"
"POLICE OFFICER","109352.00"
"POLICE OFFICER","109352.00"
"POLICE OFFICER","109352.00"
"POLICE OFFICER","109352.00"
"POLICE OFFICER","109352.00"
"POLICE OFFICER","109352.00"
"P.O. DA DET GR3","119248.00"
"SERGEANT-","96017.00"
"POLICE OFFICER","109352.00"
"POLICE OFFICER","109352.00"
"POLICE OFFICER","65387.00"
"POLICE OFFICER","109352.00"
"POLICE OFFICER","109352.00"
"POLICE OFFICER","53790.00"
"POLICE OFFICER","109352.00"
"POLICE OFFICER","109352.00"
"POLICE OFFICER","109352.00"
"POLICE OFFICER","109352.00"
"POLICE OFFICER","57976.00"
"P.O. DA DET GR3","119248.00"
"POLICE OFFICER","109352.00"
"POLICE OFFICER","109352.00"
"POLICE OFFICER","109352.00"
"P.O. DA DET GR3","91107.00"
"POLICE OFFICER","109352.00"
"POLICE OFFICER","65387.00"
"POLICE OFFICER","109352.00"
"POLICE OFFICER","109352.00"
"POLICE OFFICER","109352.00"
"POLICE OFFICER","62872.00"
"POLICE OFFICER","109352.00"
"POLICE OFFICER","109352.00"
"POLICE OFFICER","109352.00"
"POLICE OFFICER","55982.00"
"POLICE OFFICER","109352.00"
"POLICE OFFICER","109352.00"
"TRAFFIC ENFORCEMENT AGENT","49830.00"
"POLICE OFFICER","55942.00"
"POLICE COMMUNICATIONS TECHNICIAN","61883.00"
"COMMUNITY ASSISTANT","43460.00"
"POLICE OFFICER","65387.00"
"SCHOOL SAFETY AGENT","56508.00"
"SCHOOL SAFETY AGENT","56508.00"
"CRIME ANALYST","63667.00"
"POLICE OFFICER","57976.00"
"POLICE OFFICER","55942.00"
"POLICE OFFICER","59065.00"
"POLICE OFFICER","57976.00"
"POLICE OFFICER","60363.00"
"POLICE COMMUNICATIONS TECHNICIAN","61883.00"
"POLICE COMMUNICATIONS TECHNICIAN","61883.00"
"POLICE COMMUNICATIONS TECHNICIAN","61883.00"
"POLICE COMMUNICATIONS TECHNICIAN","61883.00"
"POLICE COMMUNICATIONS TECHNICIAN","61883.00"
"POLICE COMMUNICATIONS TECHNICIAN","57805.00"
"POLICE COMMUNICATIONS TECHNICIAN","61883.00"
"POLICE COMMUNICATIONS TECHNICIAN","61883.00"
"POLICE COMMUNICATIONS TECHNICIAN","61883.00"
"POLICE ADMINISTRATIVE AIDE","47100.00"
"POLICE OFFICER","57976.00"
"POLICE COMMUNICATIONS TECHNICIAN","61883.00"
"POLICE COMMUNICATIONS TECHNICIAN","59935.00"
"POLICE OFFICER","57976.00"
"POLICE OFFICER","57976.00"
"POLICE COMMUNICATIONS TECHNICIAN","61883.00"
"POLICE COMMUNICATIONS TECHNICIAN","61883.00"
"POLICE ADMINISTRATIVE AIDE","48631.00"
"POLICE COMMUNICATIONS TECHNICIAN","59935.00"
"POLICE COMMUNICATIONS TECHNICIAN","61883.00"
"POLICE COMMUNICATIONS TECHNICIAN","57805.00"
"POLICE COMMUNICATIONS TECHNICIAN","61883.00"
"POLICE ADMINISTRATIVE AIDE","48631.00"
"POLICE OFFICER","57976.00"
"POLICE COMMUNICATIONS TECHNICIAN","61883.00"
"POLICE OFFICER","57976.00"
"POLICE COMMUNICATIONS TECHNICIAN","61883.00"
"COMPUTER AIDE-NON-SPVR","54779.00"
"POLICE COMMUNICATIONS TECHNICIAN","61883.00"
"TRAFFIC ENFORCEMENT AGENT","47621.00"
"SENIOR POLICE ADMINISTRATIVE AIDE","58707.00"
"POLICE COMMUNICATIONS TECHNICIAN","44403.00"
"POLICE OFFICER","55942.00"
"POLICE OFFICER","59065.00"
"POLICE OFFICER","55942.00"
"POLICE OFFICER","55942.00"
"TRAFFIC ENFORCEMENT AGENT","48769.00"
"POLICE OFFICER","59065.00"
"POLICE OFFICER","60363.00"
"POLICE OFFICER","60363.00"
"POLICE OFFICER","60363.00"
"POLICE OFFICER","60363.00"
"POLICE OFFICER","60363.00"
"POLICE OFFICER","60363.00"
"POLICE OFFICER","60363.00"
"POLICE OFFICER","60363.00"
"POLICE OFFICER","60363.00"
"POLICE OFFICER","60363.00"
"POLICE OFFICER","60363.00"
"POLICE OFFICER","60363.00"
"POLICE OFFICER","60363.00"
"POLICE OFFICER","60363.00"
"POLICE OFFICER","65387.00"
"POLICE OFFICER","60363.00"
"POLICE OFFICER","59065.00"
"POLICE OFFICER","60363.00"
"POLICE OFFICER","60363.00"
"POLICE OFFICER","60363.00"
"POLICE OFFICER","60363.00"
"POLICE OFFICER","60363.00"
"POLICE OFFICER","60363.00"
"POLICE OFFICER","60363.00"
"POLICE OFFICER","60363.00"
"POLICE OFFICER","60363.00"
"POLICE OFFICER","60363.00"
"POLICE OFFICER","60363.00"
"POLICE OFFICER","57976.00"
"POLICE OFFICER","60363.00"
"POLICE OFFICER","59065.00"
"POLICE OFFICER","59065.00"
"POLICE OFFICER","60363.00"
"POLICE OFFICER","60363.00"
"POLICE OFFICER","60363.00"
"POLICE OFFICER","56793.00"
"POLICE OFFICER","57976.00"
"POLICE OFFICER","60363.00"
"POLICE OFFICER","65387.00"
"POLICE OFFICER","65387.00"
"POLICE OFFICER","65387.00"
"POLICE OFFICER","65387.00"
"POLICE OFFICER","65387.00"
"POLICE OFFICER","59065.00"
"POLICE OFFICER","65387.00"
"POLICE OFFICER","65387.00"
"POLICE OFFICER","65387.00"
"POLICE OFFICER","65387.00"
"POLICE OFFICER","65387.00"
"POLICE OFFICER","65387.00"
"POLICE OFFICER","65387.00"
"POLICE OFFICER","65387.00"
"POLICE OFFICER","65387.00"
"POLICE OFFICER","65387.00"
"POLICE OFFICER","65387.00"
"POLICE OFFICER","62872.00"
"POLICE OFFICER","65387.00"
"POLICE OFFICER","59065.00"
"POLICE OFFICER","65387.00"
"POLICE OFFICER","65387.00"
"POLICE OFFICER","65387.00"
"POLICE OFFICER","58041.00"
"P.O. DA DET GR3","91107.00"
"POLICE OFFICER","60363.00"
"POLICE OFFICER","65387.00"
"POLICE OFFICER","65387.00"
"POLICE OFFICER","65387.00"
"POLICE OFFICER","65387.00"
"P.O. DA DET GR3","91107.00"
"POLICE OFFICER","65387.00"
"POLICE OFFICER","65387.00"
"POLICE OFFICER","65387.00"
"POLICE OFFICER","65387.00"
"POLICE OFFICER","65387.00"
"POLICE OFFICER","65387.00"
"POLICE OFFICER","65387.00"
"POLICE OFFICER","65387.00"
"POLICE OFFICER","65387.00"
"POLICE OFFICER","65387.00"
"POLICE OFFICER","65387.00"
"POLICE OFFICER","65387.00"
"POLICE OFFICER","65387.00"
"POLICE OFFICER","65387.00"
"POLICE OFFICER","65387.00"
"POLICE OFFICER","65387.00"
"POLICE OFFICER","65387.00"
"POLICE OFFICER","65387.00"
"POLICE OFFICER","65387.00"
"POLICE OFFICER","65387.00"
"POLICE OFFICER","65387.00"
"POLICE OFFICER","65387.00"
"POLICE OFFICER","65387.00"
"POLICE OFFICER","65387.00"
"POLICE OFFICER","65387.00"
"POLICE OFFICER","65387.00"
"POLICE OFFICER","65387.00"
"POLICE OFFICER","65387.00"
"POLICE OFFICER","65387.00"
"POLICE OFFICER","65387.00"
"POLICE OFFICER","65387.00"
"POLICE OFFICER","65387.00"
"POLICE OFFICER","65387.00"
"POLICE OFFICER","65387.00"
"POLICE OFFICER","65387.00"
"POLICE OFFICER","65387.00"
"POLICE OFFICER","65387.00"
"POLICE OFFICER","65387.00"
"POLICE OFFICER","65387.00"
"POLICE OFFICER","65387.00"
"POLICE OFFICER","65387.00"
"POLICE OFFICER","65387.00"
"POLICE OFFICER","65387.00"
"POLICE OFFICER","65387.00"
"POLICE OFFICER","65387.00"
"POLICE OFFICER","58041.00"
"POLICE OFFICER","65387.00"
"POLICE OFFICER","65387.00"
"POLICE OFFICER","65387.00"
"POLICE OFFICER","65387.00"
"POLICE OFFICER","65387.00"
"POLICE OFFICER","65387.00"
"POLICE OFFICER","65387.00"
"POLICE OFFICER","65387.00"
"POLICE OFFICER","65387.00"
"POLICE OFFICER","65387.00"
"POLICE OFFICER","65387.00"
"POLICE OFFICER","65387.00"
"POLICE OFFICER","65387.00"
"POLICE OFFICER","65387.00"
"POLICE OFFICER","65387.00"
"POLICE OFFICER","65387.00"
"POLICE OFFICER","65387.00"
"POLICE OFFICER","65387.00"
"POLICE OFFICER","65387.00"
"POLICE OFFICER","65387.00"
"POLICE OFFICER","65387.00"
"POLICE OFFICER","65387.00"
"POLICE OFFICER","65387.00"
"POLICE OFFICER","65387.00"
"POLICE OFFICER","65387.00"
"POLICE OFFICER","65387.00"
"POLICE OFFICER","65387.00"
"POLICE OFFICER","65387.00"
"POLICE OFFICER","65387.00"
"POLICE OFFICER","65387.00"
"POLICE OFFICER","65387.00"
"POLICE OFFICER","65387.00"
"POLICE OFFICER","65387.00"
"POLICE OFFICER","65387.00"
"POLICE OFFICER","65387.00"
"POLICE OFFICER","65387.00"
"POLICE OFFICER","65387.00"
"POLICE OFFICER","65387.00"
"POLICE OFFICER","58041.00"
"POLICE OFFICER","65387.00"
"POLICE OFFICER","65387.00"
"POLICE OFFICER","65387.00"
"POLICE OFFICER","65387.00"
"POLICE OFFICER","65387.00"
"POLICE OFFICER","65387.00"
"POLICE OFFICER","55942.00"
"POLICE OFFICER","60363.00"
"POLICE OFFICER","59065.00"
"POLICE OFFICER","59065.00"
"BOOKKEEPER","62409.00"
"INVESTIGATOR","58925.00"
"POLICE OFFICER","60363.00"
"POLICE OFFICER","56793.00"
"POLICE OFFICER","60363.00"
"POLICE OFFICER","60363.00"
"POLICE OFFICER","60363.00"
"POLICE OFFICER","59065.00"
"POLICE OFFICER","59065.00"
"POLICE OFFICER","60363.00"
"POLICE OFFICER","57976.00"
"POLICE OFFICER","59065.00"
"POLICE COMMUNICATIONS TECHNICIAN","47221.00"
"POLICE OFFICER","60363.00"
"POLICE OFFICER","56793.00"
"POLICE OFFICER","57976.00"
"POLICE OFFICER","60363.00"
"POLICE OFFICER","56793.00"
"POLICE OFFICER","60363.00"
"POLICE OFFICER","60363.00"
"POLICE OFFICER","60363.00"
"POLICE OFFICER","57976.00"
"POLICE OFFICER","60363.00"
"POLICE OFFICER","60363.00"
"POLICE OFFICER","55942.00"
"POLICE OFFICER","60363.00"
"POLICE OFFICER","60363.00"
"POLICE OFFICER","60363.00"
"POLICE COMMUNICATIONS TECHNICIAN","44265.00"
"POLICE OFFICER","65387.00"
"POLICE OFFICER","65387.00"
"POLICE OFFICER","65387.00"
"POLICE OFFICER","65387.00"
"POLICE OFFICER","65387.00"
"POLICE OFFICER","65387.00"
"POLICE OFFICER","65387.00"
"POLICE OFFICER","65387.00"
"POLICE OFFICER","65387.00"
"POLICE OFFICER","65387.00"
"POLICE OFFICER","65387.00"
"POLICE OFFICER","65387.00"
"POLICE OFFICER","60363.00"
"POLICE OFFICER","65387.00"
"POLICE OFFICER","58041.00"
"POLICE OFFICER","65387.00"
"POLICE OFFICER","65387.00"
"POLICE OFFICER","65387.00"
"POLICE OFFICER","65387.00"
"POLICE OFFICER","65387.00"
"POLICE OFFICER","65387.00"
"POLICE OFFICER","65387.00"
"POLICE OFFICER","65387.00"
"P.O. DET SPEC","84599.00"
"POLICE OFFICER","65387.00"
"POLICE OFFICER","65387.00"
"POLICE OFFICER","60363.00"
"POLICE OFFICER","65387.00"
"POLICE OFFICER","65387.00"
"POLICE OFFICER","65387.00"
"POLICE OFFICER","65387.00"
"POLICE OFFICER","65387.00"
"POLICE OFFICER","65387.00"
"POLICE OFFICER","65387.00"
"POLICE OFFICER","65387.00"
"POLICE OFFICER","65387.00"
"POLICE OFFICER","65387.00"
"POLICE OFFICER","65387.00"
"POLICE OFFICER","65387.00"
"POLICE OFFICER","65387.00"
"POLICE OFFICER","65387.00"
"POLICE OFFICER","65387.00"
"POLICE OFFICER","56793.00"
"POLICE OFFICER","65387.00"
"POLICE OFFICER","65387.00"
"POLICE OFFICER","65387.00"
"POLICE OFFICER","65387.00"
"POLICE OFFICER","58041.00"
"POLICE OFFICER","65387.00"
"POLICE OFFICER","56793.00"
"POLICE OFFICER","55942.00"
"POLICE OFFICER","65387.00"
"POLICE OFFICER","54790.00"
"POLICE OFFICER","65387.00"
"POLICE OFFICER","60363.00"
"POLICE OFFICER","65387.00"
"POLICE OFFICER","65387.00"
"POLICE OFFICER","65387.00"
"POLICE OFFICER","65387.00"
"POLICE OFFICER","65387.00"
"POLICE OFFICER","65387.00"
"POLICE OFFICER","65387.00"
"POLICE OFFICER","65387.00"
"POLICE OFFICER","65387.00"
"POLICE OFFICER","65387.00"
"POLICE OFFICER","65387.00"
"POLICE OFFICER","65387.00"
"POLICE OFFICER","65387.00"
"POLICE OFFICER","65387.00"
"POLICE OFFICER","65387.00"
"POLICE OFFICER","65387.00"
"POLICE OFFICER","65387.00"
"POLICE OFFICER","65387.00"
"POLICE OFFICER","65387.00"
"POLICE OFFICER","65387.00"
"POLICE OFFICER","60363.00"
"POLICE OFFICER","65387.00"
"POLICE OFFICER","65387.00"
"POLICE OFFICER","65387.00"
"POLICE OFFICER","65387.00"
"POLICE OFFICER","65387.00"
"POLICE OFFICER","65387.00"
"POLICE OFFICER","65387.00"
"POLICE OFFICER","65387.00"
"POLICE OFFICER","65387.00"
"POLICE OFFICER","60363.00"
"POLICE OFFICER","65387.00"
"POLICE OFFICER","65387.00"
"POLICE OFFICER","65387.00"
"SCHOOL SAFETY AGENT","40502.00"
"POLICE OFFICER","65387.00"
"POLICE OFFICER","65387.00"
"POLICE OFFICER","58041.00"
"POLICE OFFICER","65387.00"
"POLICE OFFICER","65387.00"
"POLICE OFFICER","60363.00"
"POLICE OFFICER","65387.00"
"POLICE OFFICER","65387.00"
"POLICE OFFICER","65387.00"
"POLICE OFFICER","65387.00"
"POLICE OFFICER","65387.00"
"P.O. DA DET GR3","84599.00"
"POLICE OFFICER","56793.00"
"POLICE OFFICER","65387.00"
"POLICE OFFICER","65387.00"
"POLICE OFFICER","65387.00"
"POLICE OFFICER","65387.00"
"POLICE OFFICER","65387.00"
"POLICE OFFICER","65387.00"
"POLICE OFFICER","65387.00"
"POLICE OFFICER","65387.00"
"POLICE OFFICER","65387.00"
"POLICE OFFICER","65387.00"
"POLICE OFFICER","59065.00"
"POLICE OFFICER","65387.00"
"POLICE OFFICER","65387.00"
"POLICE OFFICER","65387.00"
"POLICE OFFICER","59065.00"
"POLICE OFFICER","58041.00"
"POLICE OFFICER","65387.00"
"POLICE OFFICER","65387.00"
"POLICE OFFICER","65387.00"
"POLICE OFFICER","65387.00"
"POLICE OFFICER","65387.00"
"POLICE OFFICER","65387.00"
"POLICE OFFICER","65387.00"
"POLICE OFFICER","65387.00"
"POLICE OFFICER","65387.00"
"POLICE OFFICER","65387.00"
"POLICE OFFICER","65387.00"
"POLICE OFFICER","65387.00"
"POLICE OFFICER","65387.00"
"POLICE OFFICER","65387.00"
"POLICE OFFICER","65387.00"
"POLICE OFFICER","65387.00"
"POLICE OFFICER","65387.00"
"POLICE OFFICER","65387.00"
"POLICE OFFICER","65387.00"
"POLICE OFFICER","65387.00"
"POLICE OFFICER","65387.00"
"POLICE OFFICER","65387.00"
"POLICE OFFICER","65387.00"
"POLICE OFFICER","65387.00"
"POLICE OFFICER","65387.00"
"POLICE OFFICER","65387.00"
"POLICE OFFICER","65387.00"
"POLICE OFFICER","65387.00"
"POLICE OFFICER","65387.00"
"POLICE OFFICER","65387.00"
"POLICE OFFICER","65387.00"
"POLICE OFFICER","65387.00"
"P.O. DA DET GR3","84599.00"
"POLICE OFFICER","65387.00"
"POLICE OFFICER","65387.00"
"POLICE OFFICER","65387.00"
"POLICE OFFICER","65387.00"
"POLICE OFFICER","59065.00"
"POLICE OFFICER","59065.00"
"POLICE OFFICER","59065.00"
"POLICE OFFICER","55746.00"
"POLICE OFFICER","59065.00"
"POLICE OFFICER","59065.00"
"POLICE OFFICER","55746.00"
"POLICE OFFICER","59065.00"
"POLICE OFFICER","59065.00"
"POLICE OFFICER","59065.00"
"POLICE OFFICER","56793.00"
"POLICE OFFICER","59065.00"
"POLICE OFFICER","59065.00"
"POLICE OFFICER","59065.00"
"POLICE OFFICER","59065.00"
"POLICE OFFICER","59065.00"
"POLICE OFFICER","59065.00"
"POLICE OFFICER","59065.00"
"POLICE OFFICER","59065.00"
"POLICE OFFICER","59065.00"
"POLICE OFFICER","59065.00"
"POLICE OFFICER","59065.00"
"POLICE OFFICER","59065.00"
"POLICE OFFICER","59065.00"
"POLICE OFFICER","55746.00"
"POLICE OFFICER","59065.00"
"POLICE OFFICER","59065.00"
"POLICE OFFICER","59065.00"
"POLICE OFFICER","59065.00"
"POLICE OFFICER","59065.00"
"POLICE OFFICER","59065.00"
"POLICE OFFICER","59065.00"
"POLICE OFFICER","59065.00"
"POLICE OFFICER","59065.00"
"POLICE OFFICER","59065.00"
"POLICE OFFICER","59065.00"
"POLICE OFFICER","59065.00"
"POLICE OFFICER","57976.00"
"POLICE OFFICER","59065.00"
"POLICE OFFICER","59065.00"
"POLICE OFFICER","59065.00"
"POLICE OFFICER","59065.00"
"POLICE OFFICER","59065.00"
"POLICE OFFICER","59065.00"
"POLICE OFFICER","59065.00"
"POLICE OFFICER","59065.00"
"POLICE OFFICER","59065.00"
"POLICE OFFICER","59065.00"
"POLICE OFFICER","59065.00"
"POLICE OFFICER","59065.00"
"POLICE OFFICER","59065.00"
"POLICE OFFICER","59065.00"
"POLICE OFFICER","59065.00"
"POLICE OFFICER","59065.00"
"POLICE OFFICER","59065.00"
"POLICE OFFICER","59065.00"
"POLICE OFFICER","59065.00"
"POLICE OFFICER","59065.00"
"POLICE OFFICER","59065.00"
"POLICE OFFICER","59065.00"
"POLICE OFFICER","59065.00"
"POLICE OFFICER","59065.00"
"POLICE OFFICER","57976.00"
"POLICE OFFICER","59065.00"
"POLICE OFFICER","59065.00"
"POLICE OFFICER","59065.00"
"POLICE OFFICER","59065.00"
"POLICE OFFICER","59065.00"
"POLICE OFFICER","59065.00"
"POLICE OFFICER","59065.00"
"POLICE OFFICER","59065.00"
"POLICE OFFICER","59065.00"
"POLICE OFFICER","59065.00"
"POLICE OFFICER","59065.00"
"POLICE OFFICER","55746.00"
"POLICE OFFICER","59065.00"
"POLICE OFFICER","59065.00"
"POLICE OFFICER","59065.00"
"POLICE OFFICER","59065.00"
"POLICE OFFICER","59065.00"
"POLICE OFFICER","59065.00"
"POLICE OFFICER","59065.00"
"POLICE OFFICER","59065.00"
"POLICE OFFICER","59065.00"
"POLICE OFFICER","59065.00"
"POLICE OFFICER","59065.00"
"POLICE OFFICER","59065.00"
"POLICE OFFICER","59065.00"
"POLICE OFFICER","59065.00"
"POLICE OFFICER","59065.00"
"POLICE OFFICER","59065.00"
"POLICE OFFICER","59065.00"
"POLICE OFFICER","59065.00"
"POLICE OFFICER","59065.00"
"POLICE OFFICER","59065.00"
"POLICE OFFICER","59065.00"
"POLICE OFFICER","59065.00"
"POLICE OFFICER","59065.00"
"POLICE OFFICER","59065.00"
"POLICE OFFICER","59065.00"
"POLICE OFFICER","59065.00"
"POLICE OFFICER","57976.00"
"POLICE OFFICER","59065.00"
"POLICE OFFICER","59065.00"
"POLICE OFFICER","59065.00"
"POLICE OFFICER","59065.00"
"POLICE OFFICER","59065.00"
"POLICE OFFICER","59065.00"
"POLICE OFFICER","59065.00"
"POLICE OFFICER","59065.00"
"POLICE OFFICER","59065.00"
"POLICE OFFICER","59065.00"
"POLICE OFFICER","59065.00"
"POLICE OFFICER","59065.00"
"POLICE OFFICER","59065.00"
"POLICE OFFICER","59065.00"
"POLICE OFFICER","59065.00"
"POLICE OFFICER","59065.00"
"POLICE OFFICER","59065.00"
"POLICE OFFICER","59065.00"
"POLICE OFFICER","59065.00"
"POLICE OFFICER","59065.00"
"POLICE OFFICER","55746.00"
"POLICE OFFICER","59065.00"
"POLICE OFFICER","59065.00"
"POLICE OFFICER","59065.00"
"POLICE OFFICER","59065.00"
"POLICE OFFICER","59065.00"
"POLICE OFFICER","59065.00"
"POLICE OFFICER","59065.00"
"POLICE OFFICER","55942.00"
"POLICE OFFICER","56793.00"
"POLICE OFFICER","59065.00"
"POLICE OFFICER","59065.00"
"POLICE OFFICER","59065.00"
"POLICE OFFICER","59065.00"
"POLICE OFFICER","59065.00"
"POLICE OFFICER","59065.00"
"POLICE OFFICER","59065.00"
"POLICE OFFICER","59065.00"
"POLICE OFFICER","59065.00"
"POLICE OFFICER","59065.00"
"POLICE OFFICER","59065.00"
"POLICE OFFICER","59065.00"
"POLICE OFFICER","59065.00"
"POLICE OFFICER","59065.00"
"POLICE OFFICER","59065.00"
"POLICE OFFICER","57976.00"
"POLICE OFFICER","59065.00"
"POLICE OFFICER","59065.00"
"P.O. DET SPEC","78090.00"
"POLICE OFFICER","59065.00"
"POLICE OFFICER","59065.00"
"POLICE OFFICER","59065.00"
"SCHOOL SAFETY AGENT","39206.00"
"SCHOOL SAFETY AGENT","41797.00"
"POLICE OFFICER","55942.00"
"POLICE OFFICER","55942.00"
"POLICE OFFICER","57976.00"
"SCHOOL SAFETY AGENT","41797.00"
"SCHOOL SAFETY AGENT","41797.00"
"POLICE OFFICER","57976.00"
"SCHOOL SAFETY AGENT","41797.00"
"SCHOOL SAFETY AGENT","41797.00"
"SCHOOL SAFETY AGENT","40580.00"
"SCHOOL SAFETY AGENT","41797.00"
"SCHOOL SAFETY AGENT","41797.00"
"SCHOOL SAFETY AGENT","41797.00"
"SCHOOL SAFETY AGENT","41797.00"
"POLICE OFFICER","57976.00"
"SCHOOL SAFETY AGENT","39398.00"
"SCHOOL SAFETY AGENT","41797.00"
"SCHOOL SAFETY AGENT","41797.00"
"POLICE OFFICER","57976.00"
"POLICE OFFICER","57976.00"
"SCHOOL SAFETY AGENT","41797.00"
"SCHOOL SAFETY AGENT","41797.00"
"SCHOOL SAFETY AGENT","41797.00"
"POLICE OFFICER","59065.00"
"SCHOOL SAFETY AGENT","35879.00"
"SCHOOL SAFETY AGENT","41797.00"
"SCHOOL SAFETY AGENT","41797.00"
"SCHOOL SAFETY AGENT","41797.00"
"SCHOOL SAFETY AGENT","41797.00"
"POLICE OFFICER","57976.00"
"POLICE OFFICER","57976.00"
"SCHOOL SAFETY AGENT","41797.00"
"SCHOOL SAFETY AGENT","41797.00"
"SCHOOL SAFETY AGENT","35879.00"
"SCHOOL SAFETY AGENT","41797.00"
"POLICE OFFICER","57976.00"
"POLICE OFFICER","55942.00"
"SCHOOL SAFETY AGENT","41797.00"
"SCHOOL SAFETY AGENT","41797.00"
"SCHOOL SAFETY AGENT","41797.00"
"SCHOOL SAFETY AGENT","41797.00"
"POLICE OFFICER","55942.00"
"POLICE OFFICER","55942.00"
"SCHOOL SAFETY AGENT","41797.00"
"POLICE OFFICER","57976.00"
"SCHOOL SAFETY AGENT","41797.00"
"POLICE OFFICER","55942.00"
"SCHOOL SAFETY AGENT","41797.00"
"SCHOOL SAFETY AGENT","39322.00"
"SCHOOL SAFETY AGENT","41797.00"
"SCHOOL SAFETY AGENT","35879.00"
"SCHOOL SAFETY AGENT","41797.00"
"POLICE OFFICER","57976.00"
"SCHOOL SAFETY AGENT","41797.00"
"SCHOOL SAFETY AGENT","41797.00"
"POLICE OFFICER","55942.00"
"SCHOOL SAFETY AGENT","40580.00"
"SCHOOL SAFETY AGENT","41797.00"
"SCHOOL SAFETY AGENT","41797.00"
"SCHOOL SAFETY AGENT","41797.00"
"POLICE OFFICER","59065.00"
"POLICE OFFICER","59065.00"
"POLICE OFFICER","55942.00"
"SCHOOL SAFETY AGENT","41797.00"
"POLICE OFFICER","57976.00"
"POLICE OFFICER","55942.00"
"SCHOOL SAFETY AGENT","41797.00"
"SCHOOL SAFETY AGENT","41797.00"
"SCHOOL SAFETY AGENT","40580.00"
"POLICE COMMUNICATIONS TECHNICIAN","57805.00"
"POLICE COMMUNICATIONS TECHNICIAN","57805.00"
"POLICE COMMUNICATIONS TECHNICIAN","61883.00"
"POLICE COMMUNICATIONS TECHNICIAN","44403.00"
"POLICE OFFICER","59065.00"
"POLICE OFFICER","57976.00"
"POLICE COMMUNICATIONS TECHNICIAN","57805.00"
"TRAFFIC ENFORCEMENT AGENT","48128.00"
"POLICE COMMUNICATIONS TECHNICIAN","57805.00"
"FINGERPRINT TECHNICIAN TRAINEE","34281.00"
"POLICE COMMUNICATIONS TECHNICIAN","61883.00"
"POLICE COMMUNICATIONS TECHNICIAN","57805.00"
"POLICE COMMUNICATIONS TECHNICIAN","55985.00"
"POLICE COMMUNICATIONS TECHNICIAN","57805.00"
"POLICE COMMUNICATIONS TECHNICIAN","57805.00"
"POLICE COMMUNICATIONS TECHNICIAN","57805.00"
"POLICE COMMUNICATIONS TECHNICIAN","61883.00"
"POLICE COMMUNICATIONS TECHNICIAN","61883.00"
"SCHOOL SAFETY AGENT","40502.00"
"POLICE OFFICER","55942.00"
"POLICE COMMUNICATIONS TECHNICIAN","57805.00"
"POLICE ADMINISTRATIVE AIDE","48631.00"
"POLICE ADMINISTRATIVE AIDE","48631.00"
"POLICE OFFICER","55942.00"
"POLICE ADMINISTRATIVE AIDE","48631.00"
"POLICE ADMINISTRATIVE AIDE","48631.00"
"POLICE ADMINISTRATIVE AIDE","48631.00"
"POLICE ADMINISTRATIVE AIDE","48631.00"
"POLICE ADMINISTRATIVE AIDE","48631.00"
"POLICE ADMINISTRATIVE AIDE","48631.00"
"POLICE ADMINISTRATIVE AIDE","48631.00"
"POLICE ADMINISTRATIVE AIDE","39763.00"
"POLICE ADMINISTRATIVE AIDE","48631.00"
"POLICE ADMINISTRATIVE AIDE","48631.00"
"POLICE ADMINISTRATIVE AIDE","48631.00"
"POLICE ADMINISTRATIVE AIDE","47100.00"
"POLICE ADMINISTRATIVE AIDE","48631.00"
"POLICE ADMINISTRATIVE AIDE","48631.00"
"POLICE ADMINISTRATIVE AIDE","48631.00"
"POLICE ADMINISTRATIVE AIDE","39763.00"
"POLICE ADMINISTRATIVE AIDE","48631.00"
"POLICE ADMINISTRATIVE AIDE","48631.00"
"POLICE ADMINISTRATIVE AIDE","47100.00"
"POLICE ADMINISTRATIVE AIDE","48631.00"
"POLICE ADMINISTRATIVE AIDE","48631.00"
"POLICE ADMINISTRATIVE AIDE","48631.00"
"POLICE ADMINISTRATIVE AIDE","48631.00"
"POLICE ADMINISTRATIVE AIDE","48631.00"
"POLICE ADMINISTRATIVE AIDE","48631.00"
"POLICE ADMINISTRATIVE AIDE","48631.00"
"POLICE ADMINISTRATIVE AIDE","48631.00"
"POLICE ADMINISTRATIVE AIDE","48631.00"
"POLICE COMMUNICATIONS TECHNICIAN","47222.00"
"POLICE SURGEON","151787.00"
"POLICE OFFICER","55942.00"
"POLICE OFFICER","55942.00"
"CRIMINALIST","76620.00"
"CRIMINALIST","76620.00"
"POLICE OFFICER","55942.00"
"CRIMINALIST","64029.00"
"AGENCY ATTORNEY","84498.00"
"ASSISTANT PRINTING PRESS OPERATOR","69320.00"
"INTELLIGENCE RESEARCH SPECIALIST-PD","87686.00"
"COMPUTER ASSOCIATE","82149.00"
"FINGERPRINT TECHNICIAN TRAINEE","40607.00"
"POLICE OFFICER","57976.00"
"POLICE OFFICER","59065.00"
"POLICE OFFICER","59065.00"
"POLICE OFFICER","59065.00"
"POLICE OFFICER","59065.00"
"POLICE OFFICER","59065.00"
"POLICE OFFICER","59065.00"
"POLICE OFFICER","59065.00"
"POLICE OFFICER","59065.00"
"POLICE OFFICER","59065.00"
"POLICE OFFICER","59065.00"
"POLICE OFFICER","59065.00"
"POLICE OFFICER","59065.00"
"POLICE OFFICER","59065.00"
"POLICE OFFICER","59065.00"
"POLICE OFFICER","55942.00"
"POLICE OFFICER","59065.00"
"POLICE OFFICER","59065.00"
"POLICE OFFICER","59065.00"
"POLICE OFFICER","59065.00"
"POLICE OFFICER","59065.00"
"POLICE OFFICER","59065.00"
"POLICE OFFICER","59065.00"
"POLICE OFFICER","59065.00"
"POLICE OFFICER","59065.00"
"POLICE OFFICER","59065.00"
"POLICE OFFICER","59065.00"
"POLICE OFFICER","59065.00"
"POLICE OFFICER","59065.00"
"POLICE OFFICER","59065.00"
"POLICE OFFICER","59065.00"
"POLICE OFFICER","57976.00"
"POLICE OFFICER","59065.00"
"POLICE OFFICER","59065.00"
"POLICE OFFICER","59065.00"
"POLICE OFFICER","59065.00"
"POLICE OFFICER","59065.00"
"POLICE OFFICER","59065.00"
"POLICE OFFICER","59065.00"
"POLICE OFFICER","59065.00"
"POLICE OFFICER","59065.00"
"POLICE OFFICER","59065.00"
"POLICE OFFICER","59065.00"
"POLICE OFFICER","59065.00"
"POLICE OFFICER","59065.00"
"POLICE OFFICER","59065.00"
"POLICE OFFICER","55942.00"
"POLICE OFFICER","59065.00"
"POLICE OFFICER","59065.00"
"POLICE OFFICER","59065.00"
"POLICE OFFICER","59065.00"
"POLICE OFFICER","55746.00"
"POLICE OFFICER","59065.00"
"POLICE OFFICER","59065.00"
"POLICE OFFICER","59065.00"
"POLICE OFFICER","59065.00"
"POLICE OFFICER","59065.00"
"POLICE OFFICER","59065.00"
"POLICE OFFICER","59065.00"
"POLICE OFFICER","59065.00"
"POLICE OFFICER","59065.00"
"POLICE OFFICER","59065.00"
"POLICE OFFICER","59065.00"
"POLICE OFFICER","57976.00"
"POLICE OFFICER","59065.00"
"POLICE OFFICER","59065.00"
"POLICE OFFICER","57976.00"
"POLICE OFFICER","59065.00"
"POLICE OFFICER","59065.00"
"POLICE OFFICER","59065.00"
"POLICE OFFICER","59065.00"
"POLICE OFFICER","59065.00"
"POLICE OFFICER","59065.00"
"POLICE OFFICER","59065.00"
"POLICE OFFICER","59065.00"
"POLICE OFFICER","59065.00"
"POLICE OFFICER","59065.00"
"POLICE OFFICER","59065.00"
"POLICE OFFICER","59065.00"
"POLICE OFFICER","53790.00"
"POLICE OFFICER","57976.00"
"POLICE OFFICER","57976.00"
"POLICE OFFICER","57976.00"
"POLICE OFFICER","57976.00"
"POLICE OFFICER","57976.00"
"POLICE OFFICER","57976.00"
"POLICE OFFICER","57976.00"
"POLICE OFFICER","57976.00"
"POLICE OFFICER","57976.00"
"POLICE OFFICER","57976.00"
"POLICE OFFICER","57976.00"
"POLICE OFFICER","57976.00"
"POLICE OFFICER","57976.00"
"POLICE OFFICER","55942.00"
"POLICE OFFICER","57976.00"
"POLICE OFFICER","57976.00"
"POLICE OFFICER","57976.00"
"POLICE OFFICER","57976.00"
"POLICE OFFICER","57976.00"
"POLICE OFFICER","57976.00"
"POLICE OFFICER","57976.00"
"POLICE OFFICER","57976.00"
"POLICE OFFICER","57976.00"
"POLICE OFFICER","57976.00"
"POLICE OFFICER","57976.00"
"POLICE OFFICER","57976.00"
"POLICE OFFICER","57976.00"
"POLICE OFFICER","57976.00"
"POLICE OFFICER","57976.00"
"POLICE OFFICER","57976.00"
"POLICE OFFICER","57976.00"
"POLICE OFFICER","57976.00"
"POLICE OFFICER","57976.00"
"POLICE OFFICER","57976.00"
"POLICE OFFICER","57976.00"
"POLICE OFFICER","57976.00"
"POLICE OFFICER","57976.00"
"POLICE OFFICER","57976.00"
"POLICE OFFICER","57976.00"
"POLICE OFFICER","57976.00"
"POLICE OFFICER","53790.00"
"POLICE OFFICER","57976.00"
"POLICE OFFICER","57976.00"
"POLICE OFFICER","57976.00"
"POLICE OFFICER","57976.00"
"POLICE OFFICER","57976.00"
"POLICE OFFICER","57976.00"
"POLICE OFFICER","57976.00"
"POLICE OFFICER","57976.00"
"POLICE OFFICER","57976.00"
"POLICE OFFICER","57976.00"
"POLICE OFFICER","57976.00"
"POLICE OFFICER","57976.00"
"POLICE OFFICER","57976.00"
"POLICE OFFICER","57976.00"
"POLICE OFFICER","57976.00"
"POLICE OFFICER","57976.00"
"POLICE OFFICER","57976.00"
"POLICE OFFICER","57976.00"
"POLICE OFFICER","57976.00"
"POLICE OFFICER","57976.00"
"POLICE OFFICER","57976.00"
"POLICE OFFICER","57976.00"
"POLICE OFFICER","53790.00"
"POLICE OFFICER","57976.00"
"POLICE OFFICER","57976.00"
"POLICE OFFICER","57976.00"
"POLICE OFFICER","57976.00"
"POLICE OFFICER","57976.00"
"POLICE OFFICER","57976.00"
"POLICE OFFICER","57976.00"
"POLICE OFFICER","57976.00"
"POLICE OFFICER","57976.00"
"POLICE OFFICER","53790.00"
"POLICE OFFICER","57976.00"
"POLICE OFFICER","53790.00"
"POLICE OFFICER","57976.00"
"POLICE OFFICER","57976.00"
"POLICE OFFICER","57976.00"
"POLICE OFFICER","53790.00"
"POLICE OFFICER","57976.00"
"POLICE OFFICER","57976.00"
"POLICE OFFICER","57976.00"
"POLICE OFFICER","57976.00"
"POLICE OFFICER","55942.00"
"POLICE OFFICER","57976.00"
"POLICE OFFICER","57976.00"
"POLICE OFFICER","53790.00"
"POLICE OFFICER","57976.00"
"POLICE OFFICER","57976.00"
"POLICE OFFICER","53790.00"
"POLICE OFFICER","57976.00"
"POLICE OFFICER","57976.00"
"POLICE OFFICER","57976.00"
"POLICE OFFICER","55942.00"
"POLICE OFFICER","57976.00"
"POLICE OFFICER","57976.00"
"POLICE OFFICER","57976.00"
"POLICE OFFICER","57976.00"
"POLICE OFFICER","57976.00"
"POLICE OFFICER","57976.00"
"POLICE OFFICER","55942.00"
"POLICE OFFICER","57976.00"
"POLICE OFFICER","57976.00"
"POLICE OFFICER","57976.00"
"POLICE OFFICER","57976.00"
"POLICE OFFICER","57976.00"
"POLICE OFFICER","57976.00"
"POLICE OFFICER","57976.00"
"POLICE OFFICER","57976.00"
"POLICE OFFICER","57976.00"
"POLICE OFFICER","57976.00"
"POLICE OFFICER","57976.00"
"POLICE OFFICER","57976.00"
"POLICE OFFICER","57976.00"
"POLICE OFFICER","57976.00"
"POLICE OFFICER","57976.00"
"POLICE OFFICER","57976.00"
"POLICE OFFICER","57976.00"
"POLICE OFFICER","57976.00"
"POLICE OFFICER","57976.00"
"POLICE OFFICER","57976.00"
"POLICE OFFICER","55942.00"
"POLICE OFFICER","57976.00"
"POLICE OFFICER","57976.00"
"POLICE OFFICER","57976.00"
"POLICE OFFICER","57976.00"
"POLICE OFFICER","53790.00"
"POLICE OFFICER","57976.00"
"POLICE OFFICER","57976.00"
"POLICE OFFICER","57976.00"
"POLICE OFFICER","57976.00"
"POLICE OFFICER","57976.00"
"POLICE OFFICER","57976.00"
"POLICE OFFICER","55942.00"
"POLICE OFFICER","57976.00"
"POLICE OFFICER","57976.00"
"POLICE OFFICER","57976.00"
"POLICE OFFICER","57976.00"
"POLICE OFFICER","57976.00"
"POLICE OFFICER","57976.00"
"POLICE OFFICER","57976.00"
"POLICE OFFICER","57976.00"
"POLICE OFFICER","57976.00"
"POLICE OFFICER","57976.00"
"POLICE OFFICER","57976.00"
"POLICE OFFICER","57976.00"
"POLICE OFFICER","55942.00"
"SCHOOL SAFETY AGENT","40502.00"
"POLICE OFFICER","57976.00"
"POLICE OFFICER","57976.00"
"POLICE OFFICER","57976.00"
"POLICE OFFICER","57976.00"
"POLICE OFFICER","57976.00"
"POLICE OFFICER","57976.00"
"POLICE OFFICER","57976.00"
"STOCK WORKER","38680.00"
"STOCK WORKER","38680.00"
"POLICE OFFICER","57976.00"
"POLICE OFFICER","57976.00"
"POLICE OFFICER","55942.00"
"POLICE OFFICER","57976.00"
"POLICE OFFICER","57976.00"
"POLICE OFFICER","57976.00"
"POLICE OFFICER","57976.00"
"POLICE OFFICER","57976.00"
"POLICE OFFICER","57976.00"
"POLICE OFFICER","57976.00"
"POLICE OFFICER","57976.00"
"POLICE OFFICER","57976.00"
"POLICE OFFICER","57976.00"
"POLICE OFFICER","57976.00"
"POLICE OFFICER","57976.00"
"POLICE OFFICER","57976.00"
"POLICE OFFICER","57976.00"
"POLICE OFFICER","57976.00"
"POLICE OFFICER","57976.00"
"POLICE OFFICER","57976.00"
"POLICE OFFICER","57976.00"
"POLICE OFFICER","57976.00"
"POLICE OFFICER","57976.00"
"POLICE OFFICER","57976.00"
"POLICE OFFICER","57976.00"
"POLICE OFFICER","53790.00"
"POLICE OFFICER","57976.00"
"POLICE OFFICER","57976.00"
"POLICE OFFICER","57976.00"
"POLICE OFFICER","57976.00"
"POLICE OFFICER","57976.00"
"POLICE OFFICER","57976.00"
"POLICE OFFICER","57976.00"
"POLICE OFFICER","57976.00"
"POLICE OFFICER","57976.00"
"POLICE OFFICER","57976.00"
"POLICE OFFICER","57976.00"
"POLICE OFFICER","57976.00"
"POLICE OFFICER","57976.00"
"POLICE OFFICER","57976.00"
"POLICE OFFICER","57976.00"
"POLICE OFFICER","57976.00"
"POLICE OFFICER","57976.00"
"POLICE OFFICER","57976.00"
"POLICE OFFICER","57976.00"
"POLICE OFFICER","57976.00"
"POLICE OFFICER","57976.00"
"POLICE OFFICER","57976.00"
"POLICE OFFICER","57976.00"
"POLICE OFFICER","57976.00"
"POLICE OFFICER","57976.00"
"POLICE OFFICER","57976.00"
"POLICE OFFICER","57976.00"
"POLICE OFFICER","57976.00"
"POLICE OFFICER","57976.00"
"POLICE OFFICER","57976.00"
"POLICE OFFICER","57976.00"
"POLICE OFFICER","53790.00"
"POLICE OFFICER","57976.00"
"POLICE COMMUNICATIONS TECHNICIAN","45704.00"
"POLICE OFFICER","57976.00"
"POLICE OFFICER","57976.00"
"POLICE OFFICER","57976.00"
"POLICE OFFICER","57976.00"
"POLICE OFFICER","57976.00"
"POLICE OFFICER","57976.00"
"POLICE OFFICER","57976.00"
"POLICE OFFICER","57976.00"
"POLICE OFFICER","57976.00"
"POLICE OFFICER","57976.00"
"POLICE OFFICER","57976.00"
"POLICE OFFICER","57976.00"
"POLICE OFFICER","57976.00"
"POLICE OFFICER","57976.00"
"POLICE OFFICER","57976.00"
"POLICE OFFICER","57976.00"
"POLICE OFFICER","57976.00"
"POLICE OFFICER","57976.00"
"POLICE OFFICER","57976.00"
"POLICE OFFICER","57976.00"
"POLICE OFFICER","57976.00"
"POLICE OFFICER","57976.00"
"POLICE OFFICER","57976.00"
"POLICE OFFICER","57976.00"
"POLICE OFFICER","57976.00"
"POLICE OFFICER","57976.00"
"POLICE OFFICER","53790.00"
"POLICE OFFICER","57976.00"
"POLICE OFFICER","57976.00"
"POLICE OFFICER","55942.00"
"MEDIA SERVICES TECHNICIAN","48170.00"
"POLICE OFFICER","55942.00"
"POLICE OFFICER","55942.00"
"POLICE OFFICER","55942.00"
"POLICE OFFICER","57976.00"
"TRAFFIC ENFORCEMENT AGENT","47185.00"
"CITY CUSTODIAL ASSISTANT","39970.00"
"CITY CUSTODIAL ASSISTANT","39970.00"
"POLICE OFFICER","55942.00"
"POLICE OFFICER","55942.00"
"POLICE OFFICER","55942.00"
"POLICE OFFICER","55942.00"
"POLICE OFFICER","55942.00"
"POLICE OFFICER","55942.00"
"POLICE OFFICER","55942.00"
"POLICE OFFICER","55942.00"
"POLICE OFFICER","55942.00"
"POLICE OFFICER","55942.00"
"POLICE OFFICER","55942.00"
"POLICE OFFICER","55942.00"
"POLICE OFFICER","55942.00"
"POLICE OFFICER","55942.00"
"POLICE OFFICER","55942.00"
"POLICE OFFICER","55942.00"
"POLICE OFFICER","55942.00"
"POLICE OFFICER","57976.00"
"POLICE OFFICER","57976.00"
"POLICE OFFICER","57976.00"
"POLICE OFFICER","57976.00"
"POLICE OFFICER","57976.00"
"POLICE OFFICER","57976.00"
"POLICE OFFICER","57976.00"
"POLICE OFFICER","57976.00"
"POLICE OFFICER","57976.00"
"POLICE OFFICER","57976.00"
"POLICE OFFICER","57976.00"
"POLICE OFFICER","57976.00"
"POLICE OFFICER","57976.00"
"POLICE OFFICER","57976.00"
"POLICE OFFICER","57976.00"
"POLICE OFFICER","57976.00"
"POLICE OFFICER","57976.00"
"POLICE OFFICER","57976.00"
"POLICE OFFICER","57976.00"
"POLICE OFFICER","57976.00"
"POLICE OFFICER","57976.00"
"POLICE OFFICER","57976.00"
"POLICE OFFICER","57976.00"
"POLICE OFFICER","55942.00"
"POLICE OFFICER","57976.00"
"POLICE OFFICER","57976.00"
"POLICE OFFICER","57976.00"
"POLICE OFFICER","57976.00"
"POLICE OFFICER","57976.00"
"POLICE OFFICER","57976.00"
"POLICE OFFICER","57976.00"
"POLICE OFFICER","57976.00"
"POLICE OFFICER","57976.00"
"POLICE OFFICER","57976.00"
"POLICE OFFICER","57976.00"
"POLICE OFFICER","57976.00"
"POLICE OFFICER","57976.00"
"POLICE OFFICER","57976.00"
"POLICE OFFICER","57976.00"
"POLICE OFFICER","57976.00"
"POLICE OFFICER","57976.00"
"POLICE OFFICER","57976.00"
"POLICE OFFICER","57976.00"
"POLICE OFFICER","57976.00"
"POLICE OFFICER","57976.00"
"POLICE OFFICER","57976.00"
"POLICE OFFICER","57976.00"
"POLICE OFFICER","57976.00"
"POLICE OFFICER","55942.00"
"POLICE OFFICER","57976.00"
"POLICE OFFICER","57976.00"
"POLICE OFFICER","57976.00"
"POLICE OFFICER","57976.00"
"POLICE OFFICER","57976.00"
"POLICE OFFICER","57976.00"
"POLICE OFFICER","57976.00"
"POLICE OFFICER","57976.00"
"POLICE OFFICER","57976.00"
"POLICE OFFICER","57976.00"
"POLICE OFFICER","57976.00"
"POLICE OFFICER","55942.00"
"POLICE OFFICER","57976.00"
"POLICE OFFICER","57976.00"
"POLICE OFFICER","55942.00"
"POLICE OFFICER","57976.00"
"POLICE OFFICER","57976.00"
"POLICE OFFICER","57976.00"
"POLICE OFFICER","57976.00"
"POLICE OFFICER","57976.00"
"POLICE OFFICER","57976.00"
"POLICE OFFICER","57976.00"
"POLICE OFFICER","57976.00"
"POLICE OFFICER","57976.00"
"POLICE OFFICER","57976.00"
"POLICE OFFICER","57976.00"
"POLICE OFFICER","57976.00"
"POLICE OFFICER","55942.00"
"POLICE OFFICER","57976.00"
"POLICE OFFICER","55942.00"
"POLICE OFFICER","55942.00"
"POLICE OFFICER","55942.00"
"POLICE OFFICER","55942.00"
"POLICE OFFICER","55942.00"
"POLICE OFFICER","55942.00"
"POLICE OFFICER","55942.00"
"POLICE OFFICER","55942.00"
"POLICE OFFICER","55942.00"
"POLICE OFFICER","55942.00"
"POLICE OFFICER","55942.00"
"POLICE OFFICER","55942.00"
"POLICE OFFICER","55942.00"
"POLICE OFFICER","55942.00"
"POLICE OFFICER","55942.00"
"POLICE OFFICER","55942.00"
"POLICE OFFICER","55942.00"
"POLICE OFFICER","55942.00"
"POLICE OFFICER","55942.00"
"POLICE OFFICER","55942.00"
"POLICE OFFICER","55942.00"
"POLICE OFFICER","55942.00"
"POLICE OFFICER","55942.00"
"POLICE OFFICER","55942.00"
"POLICE OFFICER","55942.00"
"POLICE OFFICER","55942.00"
"POLICE OFFICER","55942.00"
"POLICE OFFICER","55942.00"
"POLICE OFFICER","55942.00"
"POLICE OFFICER","55942.00"
"POLICE OFFICER","55942.00"
"POLICE OFFICER","55942.00"
"POLICE OFFICER","55942.00"
"POLICE OFFICER","55942.00"
"POLICE OFFICER","55942.00"
"POLICE OFFICER","55942.00"
"POLICE OFFICER","53790.00"
"POLICE OFFICER","55942.00"
"POLICE OFFICER","55942.00"
"SCHOOL SAFETY AGENT","39206.00"
"POLICE OFFICER","55942.00"
"POLICE OFFICER","55942.00"
"SCHOOL SAFETY AGENT","39206.00"
"SCHOOL SAFETY AGENT","39206.00"
"POLICE OFFICER","55942.00"
"SCHOOL SAFETY AGENT","39206.00"
"SCHOOL SAFETY AGENT","39206.00"
"SCHOOL SAFETY AGENT","39206.00"
"POLICE OFFICER","55942.00"
"SCHOOL SAFETY AGENT","36955.00"
"SCHOOL SAFETY AGENT","39206.00"
"SCHOOL SAFETY AGENT","39206.00"
"SCHOOL SAFETY AGENT","38064.00"
"POLICE OFFICER","55942.00"
"SCHOOL SAFETY AGENT","39206.00"
"SCHOOL SAFETY AGENT","39206.00"
"POLICE OFFICER","55942.00"
"SCHOOL SAFETY AGENT","39206.00"
"SCHOOL SAFETY AGENT","39206.00"
"POLICE OFFICER","55942.00"
"POLICE OFFICER","55942.00"
"POLICE OFFICER","55942.00"
"POLICE OFFICER","55942.00"
"POLICE OFFICER","55942.00"
"POLICE OFFICER","55942.00"
"POLICE OFFICER","55942.00"
"POLICE OFFICER","55942.00"
"POLICE OFFICER","55942.00"
"POLICE OFFICER","55942.00"
"POLICE OFFICER","55942.00"
"POLICE OFFICER","55942.00"
"POLICE OFFICER","55942.00"
"POLICE OFFICER","55942.00"
"POLICE OFFICER","55942.00"
"POLICE OFFICER","55942.00"
"POLICE OFFICER","55942.00"
"POLICE OFFICER","55942.00"
"POLICE OFFICER","55942.00"
"POLICE OFFICER","55942.00"
"POLICE OFFICER","55942.00"
"POLICE OFFICER","55942.00"
"POLICE OFFICER","55942.00"
"POLICE OFFICER","55942.00"
"POLICE OFFICER","55942.00"
"POLICE OFFICER","55942.00"
"POLICE OFFICER","55942.00"
"POLICE OFFICER","55942.00"
"POLICE OFFICER","55942.00"
"POLICE OFFICER","55942.00"
"POLICE OFFICER","55942.00"
"POLICE OFFICER","55942.00"
"POLICE OFFICER","55942.00"
"POLICE OFFICER","55942.00"
"POLICE OFFICER","55942.00"
"POLICE OFFICER","55942.00"
"POLICE OFFICER","55942.00"
"POLICE OFFICER","55942.00"
"POLICE OFFICER","55942.00"
"POLICE OFFICER","55942.00"
"POLICE OFFICER","55942.00"
"POLICE OFFICER","55942.00"
"POLICE OFFICER","55942.00"
"POLICE OFFICER","55942.00"
"POLICE OFFICER","55942.00"
"POLICE OFFICER","55942.00"
"POLICE OFFICER","55942.00"
"POLICE OFFICER","55942.00"
"POLICE OFFICER","55942.00"
"POLICE OFFICER","55942.00"
"POLICE OFFICER","55942.00"
"POLICE OFFICER","55942.00"
"POLICE OFFICER","55942.00"
"POLICE OFFICER","55942.00"
"POLICE OFFICER","55942.00"
"POLICE OFFICER","55942.00"
"POLICE OFFICER","55942.00"
"POLICE OFFICER","55942.00"
"POLICE OFFICER","55942.00"
"POLICE OFFICER","55942.00"
"POLICE OFFICER","55942.00"
"POLICE COMMUNICATIONS TECHNICIAN","45704.00"
"POLICE OFFICER","55942.00"
"POLICE OFFICER","55942.00"
"POLICE COMMUNICATIONS TECHNICIAN","47222.00"
"POLICE OFFICER","55942.00"
"POLICE OFFICER","55942.00"
"POLICE COMMUNICATIONS TECHNICIAN","45704.00"
"SUPERVISOR OF RADIO REPAIR OPERATIONS","142273.00"
"SCHOOL SAFETY AGENT","36955.00"
"SCHOOL SAFETY AGENT","39206.00"
"SCHOOL SAFETY AGENT","39206.00"
"POLICE OFFICER","53790.00"
"POLICE OFFICER","55942.00"
"POLICE OFFICER","55942.00"
"POLICE OFFICER","55942.00"
"POLICE OFFICER","55942.00"
"POLICE OFFICER","55942.00"
"POLICE OFFICER","55942.00"
"POLICE OFFICER","55942.00"
"POLICE OFFICER","55942.00"
"POLICE OFFICER","55942.00"
"POLICE OFFICER","55942.00"
"POLICE OFFICER","55942.00"
"POLICE OFFICER","55942.00"
"POLICE OFFICER","55942.00"
"POLICE OFFICER","55942.00"
"POLICE OFFICER","55942.00"
"POLICE OFFICER","55942.00"
"POLICE OFFICER","55942.00"
"POLICE OFFICER","55942.00"
"POLICE OFFICER","55942.00"
"POLICE OFFICER","55942.00"
"POLICE OFFICER","55942.00"
"POLICE OFFICER","55942.00"
"POLICE OFFICER","55942.00"
"POLICE OFFICER","55942.00"
"POLICE OFFICER","55942.00"
"POLICE OFFICER","55942.00"
"POLICE OFFICER","55942.00"
"POLICE OFFICER","55942.00"
"POLICE OFFICER","55942.00"
"POLICE OFFICER","55942.00"
"POLICE OFFICER","55942.00"
"POLICE OFFICER","55942.00"
"POLICE OFFICER","55942.00"
"POLICE OFFICER","55942.00"
"POLICE OFFICER","55942.00"
"POLICE OFFICER","55942.00"
"POLICE OFFICER","55942.00"
"POLICE OFFICER","55942.00"
"POLICE OFFICER","55942.00"
"POLICE OFFICER","55942.00"
"POLICE OFFICER","53790.00"
"POLICE OFFICER","55942.00"
"POLICE OFFICER","55942.00"
"POLICE OFFICER","55942.00"
"POLICE OFFICER","55942.00"
"POLICE OFFICER","55942.00"
"POLICE OFFICER","55942.00"
"POLICE OFFICER","55942.00"
"POLICE OFFICER","55942.00"
"POLICE OFFICER","55942.00"
"POLICE OFFICER","55942.00"
"POLICE OFFICER","55942.00"
"POLICE OFFICER","55942.00"
"POLICE OFFICER","55942.00"
"POLICE OFFICER","55942.00"
"POLICE OFFICER","55942.00"
"POLICE OFFICER","55942.00"
"POLICE OFFICER","55942.00"
"POLICE OFFICER","55942.00"
"POLICE OFFICER","55942.00"
"POLICE OFFICER","55942.00"
"POLICE OFFICER","55942.00"
"POLICE OFFICER","55942.00"
"POLICE OFFICER","55942.00"
"POLICE OFFICER","55942.00"
"POLICE OFFICER","55942.00"
"POLICE OFFICER","55942.00"
"POLICE OFFICER","55942.00"
"POLICE OFFICER","55942.00"
"POLICE OFFICER","55942.00"
"POLICE OFFICER","55942.00"
"POLICE OFFICER","55942.00"
"POLICE OFFICER","55942.00"
"POLICE OFFICER","55942.00"
"POLICE OFFICER","55942.00"
"POLICE OFFICER","55942.00"
"POLICE OFFICER","55942.00"
"POLICE OFFICER","55942.00"
"POLICE OFFICER","55942.00"
"POLICE OFFICER","55942.00"
"POLICE OFFICER","55942.00"
"POLICE OFFICER","55942.00"
"POLICE OFFICER","55942.00"
"POLICE OFFICER","55942.00"
"POLICE OFFICER","55942.00"
"POLICE OFFICER","55942.00"
"POLICE OFFICER","55942.00"
"POLICE OFFICER","55942.00"
"POLICE OFFICER","55942.00"
"POLICE OFFICER","55942.00"
"POLICE OFFICER","55942.00"
"POLICE OFFICER","55942.00"
"POLICE OFFICER","55942.00"
"POLICE OFFICER","55942.00"
"POLICE OFFICER","55942.00"
"POLICE OFFICER","55942.00"
"POLICE OFFICER","55942.00"
"POLICE OFFICER","55942.00"
"POLICE OFFICER","55942.00"
"POLICE OFFICER","55942.00"
"POLICE OFFICER","55942.00"
"POLICE OFFICER","55942.00"
"POLICE OFFICER","53790.00"
"POLICE OFFICER","55942.00"
"POLICE OFFICER","55942.00"
"POLICE OFFICER","55942.00"
"POLICE OFFICER","55942.00"
"POLICE OFFICER","55942.00"
"POLICE OFFICER","55942.00"
"POLICE OFFICER","55942.00"
"POLICE OFFICER","55942.00"
"POLICE OFFICER","55942.00"
"POLICE OFFICER","55942.00"
"POLICE OFFICER","55942.00"
"POLICE OFFICER","55942.00"
"POLICE OFFICER","55942.00"
"POLICE OFFICER","55942.00"
"POLICE OFFICER","55942.00"
"POLICE OFFICER","55942.00"
"POLICE OFFICER","55942.00"
"POLICE OFFICER","55942.00"
"POLICE OFFICER","55942.00"
"POLICE OFFICER","55942.00"
"POLICE OFFICER","55942.00"
"POLICE OFFICER","55942.00"
"POLICE OFFICER","55942.00"
"POLICE OFFICER","55942.00"
"POLICE OFFICER","55942.00"
"POLICE OFFICER","55942.00"
"POLICE OFFICER","55942.00"
"POLICE OFFICER","55942.00"
"POLICE OFFICER","55942.00"
"POLICE OFFICER","55942.00"
"POLICE OFFICER","55942.00"
"POLICE OFFICER","55942.00"
"POLICE OFFICER","55942.00"
"POLICE OFFICER","55942.00"
"POLICE OFFICER","55942.00"
"POLICE OFFICER","55942.00"
"POLICE OFFICER","55942.00"
"POLICE OFFICER","55942.00"
"POLICE OFFICER","55942.00"
"POLICE OFFICER","55942.00"
"POLICE OFFICER","55942.00"
"POLICE OFFICER","55942.00"
"POLICE OFFICER","55942.00"
"POLICE OFFICER","55942.00"
"POLICE OFFICER","55942.00"
"POLICE OFFICER","55942.00"
"POLICE OFFICER","55942.00"
"POLICE OFFICER","55942.00"
"POLICE OFFICER","55942.00"
"POLICE OFFICER","55942.00"
"POLICE OFFICER","55942.00"
"POLICE OFFICER","55942.00"
"POLICE OFFICER","55942.00"
"POLICE OFFICER","55942.00"
"POLICE OFFICER","55942.00"
"POLICE OFFICER","55942.00"
"POLICE OFFICER","55942.00"
"POLICE OFFICER","55942.00"
"POLICE OFFICER","55942.00"
"POLICE OFFICER","55942.00"
"POLICE OFFICER","55942.00"
"POLICE OFFICER","55942.00"
"POLICE OFFICER","55942.00"
"POLICE OFFICER","55942.00"
"POLICE OFFICER","55942.00"
"POLICE OFFICER","55942.00"
"POLICE OFFICER","55942.00"
"POLICE OFFICER","55942.00"
"POLICE OFFICER","55942.00"
"POLICE OFFICER","55942.00"
"POLICE OFFICER","55942.00"
"POLICE OFFICER","55942.00"
"POLICE OFFICER","55942.00"
"POLICE OFFICER","55942.00"
"POLICE OFFICER","55942.00"
"POLICE OFFICER","55942.00"
"POLICE OFFICER","55942.00"
"POLICE OFFICER","55942.00"
"POLICE OFFICER","55942.00"
"POLICE OFFICER","55942.00"
"POLICE OFFICER","55942.00"
"POLICE OFFICER","55942.00"
"POLICE OFFICER","55942.00"
"POLICE OFFICER","55942.00"
"POLICE OFFICER","55942.00"
"POLICE OFFICER","55942.00"
"POLICE OFFICER","55942.00"
"POLICE OFFICER","55942.00"
"POLICE OFFICER","55942.00"
"POLICE OFFICER","55942.00"
"POLICE OFFICER","55942.00"
"POLICE OFFICER","55942.00"
"POLICE OFFICER","55942.00"
"POLICE OFFICER","55942.00"
"POLICE OFFICER","55942.00"
"POLICE OFFICER","55942.00"
"POLICE OFFICER","55942.00"
"POLICE OFFICER","55942.00"
"POLICE OFFICER","55942.00"
"POLICE OFFICER","55942.00"
"POLICE OFFICER","55942.00"
"POLICE OFFICER","55942.00"
"POLICE OFFICER","55942.00"
"POLICE OFFICER","55942.00"
"POLICE OFFICER","55942.00"
"POLICE OFFICER","55942.00"
"POLICE OFFICER","55942.00"
"POLICE OFFICER","55942.00"
"POLICE OFFICER","55942.00"
"POLICE OFFICER","55942.00"
"POLICE OFFICER","55942.00"
"POLICE OFFICER","55942.00"
"POLICE OFFICER","55942.00"
"POLICE OFFICER","55942.00"
"POLICE OFFICER","55942.00"
"POLICE OFFICER","55942.00"
"POLICE OFFICER","55942.00"
"POLICE OFFICER","55942.00"
"POLICE OFFICER","55942.00"
"POLICE OFFICER","55942.00"
"POLICE OFFICER","55942.00"
"POLICE OFFICER","55942.00"
"POLICE OFFICER","55942.00"
"POLICE OFFICER","55942.00"
"POLICE OFFICER","55942.00"
"POLICE OFFICER","55942.00"
"POLICE OFFICER","55942.00"
"POLICE OFFICER","55942.00"
"POLICE OFFICER","55942.00"
"POLICE OFFICER","55942.00"
"POLICE OFFICER","55942.00"
"POLICE OFFICER","55942.00"
"POLICE OFFICER","55942.00"
"POLICE OFFICER","55942.00"
"POLICE OFFICER","55942.00"
"POLICE OFFICER","55942.00"
"POLICE OFFICER","55942.00"
"POLICE OFFICER","55942.00"
"POLICE OFFICER","55942.00"
"POLICE OFFICER","55942.00"
"POLICE OFFICER","55942.00"
"POLICE OFFICER","55942.00"
"POLICE OFFICER","55942.00"
"POLICE OFFICER","55942.00"
"POLICE OFFICER","55942.00"
"POLICE OFFICER","55942.00"
"POLICE OFFICER","55942.00"
"POLICE OFFICER","55942.00"
"POLICE OFFICER","55942.00"
"POLICE OFFICER","55942.00"
"POLICE OFFICER","55942.00"
"POLICE OFFICER","55942.00"
"POLICE OFFICER","55942.00"
"POLICE OFFICER","55942.00"
"POLICE OFFICER","55942.00"
"POLICE OFFICER","55942.00"
"POLICE OFFICER","55942.00"
"POLICE OFFICER","55942.00"
"POLICE OFFICER","55942.00"
"POLICE OFFICER","55942.00"
"POLICE OFFICER","55942.00"
"POLICE OFFICER","55942.00"
"POLICE OFFICER","55942.00"
"POLICE OFFICER","55942.00"
"POLICE OFFICER","55942.00"
"POLICE OFFICER","55942.00"
"POLICE OFFICER","55942.00"
"POLICE OFFICER","55942.00"
"POLICE OFFICER","55942.00"
"POLICE OFFICER","55942.00"
"POLICE OFFICER","55942.00"
"POLICE OFFICER","55942.00"
"POLICE OFFICER","55942.00"
"POLICE OFFICER","55942.00"
"POLICE OFFICER","55942.00"
"POLICE OFFICER","55942.00"
"POLICE OFFICER","55942.00"
"POLICE OFFICER","55942.00"
"POLICE OFFICER","55942.00"
"POLICE OFFICER","55942.00"
"POLICE OFFICER","55942.00"
"POLICE OFFICER","55942.00"
"POLICE OFFICER","55942.00"
"POLICE OFFICER","55942.00"
"POLICE OFFICER","55942.00"
"POLICE OFFICER","55942.00"
"POLICE OFFICER","55942.00"
"POLICE OFFICER","55942.00"
"POLICE OFFICER","55942.00"
"POLICE OFFICER","55942.00"
"POLICE OFFICER","55942.00"
"POLICE OFFICER","55942.00"
"POLICE OFFICER","55942.00"
"POLICE OFFICER","55942.00"
"POLICE OFFICER","55942.00"
"POLICE OFFICER","55942.00"
"POLICE OFFICER","55942.00"
"POLICE OFFICER","55942.00"
"POLICE OFFICER","55942.00"
"POLICE OFFICER","55942.00"
"POLICE OFFICER","55942.00"
"POLICE OFFICER","55942.00"
"POLICE OFFICER","55942.00"
"POLICE OFFICER","55942.00"
"POLICE OFFICER","55942.00"
"POLICE OFFICER","55942.00"
"POLICE OFFICER","55942.00"
"POLICE OFFICER","55942.00"
"POLICE OFFICER","55942.00"
"POLICE OFFICER","55942.00"
"POLICE OFFICER","55942.00"
"POLICE OFFICER","55942.00"
"POLICE OFFICER","55942.00"
"POLICE OFFICER","55942.00"
"POLICE OFFICER","55942.00"
"POLICE OFFICER","55942.00"
"POLICE OFFICER","55942.00"
"POLICE OFFICER","55942.00"
"POLICE OFFICER","55942.00"
"POLICE OFFICER","55942.00"
"POLICE OFFICER","55942.00"
"POLICE OFFICER","55942.00"
"POLICE OFFICER","55942.00"
"POLICE OFFICER","55942.00"
"POLICE OFFICER","55942.00"
"POLICE OFFICER","55942.00"
"POLICE OFFICER","55942.00"
"POLICE OFFICER","55942.00"
"POLICE OFFICER","55942.00"
"POLICE OFFICER","55942.00"
"POLICE OFFICER","55942.00"
"POLICE OFFICER","55942.00"
"POLICE OFFICER","55942.00"
"POLICE OFFICER","55942.00"
"POLICE OFFICER","55942.00"
"POLICE OFFICER","55942.00"
"POLICE OFFICER","55942.00"
"POLICE OFFICER","55942.00"
"POLICE OFFICER","55942.00"
"POLICE OFFICER","55942.00"
"POLICE OFFICER","55942.00"
"POLICE OFFICER","55942.00"
"POLICE OFFICER","55942.00"
"POLICE OFFICER","55942.00"
"POLICE OFFICER","55942.00"
"POLICE OFFICER","55942.00"
"POLICE OFFICER","55942.00"
"POLICE OFFICER","55942.00"
"POLICE OFFICER","55942.00"
"POLICE OFFICER","55942.00"
"POLICE OFFICER","55942.00"
"POLICE OFFICER","55942.00"
"POLICE OFFICER","55942.00"
"POLICE OFFICER","55942.00"
"POLICE OFFICER","55942.00"
"POLICE OFFICER","55942.00"
"POLICE OFFICER","55942.00"
"POLICE OFFICER","55942.00"
"POLICE OFFICER","55942.00"
"POLICE OFFICER","55942.00"
"POLICE OFFICER","55942.00"
"POLICE OFFICER","55942.00"
"POLICE OFFICER","55942.00"
"POLICE OFFICER","55942.00"
"POLICE OFFICER","55942.00"
"POLICE OFFICER","55942.00"
"POLICE OFFICER","55942.00"
"POLICE OFFICER","55942.00"
"POLICE OFFICER","55942.00"
"POLICE OFFICER","55942.00"
"POLICE OFFICER","55942.00"
"POLICE OFFICER","55942.00"
"POLICE OFFICER","55942.00"
"POLICE OFFICER","55942.00"
"POLICE OFFICER","55942.00"
"POLICE OFFICER","55942.00"
"POLICE OFFICER","55942.00"
"POLICE OFFICER","55942.00"
"POLICE OFFICER","55942.00"
"POLICE OFFICER","55942.00"
"POLICE OFFICER","55942.00"
"POLICE OFFICER","55942.00"
"POLICE OFFICER","55942.00"
"POLICE OFFICER","55942.00"
"POLICE OFFICER","55942.00"
"POLICE OFFICER","55942.00"
"POLICE OFFICER","55942.00"
"POLICE OFFICER","55942.00"
"POLICE OFFICER","55942.00"
"POLICE OFFICER","55942.00"
"POLICE OFFICER","55942.00"
"POLICE OFFICER","55942.00"
"POLICE OFFICER","55942.00"
"POLICE OFFICER","55942.00"
"POLICE OFFICER","55942.00"
"POLICE OFFICER","55942.00"
"DIRECTOR OF PHOTOGRAPHIC SERVICES-PD","196175.00"
"PSYCHOLOGIST","98287.00"
"POLICE OFFICER","55942.00"
"POLICE OFFICER","55942.00"
"POLICE OFFICER","55942.00"
"POLICE OFFICER","55942.00"
"POLICE OFFICER","109352.00"
"SERGEANT-D/A SPECIAL ASSIGNMENT","121048.00"
"POLICE OFFICER","109352.00"
"POLICE OFFICER","109352.00"
"P.O. DA DET GR3","115923.00"
"POLICE OFFICER D/A DETECTIVE 2ND GR","130260.00"
"POLICE OFFICER","105146.00"
"P.O. DA DET GR3","115923.00"
"POLICE OFFICER","109352.00"
"POLICE OFFICER","109352.00"
"POLICE OFFICER","109352.00"
"P.O. DA DET GR3","115923.00"
"POLICE OFFICER D/A DETECTIVE 2ND GR","134819.00"
"P.O. DA DET GR3","115923.00"
"POLICE OFFICER","109352.00"
"POLICE OFFICER D/A DETECTIVE 2ND GR","134819.00"
"POLICE OFFICER","109352.00"
"POLICE OFFICER","109352.00"
"P.O. DA DET GR3","115923.00"
"POLICE OFFICER","109352.00"
"POLICE OFFICER","109352.00"
"P.O. DET SPEC","115923.00"
"P.O. DA DET GR3","119980.00"
"P.O. DA DET GR3","115923.00"
"POLICE OFFICER","109352.00"
"SERGEANT-","118056.00"
"CAPTAIN D/A INSPECTOR","215791.00"
"POLICE OFFICER","109352.00"
"CAPTAIN D/A DEPUTY CHIEF","227306.00"
"POLICE OFFICER D/A DETECTIVE 2ND GR","134819.00"
"SERGEANT-","118056.00"
"P.O. DA DET GR3","115923.00"
"SERGEANT-","118056.00"
"SERGEANT-","118056.00"
"POLICE OFFICER","109352.00"
"POLICE OFFICER","109352.00"
"POLICE OFFICER","109352.00"
"POLICE OFFICER D/A DETECTIVE 1ST GR","154751.00"
"POLICE OFFICER","109352.00"
"LIEUTENANT","154751.00"
"POLICE OFFICER","109352.00"
"POLICE OFFICER","109352.00"
"P.O. DA DET GR3","119980.00"
"P.O. DA DET GR3","115923.00"
"POLICE OFFICER D/A DETECTIVE 2ND GR","130260.00"
"SERGEANT-","118056.00"
"POLICE OFFICER","109352.00"
"POLICE OFFICER D/A DETECTIVE 1ST GR","149518.00"
"SERGEANT-","97894.00"
"P.O. DA DET GR3","119980.00"
"LIEUTENANT","142202.00"
"SERGEANT-","118056.00"
"POLICE OFFICER D/A DETECTIVE 1ST GR","149518.00"
"P.O. DA DET GR3","115923.00"
"POLICE OFFICER","109352.00"
"SERGEANT-","118056.00"
"POLICE OFFICER D/A DETECTIVE 2ND GR","134819.00"
"POLICE OFFICER","109352.00"
"SERGEANT-","97894.00"
"P.O. DA DET GR3","119248.00"
"SERGEANT-D/A SPECIAL ASSIGNMENT","135511.00"
"P.O. DA DET GR3","119980.00"
"P.O. DET SPEC","119248.00"
"POLICE OFFICER","109352.00"
"POLICE OFFICER","109352.00"
"P.O. DA DET GR3","119980.00"
"SERGEANT-","118056.00"
"POLICE OFFICER","109352.00"
"P.O. DA DET GR3","115923.00"
"CAPTAIN","160722.00"
"P.O. DA DET GR3","108477.00"
"CAPTAIN","160722.00"
"POLICE OFFICER","109352.00"
"SERGEANT-","118056.00"
"POLICE OFFICER D/A DETECTIVE 2ND GR","130260.00"
"SERGEANT-","118056.00"
"POLICE OFFICER","109352.00"
"CAPTAIN D/A INSPECTOR","215791.00"
"POLICE OFFICER","109352.00"
"P.O. DA DET GR3","119980.00"
"P.O. DA DET GR3","119980.00"
"POLICE OFFICER","109352.00"
"P.O. DA DET GR3","119980.00"
"SERGEANT-","118056.00"
"P.O. DA DET GR3","119980.00"
"SERGEANT-D/A SUPERVISOR DETECTIVE SQUAD","135511.00"
"P.O. DA DET GR3","119980.00"
"POLICE OFFICER","109352.00"
"PRINCIPAL POLICE COMMUNICATION TECHNICIAN","92121.00"
"PRINCIPAL ADMINISTRATIVE ASSOCIATE -  NON SUPVR","83657.00"
"POLICE OFFICER D/A DETECTIVE 1ST GR","154751.00"
"CAPTAIN","155287.00"
"POLICE OFFICER D/A DETECTIVE 2ND GR","134819.00"
"POLICE OFFICER D/A DETECTIVE 2ND GR","134819.00"
"POLICE OFFICER","109352.00"
"POLICE OFFICER","109352.00"
"LIEUTENANT","149518.00"
"LIEUTENANT D/A COMMANDER OF DETECTIVE SQUAD","164477.00"
"P.O. DA DET GR3","119980.00"
"CAPTAIN D/A DEPUTY INSPECTOR","204936.00"
"POLICE OFFICER","109352.00"
"POLICE OFFICER","105146.00"
"P.O. DET SPEC","119980.00"
"POLICE OFFICER D/A DETECTIVE 1ST GR","139915.00"
"POLICE OFFICER D/A DETECTIVE 2ND GR","130260.00"
"LIEUTENANT D/A COMMANDER OF DETECTIVE SQUAD","170234.00"
"POLICE OFFICER D/A DETECTIVE 2ND GR","130260.00"
"SERGEANT-","118056.00"
"SERGEANT-D/A SPECIAL ASSIGNMENT","135511.00"
"POLICE OFFICER","105146.00"
"POLICE OFFICER","105146.00"
"POLICE OFFICER","98155.00"
"POLICE OFFICER","109352.00"
"POLICE OFFICER","109352.00"
"POLICE OFFICER","109352.00"
"SERGEANT-","97894.00"
"POLICE OFFICER","109352.00"
"CAPTAIN D/A DEPUTY INSPECTOR","204936.00"
"POLICE OFFICER D/A DETECTIVE 2ND GR","134819.00"
"SERGEANT-","118056.00"
"POLICE OFFICER","98155.00"
"POLICE OFFICER","109352.00"
"SERGEANT-D/A SPECIAL ASSIGNMENT","121048.00"
"LIEUTENANT","154751.00"
"SERGEANT-","118056.00"
"P.O. DET SPEC","115923.00"
"LIEUTENANT D/A COMMANDER OF DETECTIVE SQUAD","170234.00"
"POLICE OFFICER","109352.00"
"P.O. DA DET GR3","119980.00"
"POLICE OFFICER","101590.00"
"POLICE OFFICER","109352.00"
"LIEUTENANT","149518.00"
"LIEUTENANT","154751.00"
"POLICE OFFICER D/A DETECTIVE 1ST GR","154751.00"
"P.O. DA DET GR3","119980.00"
"POLICE OFFICER","109352.00"
"POLICE OFFICER D/A DETECTIVE 1ST GR","144462.00"
"SERGEANT-","118056.00"
"POLICE OFFICER D/A DETECTIVE 1ST GR","154751.00"
"POLICE OFFICER D/A DETECTIVE 1ST GR","154751.00"
"POLICE OFFICER D/A DETECTIVE 1ST GR","139915.00"
"POLICE OFFICER","109352.00"
"P.O. DA DET GR3","119980.00"
"LIEUTENANT","154751.00"
"POLICE OFFICER D/A DETECTIVE 2ND GR","134819.00"
"POLICE OFFICER","109352.00"
"LIEUTENANT D/A SPECIAL ASSIGNMENT","156098.00"
"POLICE OFFICER D/A DETECTIVE 2ND GR","130260.00"
"POLICE OFFICER D/A DETECTIVE 2ND GR","111821.00"
"CAPTAIN D/A DEPUTY INSPECTOR","204936.00"
"POLICE OFFICER D/A DETECTIVE 2ND GR","134819.00"
"POLICE OFFICER D/A DETECTIVE 1ST GR","154751.00"
"P.O. DET SPEC","119980.00"
"POLICE OFFICER","109352.00"
"SERGEANT-","118056.00"
"P.O. DA DET GR3","119980.00"
"P.O. DA DET GR3","119980.00"
"LIEUTENANT D/A SPECIAL ASSIGNMENT","154359.00"
"P.O. DA DET GR3","115923.00"
"POLICE OFFICER D/A DETECTIVE 1ST GR","154751.00"
"POLICE OFFICER","98155.00"
"POLICE OFFICER","85292.00"
"P.O. DET SPEC","115923.00"
"LIEUTENANT D/A COMMANDER OF DETECTIVE SQUAD","170234.00"
"POLICE OFFICER","109352.00"
"POLICE OFFICER","109352.00"
"SERGEANT-","118056.00"
"POLICE OFFICER D/A DETECTIVE 2ND GR","134819.00"
"POLICE OFFICER D/A DETECTIVE 2ND GR","134819.00"
"POLICE OFFICER","109352.00"
"P.O. DA DET GR3","119980.00"
"POLICE OFFICER","109352.00"
"SERGEANT-D/A SUPERVISOR DETECTIVE SQUAD","135511.00"
"P.O. DET SPEC","119248.00"
"LIEUTENANT","154751.00"
"SERGEANT-","118056.00"
"P.O. DET SPEC","119980.00"
"LIEUTENANT D/A COMMANDER OF DETECTIVE SQUAD","156098.00"
"POLICE OFFICER","109352.00"
"SERGEANT-","118056.00"
"POLICE OFFICER","109352.00"
"LIEUTENANT","154751.00"
"POLICE OFFICER D/A DETECTIVE 2ND GR","134819.00"
"SERGEANT-","96477.00"
"POLICE OFFICER","109352.00"
"POLICE OFFICER D/A DETECTIVE 1ST GR","154751.00"
"CAPTAIN D/A INSPECTOR","215791.00"
"LIEUTENANT","154751.00"
"POLICE OFFICER","109352.00"
"P.O. DA DET GR3","119980.00"
"POLICE OFFICER","105146.00"
"LIEUTENANT D/A SPECIAL ASSIGNMENT","164477.00"
"SERGEANT-D/A SUPERVISOR DETECTIVE SQUAD","135511.00"
"POLICE OFFICER","98155.00"
"P.O. DA DET GR3","119980.00"
"LIEUTENANT","154751.00"
"LIEUTENANT","154751.00"
"SERGEANT-","118056.00"
"SERGEANT-","118056.00"
"POLICE OFFICER","101590.00"
"SERGEANT-","118056.00"
"POLICE OFFICER D/A DETECTIVE 2ND GR","134819.00"
"SERGEANT-","97894.00"
"P.O. DA DET GR3","119429.00"
"POLICE OFFICER D/A DETECTIVE 1ST GR","154751.00"
"POLICE OFFICER","98155.00"
"POLICE OFFICER","109352.00"
"LIEUTENANT","149518.00"
"SERGEANT-D/A SUPERVISOR DETECTIVE SQUAD","135511.00"
"P.O. DET SPEC","119980.00"
"POLICE OFFICER","109352.00"
"CAPTAIN","194689.00"
"POLICE OFFICER","109352.00"
"P.O. DA DET GR3","119980.00"
"POLICE OFFICER","109352.00"
"SERGEANT-D/A SUPERVISOR DETECTIVE SQUAD","135511.00"
"SERGEANT-D/A SUPERVISOR DETECTIVE SQUAD","135511.00"
"SERGEANT-","118056.00"
"P.O. DET SPEC","115923.00"
"POLICE OFFICER","109352.00"
"LIEUTENANT D/A SPECIAL ASSIGNMENT","156098.00"
"P.O. DA DET GR3","119980.00"
"LIEUTENANT","154751.00"
"SERGEANT-D/A SPECIAL ASSIGNMENT","121048.00"
"P.O. DA DET GR3","112003.00"
"POLICE OFFICER","109352.00"
"CAPTAIN D/A DEPUTY INSPECTOR","204936.00"
"CAPTAIN D/A DEPUTY INSPECTOR","204936.00"
"LIEUTENANT D/A SPECIAL ASSIGNMENT","154359.00"
"POLICE OFFICER","109352.00"
"POLICE OFFICER D/A DETECTIVE 2ND GR","134819.00"
"P.O. DA DET GR3","119980.00"
"POLICE OFFICER D/A DETECTIVE 2ND GR","134819.00"
"POLICE OFFICER D/A DETECTIVE 2ND GR","125855.00"
"POLICE OFFICER","109352.00"
"POLICE OFFICER","101590.00"
"LIEUTENANT","154751.00"
"LIEUTENANT","149518.00"
"P.O. DA DET GR3","115923.00"
"LIEUTENANT","149518.00"
"CAPTAIN D/A DEPUTY INSPECTOR","204936.00"
"LIEUTENANT D/A COMMANDER OF DETECTIVE SQUAD","170234.00"
"LIEUTENANT D/A COMMANDER OF DETECTIVE SQUAD","170234.00"
"POLICE OFFICER","85292.00"
"P.O. DET SPEC","115923.00"
"P.O. DET SPEC","119980.00"
"POLICE OFFICER","109352.00"
"SERGEANT-","118056.00"
"POLICE OFFICER D/A DETECTIVE 2ND GR","130260.00"
"SERGEANT-","118056.00"
"SERGEANT-","118056.00"
"POLICE OFFICER D/A DETECTIVE 2ND GR","130260.00"
"POLICE OFFICER","109352.00"
"SERGEANT-","118056.00"
"POLICE OFFICER","109352.00"
"CAPTAIN D/A INSPECTOR","215791.00"
"SERGEANT-","118056.00"
"P.O. DA DET GR3","119980.00"
"POLICE OFFICER","109352.00"
"P.O. DA DET GR3","112003.00"
"LIEUTENANT","154751.00"
"POLICE OFFICER","109352.00"
"LIEUTENANT","154751.00"
"POLICE OFFICER","109352.00"
"LIEUTENANT","154751.00"
"POLICE OFFICER D/A DETECTIVE 1ST GR","154751.00"
"POLICE OFFICER","109352.00"
"POLICE OFFICER D/A DETECTIVE 1ST GR","154751.00"
"P.O. DA DET GR3","115923.00"
"POLICE OFFICER","109352.00"
"LIEUTENANT","149518.00"
"SERGEANT-","118056.00"
"CAPTAIN D/A DEPUTY INSPECTOR","204936.00"
"SERGEANT-D/A SPECIAL ASSIGNMENT","120744.00"
"LIEUTENANT D/A SPECIAL ASSIGNMENT","159762.00"
"P.O. DA DET GR3","119980.00"
"P.O. DA DET GR3","115923.00"
"POLICE OFFICER","109352.00"
"P.O. DET SPEC","115923.00"
"POLICE OFFICER D/A DETECTIVE 2ND GR","130260.00"
"POLICE OFFICER D/A DETECTIVE 1ST GR","149518.00"
"CAPTAIN","160722.00"
"SERGEANT-","118056.00"
"POLICE OFFICER","105146.00"
"POLICE OFFICER","98155.00"
"POLICE OFFICER","105146.00"
"SERGEANT-","118056.00"
"POLICE OFFICER","85292.00"
"LIEUTENANT","154751.00"
"POLICE OFFICER","98155.00"
"CAPTAIN","194689.00"
"P.O. DA DET GR3","115923.00"
"SERGEANT-D/A SUPERVISOR DETECTIVE SQUAD","135511.00"
"P.O. DA DET GR3","115923.00"
"SERGEANT-","118056.00"
"POLICE OFFICER D/A DETECTIVE 2ND GR","134819.00"
"LIEUTENANT","142202.00"
"POLICE OFFICER","89391.00"
"P.O. DA DET GR3","119980.00"
"P.O. DA DET GR3","119980.00"
"P.O. DET SPEC","119980.00"
"POLICE OFFICER","98155.00"
"POLICE OFFICER D/A DETECTIVE 1ST GR","154751.00"
"POLICE OFFICER","109352.00"
"POLICE OFFICER","85292.00"
"SERGEANT-","118056.00"
"LIEUTENANT D/A COMMANDER OF DETECTIVE SQUAD","164477.00"
"LIEUTENANT","154751.00"
"POLICE OFFICER","109352.00"
"POLICE OFFICER D/A DETECTIVE 2ND GR","130260.00"
"POLICE OFFICER","109352.00"
"POLICE OFFICER","109352.00"
"SERGEANT-","118056.00"
"LIEUTENANT","154751.00"
"P.O. DA DET GR3","119980.00"
"LIEUTENANT","154751.00"
"POLICE OFFICER","109352.00"
"LIEUTENANT","154751.00"
"LIEUTENANT","149518.00"
"SERGEANT-D/A SPECIAL ASSIGNMENT","135511.00"
"SERGEANT-","118056.00"
"POLICE OFFICER","98155.00"
"SERGEANT-","118056.00"
"LIEUTENANT","142202.00"
"LIEUTENANT","149518.00"
"SERGEANT-","96017.00"
"LIEUTENANT D/A COMMANDER OF DETECTIVE SQUAD","164477.00"
"CAPTAIN D/A DEPUTY INSPECTOR","191773.00"
"POLICE OFFICER","101590.00"
"POLICE OFFICER","89391.00"
"SERGEANT-D/A SPECIAL ASSIGNMENT","120744.00"
"POLICE OFFICER","109352.00"
"LIEUTENANT","139915.00"
"SERGEANT-","118056.00"
"LIEUTENANT","149518.00"
"CAPTAIN","157537.00"
"POLICE OFFICER D/A DETECTIVE 2ND GR","134819.00"
"POLICE OFFICER","101590.00"
"POLICE OFFICER","109352.00"
"P.O. DET SPEC","115923.00"
"POLICE OFFICER","109352.00"
"SERGEANT-","118056.00"
"POLICE OFFICER D/A DETECTIVE 1ST GR","149518.00"
"LIEUTENANT","149518.00"
"POLICE OFFICER D/A DETECTIVE 2ND GR","134819.00"
"P.O. DET SPEC","119429.00"
"SERGEANT-","97894.00"
"SERGEANT-D/A SPECIAL ASSIGNMENT","120744.00"
"LIEUTENANT D/A COMMANDER OF DETECTIVE SQUAD","170234.00"
"CAPTAIN D/A DEPUTY INSPECTOR","204936.00"
"SERGEANT-D/A SUPERVISOR DETECTIVE SQUAD","135511.00"
"SERGEANT-D/A SPECIAL ASSIGNMENT","135511.00"
"P.O. DA DET GR3","115923.00"
"POLICE OFFICER","98155.00"
"POLICE OFFICER D/A DETECTIVE 2ND GR","134819.00"
"LIEUTENANT","154751.00"
"POLICE OFFICER","109352.00"
"POLICE OFFICER","109352.00"
"SERGEANT-","118056.00"
"P.O. DET SPEC","108477.00"
"LIEUTENANT D/A SPECIAL ASSIGNMENT","156098.00"
"LIEUTENANT","154751.00"
"P.O. DA DET GR3","119980.00"
"SERGEANT-D/A SPECIAL ASSIGNMENT","121048.00"
"POLICE OFFICER D/A DETECTIVE 1ST GR","154751.00"
"POLICE OFFICER D/A DETECTIVE 1ST GR","154751.00"
"POLICE OFFICER","109352.00"
"POLICE OFFICER D/A DETECTIVE 2ND GR","134819.00"
"LIEUTENANT","139915.00"
"LIEUTENANT","154751.00"
"P.O. DA DET GR3","119980.00"
"P.O. DA DET GR3","115923.00"
"POLICE OFFICER","98155.00"
"SERGEANT-D/A SUPERVISOR DETECTIVE SQUAD","135511.00"
"SERGEANT-","118056.00"
"LIEUTENANT","149518.00"
"LIEUTENANT","149518.00"
"SERGEANT-","118056.00"
"LIEUTENANT D/A COMMANDER OF DETECTIVE SQUAD","156098.00"
"POLICE OFFICER","101590.00"
"POLICE OFFICER","109352.00"
"LIEUTENANT","154751.00"
"POLICE OFFICER","109352.00"
"SERGEANT-","118056.00"
"P.O. DET SPEC","119980.00"
"SERGEANT-","118056.00"
"SERGEANT-","118056.00"
"SERGEANT-","97894.00"
"POLICE OFFICER","109352.00"
"SERGEANT-","118056.00"
"POLICE OFFICER","109352.00"
"SERGEANT-D/A SUPERVISOR DETECTIVE SQUAD","121048.00"
"CAPTAIN D/A INSPECTOR","215791.00"
"POLICE OFFICER D/A DETECTIVE 2ND GR","130260.00"
"POLICE OFFICER D/A DETECTIVE 2ND GR","125855.00"
"POLICE OFFICER D/A DETECTIVE 1ST GR","149518.00"
"POLICE OFFICER","109352.00"
"POLICE OFFICER","109352.00"
"SERGEANT-D/A SPECIAL ASSIGNMENT","135511.00"
"POLICE OFFICER","105146.00"
"SERGEANT-D/A SUPERVISOR DETECTIVE SQUAD","135511.00"
"POLICE OFFICER D/A DETECTIVE 2ND GR","134819.00"
"POLICE OFFICER","109352.00"
"P.O. DA DET GR3","119980.00"
"SERGEANT-","118056.00"
"LIEUTENANT D/A SPECIAL ASSIGNMENT","164477.00"
"CAPTAIN","194689.00"
"P.O. DA DET GR3","119429.00"
"POLICE OFFICER D/A DETECTIVE 2ND GR","130260.00"
"POLICE OFFICER","109352.00"
"POLICE OFFICER","109352.00"
"POLICE OFFICER","105146.00"
"P.O. DA DET GR3","119980.00"
"POLICE OFFICER","98155.00"
"POLICE OFFICER","98155.00"
"POLICE OFFICER D/A DETECTIVE 1ST GR","154751.00"
"P.O. DA DET GR3","119980.00"
"POLICE OFFICER D/A DETECTIVE 1ST GR","154751.00"
"SCHOOL SAFETY AGENT","56508.00"
"SENIOR POLICE ADMINISTRATIVE AIDE","58707.00"
"P.O. DET SPEC","119980.00"
"SCHOOL SAFETY AGENT","56508.00"
"POLICE OFFICER","109352.00"
"HOSTLER","45729.00"
"POLICE ADMINISTRATIVE AIDE","54563.00"
"ADMIN TRAFFIC ENF AGNT-UNION","84933.00"
"SCHOOL SAFETY AGENT","56508.00"
"POLICE COMMUNICATIONS TECHNICIAN","61883.00"
"ADMINISTRATIVE STAFF ANALYST","184952.00"
"SCHOOL SAFETY AGENT","56508.00"
"CASHIER","53253.00"
"LIEUTENANT D/A COMMANDER OF DETECTIVE SQUAD","170234.00"
"POLICE OFFICER","109352.00"
"LIEUTENANT","154751.00"
"CITY CUSTODIAL ASSISTANT","42975.00"
"IT SECURITY SPECIALIST","160877.00"
"POLICE OFFICER","105146.00"
"POLICE OFFICER","109352.00"
"P.O. DET SPEC","119980.00"
"P.O. DA DET GR3","115923.00"
"LIEUTENANT","149518.00"
"P.O. DA DET GR3","115390.00"
"P.O. DA DET GR3","119980.00"
"LIEUTENANT","149518.00"
"SERGEANT-","118056.00"
"SERGEANT-D/A SUPERVISOR DETECTIVE SQUAD","121048.00"
"P.O. DET SPEC","119314.00"
"POLICE OFFICER","105146.00"
"POLICE OFFICER","109352.00"
"POLICE OFFICER","109352.00"
"POLICE OFFICER D/A DETECTIVE 2ND GR","134819.00"
"POLICE OFFICER","109352.00"
"SERGEANT-","118056.00"
"P.O. DET SPEC","119248.00"
"LIEUTENANT","154751.00"
"SERGEANT-","118056.00"
"CAPTAIN D/A DEPUTY INSPECTOR","204936.00"
"P.O. DET SPEC","119980.00"
"P.O. DA DET GR3","119980.00"
"POLICE OFFICER","105146.00"
"POLICE OFFICER","105146.00"
"SCHOOL SAFETY AGENT","56508.00"
"PRINCIPAL POLICE COMMUNICATION TECHNICIAN","97118.00"
"POLICE COMMUNICATIONS TECHNICIAN","62012.00"
"SUPERVISING POLICE COMMUNICATIONS TECHNICIAN","79835.00"
"POLICE COMMUNICATIONS TECHNICIAN","62040.00"
"SERGEANT-D/A SUPERVISOR DETECTIVE SQUAD","135511.00"
"P.O. DA DET GR3","119980.00"
"LIEUTENANT","154751.00"
"SCHOOL SAFETY AGENT","56508.00"
"CAPTAIN","194689.00"
"POLICE OFFICER","109352.00"
"LIEUTENANT","154751.00"
"CITY CUSTODIAL ASSISTANT","51919.00"
"SUPERVISOR OF SCHOOL SECURITY","81237.00"
"SCHOOL SAFETY AGENT","56508.00"
"SCHOOL SAFETY AGENT","56508.00"
"PRINCIPAL ADMINISTRATIVE ASSOCIATE -  NON SUPVR","65420.00"
"POLICE OFFICER","109352.00"
"SCHOOL SAFETY AGENT","56508.00"
"POLICE ADMINISTRATIVE AIDE","48863.00"
"SCHOOL SAFETY AGENT","56508.00"
"SCHOOL SAFETY AGENT","56508.00"
"SCHOOL SAFETY AGENT","56508.00"
"SCHOOL SAFETY AGENT","56508.00"
"SCHOOL SAFETY AGENT","56508.00"
"SCHOOL SAFETY AGENT","56508.00"
"ASSOC SPVR OF SCHOOL SECURITY","89104.00"
"SCHOOL SAFETY AGENT","56508.00"
"SCHOOL SAFETY AGENT","56508.00"
"SCHOOL SAFETY AGENT","56508.00"
"SCHOOL SAFETY AGENT","56508.00"
"P.O. DA DET GR3","119980.00"
"SCHOOL SAFETY AGENT","56508.00"
"SCHOOL SAFETY AGENT","56508.00"
"SCHOOL SAFETY AGENT","56508.00"
"SCHOOL SAFETY AGENT","56508.00"
"SCHOOL SAFETY AGENT","56508.00"
"SCHOOL SAFETY AGENT","56508.00"
"SCHOOL SAFETY AGENT","54862.00"
"SCHOOL SAFETY AGENT","56508.00"
"SCHOOL SAFETY AGENT","56508.00"
"SCHOOL SAFETY AGENT","56508.00"
"SCHOOL SAFETY AGENT","56508.00"
"SCHOOL SAFETY AGENT","56508.00"
"SCHOOL SAFETY AGENT","56508.00"
"SCHOOL SAFETY AGENT","56508.00"
"SCHOOL SAFETY AGENT","56508.00"
"SCHOOL SAFETY AGENT","56508.00"
"SCHOOL SAFETY AGENT","56508.00"
"P.O. DET SPEC","119248.00"
"POLICE OFFICER","109352.00"
"LIEUTENANT","154751.00"
"POLICE OFFICER D/A DETECTIVE 2ND GR","134819.00"
"CAPTAIN D/A INSPECTOR","215791.00"
"SCHOOL SAFETY AGENT","56508.00"
"ADMIN TRAFFIC ENF AGNT-UNION","91430.00"
"POLICE OFFICER","105146.00"
"SERGEANT-","118056.00"
"LIEUTENANT","154751.00"
"P.O. DA DET GR3","119980.00"
"POLICE OFFICER","109352.00"
"P.O. DET SPEC","115279.00"
"P.O. DA DET GR3","119980.00"
"SERGEANT-","118056.00"
"POLICE OFFICER","105146.00"
"CAPTAIN D/A INSPECTOR","215791.00"
"P.O. DET SPEC","119980.00"
"P.O. DA DET GR3","119980.00"
"LIEUTENANT","142202.00"
"P.O. DET SPEC","119429.00"
"SCHOOL SAFETY AGENT","56508.00"
"POLICE ADMINISTRATIVE AIDE","48789.00"
"POLICE OFFICER","109352.00"
"POLICE COMMUNICATIONS TECHNICIAN","57907.00"
"AUTO BODY WORKER","73520.00"
"POLICE OFFICER","109352.00"
"SCHOOL SAFETY AGENT","56508.00"
"POLICE OFFICER","109352.00"
"ADMIN CONTRACT SPECIALIST","169579.00"
"STAFF ANALYST","67889.00"
"SCHOOL SAFETY AGENT","56508.00"
"P.O. DET SPEC","119980.00"
"SENIOR POLICE ADMINISTRATIVE AIDE","58784.00"
"COMMUNITY ASSISTANT","43460.00"
"CAPTAIN","157537.00"
"STAFF ANALYST","69631.00"
"POLICE OFFICER","109352.00"
"CITY CUSTODIAL ASSISTANT","40338.00"
"POLICE OFFICER","109352.00"
"CAPTAIN D/A DEPUTY CHIEF","227306.00"
"PARKING CONTROL SPECIALIST","53037.00"
"TRAFFIC ENFORCEMENT AGENT","53985.00"
"TRAFFIC ENFORCEMENT AGENT","55339.00"
"TRAFFIC ENFORCEMENT AGENT","55339.00"
"LIEUTENANT","154751.00"
"POLICE OFFICER","109352.00"
"TRAFFIC ENFORCEMENT AGENT","53985.00"
"TRAFFIC ENFORCEMENT AGENT","53985.00"
"TRAFFIC ENFORCEMENT AGENT","53985.00"
"P.O. DET SPEC","119980.00"
"TRAFFIC ENFORCEMENT AGENT","53985.00"
"CLERICAL ASSOCIATE MOST MAYORAL AG","55576.00"
"TRAFFIC ENFORCEMENT AGENT","56536.00"
"P.O. DA DET GR3","119980.00"
"POLICE ADMINISTRATIVE AIDE","48631.00"
"CERTIFIED IT ADMINISTRATOR","148715.00"
"SUPERVISING POLICE COMMUNICATIONS TECHNICIAN","76469.00"
"POLICE COMMUNICATIONS TECHNICIAN","62040.00"
"POLICE COMMUNICATIONS TECHNICIAN","62012.00"
"SUPERVISING POLICE COMMUNICATIONS TECHNICIAN","79781.00"
"SUPERVISING POLICE COMMUNICATIONS TECHNICIAN","79862.00"
"SCHOOL SAFETY AGENT","56508.00"
"PRINCIPAL ADMINISTRATIVE ASSOCIATE -  NON SUPVR","80178.00"
"POLICE ADMINISTRATIVE AIDE","50241.00"
"SERGEANT-D/A SPECIAL ASSIGNMENT","135511.00"
"PRINCIPAL ADMINISTRATIVE ASSOCIATE -  NON SUPVR","68702.00"
"COMPUTER OPERATIONS MANAGER","285577.00"
"LIEUTENANT","154751.00"
"SUPERVISOR OF MECHANICS","140840.00"
"SUPERVISOR OF MECHANICS","140840.00"
"MOTOR VEHICLE OPERATOR","56342.00"
"SCHOOL SAFETY AGENT","56508.00"
"SCHOOL SAFETY AGENT","56508.00"
"SCHOOL SAFETY AGENT","56508.00"
"SCHOOL SAFETY AGENT","56508.00"
"SCHOOL SAFETY AGENT","56508.00"
"SCHOOL CROSSING GUARD","44584.00"
"TRAFFIC ENFORCEMENT AGENT","55339.00"
"ASSOC SPVR OF SCHOOL SECURITY","95230.00"
"POLICE OFFICER","101590.00"
"POLICE OFFICER","98155.00"
"SENIOR POLICE ADMINISTRATIVE AIDE","58784.00"
"ACCOUNTANT","81615.00"
"POLICE OFFICER D/A DETECTIVE 2ND GR","134819.00"
"SUPERVISING POLICE COMMUNICATIONS TECHNICIAN","79756.00"
"POLICE OFFICER","109352.00"
"COMPUTER SPECIALIST","139125.00"
"SUPERVISING POLICE COMMUNICATIONS TECHNICIAN","79884.00"
"POLICE COMMUNICATIONS TECHNICIAN","62063.00"
"POLICE COMMUNICATIONS TECHNICIAN","61985.00"
"POLICE COMMUNICATIONS TECHNICIAN","62040.00"
"POLICE COMMUNICATIONS TECHNICIAN","62135.00"
"SUPERVISING POLICE COMMUNICATIONS TECHNICIAN","79781.00"
"SUPERVISING POLICE COMMUNICATIONS TECHNICIAN","79862.00"
"POLICE COMMUNICATIONS TECHNICIAN","60084.00"
"POLICE COMMUNICATIONS TECHNICIAN","62063.00"
"SUPERVISING POLICE COMMUNICATIONS TECHNICIAN","79884.00"
"SCHOOL SAFETY AGENT","56508.00"
"POLICE COMMUNICATIONS TECHNICIAN","62040.00"
"ASSOCIATE TRAFFIC ENFORCEMENT AGENT","57826.00"
"POLICE OFFICER D/A DETECTIVE 2ND GR","134819.00"
"POLICE OFFICER D/A DETECTIVE 1ST GR","154751.00"
"POLICE OFFICER","109352.00"
"SCHOOL SAFETY AGENT","56508.00"
"POLICE OFFICER","109352.00"
"SUPERVISOR OF SCHOOL SECURITY","81237.00"
"TRAFFIC ENFORCEMENT AGENT","55339.00"
"ASSOCIATE TRAFFIC ENFORCEMENT AGENT","57856.00"
"TRAFFIC ENFORCEMENT AGENT","53985.00"
"ASSOCIATE TRAFFIC ENFORCEMENT AGENT","57856.00"
"SCHOOL SAFETY AGENT","54862.00"
"SUPERVISOR OF SCHOOL SECURITY","81237.00"
"SCHOOL SAFETY AGENT","56508.00"
"SCHOOL SAFETY AGENT","56508.00"
"SCHOOL SAFETY AGENT","56508.00"
"SCHOOL SAFETY AGENT","56508.00"
"CLERICAL ASSOCIATE MOST MAYORAL AG","53749.00"
"SCHOOL SAFETY AGENT","56508.00"
"SCHOOL SAFETY AGENT","56508.00"
"SCHOOL SAFETY AGENT","56508.00"
"SCHOOL SAFETY AGENT","56508.00"
"SUPERVISOR OF SCHOOL SECURITY","81237.00"
"POLICE OFFICER D/A DETECTIVE 2ND GR","134819.00"
"SCHOOL SAFETY AGENT","56508.00"
"EVIDENCE AND PROPERTY CONTROL SPECIALIST","65393.00"
"SCHOOL SAFETY AGENT","56508.00"
"SCHOOL SAFETY AGENT","56508.00"
"SCHOOL SAFETY AGENT","56508.00"
"SCHOOL SAFETY AGENT","56508.00"
"SCHOOL SAFETY AGENT","53264.00"
"SCHOOL SAFETY AGENT","56508.00"
"SCHOOL SAFETY AGENT","56508.00"
"POLICE SURGEON","169340.00"
"POLICE SURGEON","169340.00"
"EVIDENCE AND PROPERTY CONTROL SPECIALIST","65303.00"
"SCHOOL SAFETY AGENT","54862.00"
"SCHOOL SAFETY AGENT","56508.00"
"POLICE SURGEON","169340.00"
"POLICE OFFICER","109352.00"
"POLICE OFFICER","109352.00"
"SCHOOL SAFETY AGENT","56508.00"
"LIEUTENANT","141684.00"
"POLICE OFFICER D/A DETECTIVE 2ND GR","134819.00"
"SCHOOL SAFETY AGENT","54862.00"
"POLICE OFFICER","109352.00"
"POLICE ADMINISTRATIVE AIDE","48733.00"
"CITY CUSTODIAL ASSISTANT","43002.00"
"SCHOOL SAFETY AGENT","56508.00"
"SCHOOL SAFETY AGENT","56508.00"
"LIEUTENANT D/A COMMANDER OF DETECTIVE SQUAD","159762.00"
"TRAFFIC ENFORCEMENT AGENT","53985.00"
"TRAFFIC ENFORCEMENT AGENT","52162.00"
"P.O. DA DET GR3","119980.00"
"ASSOCIATE TRAFFIC ENFORCEMENT AGENT","77442.00"
"CITY CUSTODIAL ASSISTANT","41714.00"
"CUSTODIAN","49324.00"
"CUSTODIAN","47132.00"
"CITY CUSTODIAL ASSISTANT","42949.00"
"CITY CUSTODIAL ASSISTANT","43079.00"
"CITY CUSTODIAL ASSISTANT","49595.00"
"POLICE OFFICER D/A DETECTIVE 1ST GR","154751.00"
"POLICE OFFICER","101590.00"
"EVIDENCE AND PROPERTY CONTROL SPECIALIST","65382.00"
"CAPTAIN","194689.00"
"SERGEANT-","118056.00"
"P.O. DA DET GR3","119429.00"
"SCHOOL SAFETY AGENT","56508.00"
"SERGEANT-","97894.00"
"POLICE OFFICER D/A DETECTIVE 2ND GR","134819.00"
"P.O. DET SPEC","119980.00"
"SCHOOL SAFETY AGENT","56508.00"
"SENIOR POLICE ADMINISTRATIVE AIDE","58707.00"
"P.O. DET SPEC","119314.00"
"SENIOR POLICE ADMINISTRATIVE AIDE","66477.00"
"SERGEANT-D/A SPECIAL ASSIGNMENT","120744.00"
"LIEUTENANT","142202.00"
"POLICE OFFICER","109352.00"
"P.O. DET SPEC","119314.00"
"P.O. DA DET GR3","119980.00"
"POLICE OFFICER D/A DETECTIVE 2ND GR","134819.00"
"POLICE OFFICER","109352.00"
"SERGEANT-","118056.00"
"POLICE OFFICER","109352.00"
"POLICE OFFICER","109352.00"
"SERGEANT-D/A SUPERVISOR DETECTIVE SQUAD","120442.00"
"POLICE OFFICER","109352.00"
"POLICE OFFICER D/A DETECTIVE 1ST GR","149518.00"
"CAPTAIN","194689.00"
"LIEUTENANT","154751.00"
"POLICE OFFICER","105146.00"
"LIEUTENANT","154751.00"
"P.O. DET SPEC","119980.00"
"SUPERVISOR OF SCHOOL SECURITY","81237.00"
"SCHOOL SAFETY AGENT","56508.00"
"SUPERVISOR OF SCHOOL SECURITY","81237.00"
"SCHOOL SAFETY AGENT","56508.00"
"SCHOOL SAFETY AGENT","56508.00"
"SERGEANT-","118056.00"
"SERGEANT-","118056.00"
"LIEUTENANT","154751.00"
"POLICE OFFICER","109352.00"
"P.O. DET SPEC","119314.00"
"INVESTIGATOR","74730.00"
"CAPTAIN D/A INSPECTOR","215791.00"
"POLICE OFFICER","109352.00"
"POLICE OFFICER D/A DETECTIVE 1ST GR","154751.00"
"POLICE OFFICER","109352.00"
"P.O. DET SPEC","119248.00"
"P.O. DET SPEC","119980.00"
"POLICE OFFICER","109352.00"
"POLICE OFFICER","109352.00"
"SCHOOL SAFETY AGENT","53264.00"
"SCHOOL SAFETY AGENT","56508.00"
"SCHOOL SAFETY AGENT","56508.00"
"SCHOOL SAFETY AGENT","56508.00"
"SCHOOL SAFETY AGENT","56508.00"
"SCHOOL SAFETY AGENT","56508.00"
"SCHOOL SAFETY AGENT","56508.00"
"SCHOOL SAFETY AGENT","56508.00"
"SCHOOL SAFETY AGENT","56508.00"
"SUPERVISOR OF SCHOOL SECURITY","81237.00"
"SCHOOL SAFETY AGENT","56508.00"
"SCHOOL SAFETY AGENT","56508.00"
"SERGEANT-","118056.00"
"SCHOOL SAFETY AGENT","56508.00"
"ASSOC SPVR OF SCHOOL SECURITY","95244.00"
"SCHOOL SAFETY AGENT","56508.00"
"SCHOOL SAFETY AGENT","53264.00"
"SCHOOL SAFETY AGENT","56508.00"
"SCHOOL SAFETY AGENT","56508.00"
"SERGEANT-D/A SPECIAL ASSIGNMENT","135511.00"
"SENIOR POLICE ADMINISTRATIVE AIDE","64578.00"
"P.O. DA DET GR3","119980.00"
"SCHOOL SAFETY AGENT","56508.00"
"SCHOOL SAFETY AGENT","56508.00"
"SCHOOL SAFETY AGENT","56508.00"
"SCHOOL SAFETY AGENT","56508.00"
"SCHOOL SAFETY AGENT","56508.00"
"SCHOOL SAFETY AGENT","56508.00"
"SCHOOL SAFETY AGENT","56508.00"
"SCHOOL SAFETY AGENT","56508.00"
"SCHOOL SAFETY AGENT","56508.00"
"POLICE OFFICER","109352.00"
"SCHOOL SAFETY AGENT","56508.00"
"SCHOOL SAFETY AGENT","56508.00"
"SCHOOL SAFETY AGENT","53264.00"
"SCHOOL SAFETY AGENT","54862.00"
"SCHOOL SAFETY AGENT","56508.00"
"SCHOOL SAFETY AGENT","56508.00"
"SCHOOL SAFETY AGENT","56508.00"
"SCHOOL SAFETY AGENT","56508.00"
"SUPERVISOR OF SCHOOL SECURITY","81237.00"
"POLICE OFFICER","105146.00"
"SCHOOL SAFETY AGENT","56508.00"
"SCHOOL SAFETY AGENT","56508.00"
"SCHOOL SAFETY AGENT","56508.00"
"SCHOOL SAFETY AGENT","56508.00"
"SCHOOL SAFETY AGENT","56508.00"
"SCHOOL SAFETY AGENT","56508.00"
"SCHOOL SAFETY AGENT","56508.00"
"SCHOOL SAFETY AGENT","56508.00"
"POLICE OFFICER","109352.00"
"POLICE COMMUNICATIONS TECHNICIAN","61883.00"
"SCHOOL SAFETY AGENT","56508.00"
"SCHOOL SAFETY AGENT","56508.00"
"SCHOOL SAFETY AGENT","56508.00"
"POLICE OFFICER","109352.00"
"LIEUTENANT","135511.00"
"SCHOOL SAFETY AGENT","56508.00"
"SCHOOL SAFETY AGENT","56508.00"
"SCHOOL SAFETY AGENT","56508.00"
"SCHOOL SAFETY AGENT","56508.00"
"SCHOOL SAFETY AGENT","56508.00"
"SCHOOL SAFETY AGENT","56508.00"
"SCHOOL SAFETY AGENT","56508.00"
"SCHOOL SAFETY AGENT","51713.00"
"SCHOOL SAFETY AGENT","56508.00"
"SCHOOL SAFETY AGENT","56508.00"
"TRAFFIC ENFORCEMENT AGENT","48128.00"
"POLICE OFFICER","109352.00"
"SENIOR POLICE ADMINISTRATIVE AIDE","65354.00"
"PRINCIPAL ADMINISTRATIVE ASSOCIATE -  NON SUPVR","69190.00"
"SCHOOL SAFETY AGENT","53264.00"
"SCHOOL SAFETY AGENT","56508.00"
"SCHOOL SAFETY AGENT","56508.00"
"SCHOOL SAFETY AGENT","56508.00"
"SCHOOL SAFETY AGENT","56508.00"
"SCHOOL SAFETY AGENT","56508.00"
"SCHOOL SAFETY AGENT","53264.00"
"SUPERVISOR OF SCHOOL SECURITY","81237.00"
"SCHOOL SAFETY AGENT","51713.00"
"SCHOOL SAFETY AGENT","56508.00"
"SERGEANT-","118056.00"
"POLICE OFFICER","109352.00"
"POLICE OFFICER","109352.00"
"LIEUTENANT","154751.00"
"PRINCIPAL ADMINISTRATIVE ASSOCIATE -  NON SUPVR","78836.00"
"TRAFFIC ENFORCEMENT AGENT","53985.00"
"ASSOCIATE TRAFFIC ENFORCEMENT AGENT","57856.00"
"P.O. DA DET GR3","119980.00"
"TRAFFIC ENFORCEMENT AGENT","52413.00"
"TRAFFIC ENFORCEMENT AGENT","53985.00"
"P.O. DET SPEC","119248.00"
"SENIOR POLICE ADMINISTRATIVE AIDE","58784.00"
"TRAFFIC ENFORCEMENT AGENT","53985.00"
"ASSOCIATE TRAFFIC ENFORCEMENT AGENT","57856.00"
"POLICE OFFICER","109352.00"
"TRAFFIC ENFORCEMENT AGENT","53985.00"
"TRAFFIC ENFORCEMENT AGENT","55339.00"
"CITY CUSTODIAL ASSISTANT","43079.00"
"POLICE OFFICER","109352.00"
"ASSOCIATE TRAFFIC ENFORCEMENT AGENT","84750.00"
"POLICE OFFICER","109352.00"
"TRAFFIC ENFORCEMENT AGENT","53985.00"
"ADMIN TRAFFIC ENF AGNT-UNION","80109.00"
"ASSOCIATE TRAFFIC ENFORCEMENT AGENT","57856.00"
"ASSOCIATE TRAFFIC ENFORCEMENT AGENT","57856.00"
"TRAFFIC ENFORCEMENT AGENT","53985.00"
"CITY CUSTODIAL ASSISTANT","41714.00"
"CITY CUSTODIAL ASSISTANT","47282.00"
"CITY CUSTODIAL ASSISTANT","43096.00"
"CITY CUSTODIAL ASSISTANT","48783.00"
"CUSTODIAN","43735.00"
"CITY CUSTODIAL ASSISTANT","43096.00"
"CITY CUSTODIAL ASSISTANT","44359.00"
"CUSTODIAN","52807.00"
"CITY CUSTODIAL ASSISTANT","43096.00"
"CAPTAIN D/A DEPUTY CHIEF","227306.00"
"SUPERVISING POLICE COMMUNICATIONS TECHNICIAN","79835.00"
"POLICE OFFICER","109352.00"
"SERGEANT-","118056.00"
"POLICE OFFICER","105146.00"
"P.O. DA DET GR3","119980.00"
"POLICE ADMINISTRATIVE AIDE","54328.00"
"SENIOR POLICE ADMINISTRATIVE AIDE","66396.00"
"POLICE OFFICER","109352.00"
"POLICE ADMINISTRATIVE AIDE","54551.00"
"SENIOR POLICE ADMINISTRATIVE AIDE","63639.00"
"PRINCIPAL ADMINISTRATIVE ASSOCIATE -  NON SUPVR","61581.00"
"INVESTIGATOR","60329.00"
"POLICE ADMINISTRATIVE AIDE","53675.00"
"POLICE ADMINISTRATIVE AIDE","59447.00"
"POLICE ADMINISTRATIVE AIDE","48829.00"
"SENIOR POLICE ADMINISTRATIVE AIDE","56908.00"
"ASSOCIATE INVESTIGATOR","73921.00"
"POLICE OFFICER","109352.00"
"SENIOR POLICE ADMINISTRATIVE AIDE","58905.00"
"POLICE ADMINISTRATIVE AIDE","54667.00"
"ASSOCIATE INVESTIGATOR","85287.00"
"ASSOCIATE INVESTIGATOR","87794.00"
"PRINCIPAL ADMINISTRATIVE ASSOCIATE -  NON SUPVR","68741.00"
"SENIOR POLICE ADMINISTRATIVE AIDE","58784.00"
"SENIOR POLICE ADMINISTRATIVE AIDE","58905.00"
"PRINCIPAL ADMINISTRATIVE ASSOCIATE -  NON SUPVR","71892.00"
"PRINCIPAL ADMINISTRATIVE ASSOCIATE -  NON SUPVR","92208.00"
"PRINCIPAL ADMINISTRATIVE ASSOCIATE -  NON SUPVR","67998.00"
"POLICE ADMINISTRATIVE AIDE","59447.00"
"SENIOR POLICE ADMINISTRATIVE AIDE","58784.00"
"PRINCIPAL ADMINISTRATIVE ASSOCIATE -  NON SUPVR","68857.00"
"POLICE OFFICER","109352.00"
"LIEUTENANT D/A COMMANDER OF DETECTIVE SQUAD","159762.00"
"POLICE COMMUNICATIONS TECHNICIAN","62080.00"
"POLICE COMMUNICATIONS TECHNICIAN","62063.00"
"POLICE COMMUNICATIONS TECHNICIAN","62080.00"
"POLICE COMMUNICATIONS TECHNICIAN","62040.00"
"POLICE COMMUNICATIONS TECHNICIAN","60101.00"
"POLICE COMMUNICATIONS TECHNICIAN","61934.00"
"SUPERVISING POLICE COMMUNICATIONS TECHNICIAN","79756.00"
"EMPLOYEE ASSISTANCE PROGRAM SPECIALIST","76899.00"
"POLICE COMMUNICATIONS TECHNICIAN","62080.00"
"POLICE COMMUNICATIONS TECHNICIAN","60035.00"
"POLICE COMMUNICATIONS TECHNICIAN","57805.00"
"SUPERVISING POLICE COMMUNICATIONS TECHNICIAN","79731.00"
"PRINCIPAL POLICE COMMUNICATION TECHNICIAN","92121.00"
"POLICE COMMUNICATIONS TECHNICIAN","62040.00"
"POLICE COMMUNICATIONS TECHNICIAN","62063.00"
"SCHOOL SAFETY AGENT","56508.00"
"SCHOOL SAFETY AGENT","56508.00"
"POLICE COMMUNICATIONS TECHNICIAN","61883.00"
"ASSOCIATE TRAFFIC ENFORCEMENT AGENT","57826.00"
"HOSTLER","54917.00"
"ASSOCIATE STAFF ANALYST","95182.00"
"SERGEANT-D/A SPECIAL ASSIGNMENT","135511.00"
"ASSOCIATE TRAFFIC ENFORCEMENT AGENT","56133.00"
"CITY CUSTODIAL ASSISTANT","42898.00"
"POLICE OFFICER D/A DETECTIVE 2ND GR","134819.00"
"CAPTAIN","157515.00"
"P.O. DET SPEC","115390.00"
"POLICE OFFICER","105146.00"
"POLICE OFFICER","109352.00"
"POLICE ADMINISTRATIVE AIDE","54403.00"
"POLICE OFFICER","109352.00"
"SENIOR POLICE ADMINISTRATIVE AIDE","58784.00"
"SCHOOL SAFETY AGENT","53264.00"
"SCHOOL CROSSING GUARD","44584.00"
"SCHOOL SAFETY AGENT","56508.00"
"POLICE OFFICER","105146.00"
"CITY CUSTODIAL ASSISTANT","43096.00"
"MOTOR VEHICLE OPERATOR","56360.00"
"POLICE OFFICER D/A DETECTIVE 2ND GR","134819.00"
"POLICE OFFICER D/A DETECTIVE 2ND GR","134819.00"
"POLICE OFFICER","109352.00"
"SCHOOL SAFETY AGENT","56508.00"
"POLICE OFFICER","109352.00"
"SCHOOL SAFETY AGENT","56508.00"
"SCHOOL CROSSING GUARD","44584.00"
"COMPUTER ASSOCIATE","117933.00"
"SCHOOL SAFETY AGENT","56508.00"
"SCHOOL SAFETY AGENT","56508.00"
"SCHOOL SAFETY AGENT","56508.00"
"SCHOOL SAFETY AGENT","54862.00"
"SCHOOL SAFETY AGENT","56508.00"
"CRIMINALIST","101649.00"
"ASSOCIATE TRAFFIC ENFORCEMENT AGENT","77442.00"
"POLICE OFFICER","109352.00"
"POLICE OFFICER D/A DETECTIVE 2ND GR","134819.00"
"SCHOOL SAFETY AGENT","56508.00"
"SCHOOL SAFETY AGENT","56508.00"
"SCHOOL SAFETY AGENT","56508.00"
"SCHOOL SAFETY AGENT","56508.00"
"SUPERVISOR OF SCHOOL SECURITY","81237.00"
"SCHOOL SAFETY AGENT","53264.00"
"SCHOOL SAFETY AGENT","56508.00"
"SCHOOL SAFETY AGENT","53264.00"
"SCHOOL SAFETY AGENT","56508.00"
"POLICE ADMINISTRATIVE AIDE","48883.00"
"SCHOOL SAFETY AGENT","54862.00"
"SCHOOL SAFETY AGENT","56508.00"
"SCHOOL SAFETY AGENT","54862.00"
"SCHOOL SAFETY AGENT","56508.00"
"SCHOOL SAFETY AGENT","56508.00"
"SCHOOL SAFETY AGENT","53264.00"
"SCHOOL SAFETY AGENT","56508.00"
"SUPERVISOR OF SCHOOL SECURITY","81237.00"
"SCHOOL SAFETY AGENT","53264.00"
"SCHOOL SAFETY AGENT","56508.00"
"SCHOOL SAFETY AGENT","56508.00"
"SCHOOL SAFETY AGENT","56508.00"
"SCHOOL SAFETY AGENT","56508.00"
"POLICE OFFICER","109352.00"
"POLICE OFFICER","109352.00"
"SCHOOL SAFETY AGENT","56508.00"
"SCHOOL SAFETY AGENT","56508.00"
"SCHOOL SAFETY AGENT","54862.00"
"SCHOOL SAFETY AGENT","56508.00"
"SCHOOL SAFETY AGENT","56508.00"
"POLICE OFFICER D/A DETECTIVE 2ND GR","130260.00"
"P.O. DET SPEC","119980.00"
"SCHOOL SAFETY AGENT","56508.00"
"SCHOOL SAFETY AGENT","56508.00"
"SERGEANT-","118056.00"
"AGENCY ATTORNEY","131014.00"
"CRIMINALIST","125630.00"
"TRAFFIC ENFORCEMENT AGENT","53985.00"
"ADMINISTRATIVE PROJECT MANAGER","105884.00"
"SERGEANT-","118056.00"
"ASSOCIATE TRAFFIC ENFORCEMENT AGENT","54547.00"
"SERGEANT-","97894.00"
"TRAFFIC ENFORCEMENT AGENT","54900.00"
"TRAFFIC ENFORCEMENT AGENT","55339.00"
"ASSOCIATE TRAFFIC ENFORCEMENT AGENT","77442.00"
"POLICE OFFICER","109352.00"
"TRAFFIC ENFORCEMENT AGENT","56538.00"
"EVIDENCE AND PROPERTY CONTROL SPECIALIST","71830.00"
"P.O. DA DET GR3","119980.00"
"P.O. DET SPEC","119980.00"
"POLICE ADMINISTRATIVE AIDE","48829.00"
"POLICE ADMINISTRATIVE AIDE","48486.00"
"TRAFFIC ENFORCEMENT AGENT","55339.00"
"OPERATIONS COMMUNICATIONS SPECIALIST","53736.00"
"TRAFFIC ENFORCEMENT AGENT","53985.00"
"CRIMINALIST","101649.00"
"SERGEANT-","97894.00"
"POLICE COMMUNICATIONS TECHNICIAN","62080.00"
"POLICE COMMUNICATIONS TECHNICIAN","62040.00"
"SUPERVISING POLICE COMMUNICATIONS TECHNICIAN","79884.00"
"PRINCIPAL POLICE COMMUNICATION TECHNICIAN","105110.00"
"POLICE COMMUNICATIONS TECHNICIAN","62080.00"
"POLICE COMMUNICATIONS TECHNICIAN","57983.00"
"POLICE COMMUNICATIONS TECHNICIAN","62063.00"
"POLICE COMMUNICATIONS TECHNICIAN","60101.00"
"ASSOCIATE TRAFFIC ENFORCEMENT AGENT","57868.00"
"SERGEANT-","97894.00"
"ASSOCIATE TRAFFIC ENFORCEMENT AGENT","57856.00"
"TRAFFIC ENFORCEMENT AGENT","53985.00"
"TRAFFIC ENFORCEMENT AGENT","53985.00"
"TRAFFIC ENFORCEMENT AGENT","53985.00"
"ADMIN TRAFFIC ENF AGNT-UNION","80155.00"
"TRAFFIC ENFORCEMENT AGENT","53985.00"
"ASSOCIATE TRAFFIC ENFORCEMENT AGENT","57868.00"
"ASSOCIATE TRAFFIC ENFORCEMENT AGENT","57868.00"
"ASSOCIATE TRAFFIC ENFORCEMENT AGENT","60145.00"
"TRAFFIC ENFORCEMENT AGENT","53985.00"
"TRAFFIC ENFORCEMENT AGENT","55339.00"
"ADMIN TRAFFIC ENF AGNT-UNION","84529.00"
"POLICE OFFICER","109352.00"
"ASSOCIATE TRAFFIC ENFORCEMENT AGENT","57856.00"
"TRAFFIC ENFORCEMENT AGENT","55339.00"
"SERGEANT-","118056.00"
"TRAFFIC ENFORCEMENT AGENT","53985.00"
"TRAFFIC ENFORCEMENT AGENT","53985.00"
"ASSOCIATE TRAFFIC ENFORCEMENT AGENT","57868.00"
"SCHOOL SAFETY AGENT","56508.00"
"TRAFFIC ENFORCEMENT AGENT","52413.00"
"ASSOCIATE TRAFFIC ENFORCEMENT AGENT","65721.00"
"TRAFFIC ENFORCEMENT AGENT","55339.00"
"POLICE OFFICER","109352.00"
"TRAFFIC ENFORCEMENT AGENT","53985.00"
"SERGEANT-","118056.00"
"LIEUTENANT D/A SPECIAL ASSIGNMENT","157713.00"
"POLICE OFFICER","105146.00"
"TRAFFIC ENFORCEMENT AGENT","54875.00"
"POLICE OFFICER","109352.00"
"ASSOCIATE TRAFFIC ENFORCEMENT AGENT","57868.00"
"ASSOCIATE TRAFFIC ENFORCEMENT AGENT","57868.00"
"TRAFFIC ENFORCEMENT AGENT","55339.00"
"P.O. DET SPEC","119429.00"
"POLICE ADMINISTRATIVE AIDE","54551.00"
"CRIMINALIST","96612.00"
"CRIMINALIST","115971.00"
"SUPERVISOR OF STOCK WORKERS","75969.00"
"POLICE ADMINISTRATIVE AIDE","48631.00"
"AUTO BODY WORKER","73628.00"
"SCHOOL SAFETY AGENT","56508.00"
"POLICE OFFICER","109352.00"
"ADMINISTRATIVE ACCOUNTANT","183026.00"
"CITY RESEARCH SCIENTIST","112883.00"
"LIEUTENANT D/A COMMANDER OF DETECTIVE SQUAD","170234.00"
"LIEUTENANT","142202.00"
"SENIOR POLICE ADMINISTRATIVE AIDE","64641.00"
"POLICE OFFICER","109352.00"
"SCHOOL SAFETY AGENT","53264.00"
"SCHOOL SAFETY AGENT","56508.00"
"ADMINISTRATIVE PROCUREMENT ANALYST-NON-MGRL","139789.00"
"PRINCIPAL ADMINISTRATIVE ASSOCIATE -  NON SUPVR","85750.00"
"PRINCIPAL ADMINISTRATIVE ASSOCIATE -  NON SUPVR","79367.00"
"POLICE ADMINISTRATIVE AIDE","51747.00"
"SENIOR POLICE ADMINISTRATIVE AIDE","62997.00"
"PRINCIPAL ADMINISTRATIVE ASSOCIATE -  NON SUPVR","78865.00"
"SENIOR POLICE ADMINISTRATIVE AIDE","62360.00"
"PRINCIPAL ADMINISTRATIVE ASSOCIATE -  NON SUPVR","68798.00"
"SENIOR POLICE ADMINISTRATIVE AIDE","64921.00"
"PRINCIPAL ADMINISTRATIVE ASSOCIATE -  NON SUPVR","67856.00"
"SENIOR POLICE ADMINISTRATIVE AIDE","66512.00"
"SENIOR POLICE ADMINISTRATIVE AIDE","58905.00"
"POLICE ADMINISTRATIVE AIDE","54551.00"
"POLICE OFFICER","109352.00"
"POLICE OFFICER","109352.00"
"POLICE OFFICER D/A DETECTIVE 2ND GR","134819.00"
"SENIOR POLICE ADMINISTRATIVE AIDE","59570.00"
"POLICE OFFICER","109352.00"
"COMPUTER SPECIALIST","109572.00"
"CAPTAIN","157515.00"
"SCHOOL SAFETY AGENT","56508.00"
"SCHOOL SAFETY AGENT","56508.00"
"P.O. DA DET GR3","119980.00"
"SCHOOL SAFETY AGENT","56508.00"
"SCHOOL SAFETY AGENT","56508.00"
"POLICE ADMINISTRATIVE AIDE","51746.00"
"SCHOOL SAFETY AGENT","56508.00"
"SCHOOL SAFETY AGENT","56508.00"
"POLICE OFFICER D/A DETECTIVE 2ND GR","134819.00"
"SCHOOL SAFETY AGENT","56508.00"
"ADMINISTRATIVE STAFF ANALYST","125571.00"
"P.O. DA DET GR3","119980.00"
"SCHOOL SAFETY AGENT","53264.00"
"SCHOOL SAFETY AGENT","56508.00"
"SCHOOL SAFETY AGENT","56508.00"
"SCHOOL SAFETY AGENT","56508.00"
"POLICE OFFICER","109352.00"
"SCHOOL SAFETY AGENT","56508.00"
"SCHOOL SAFETY AGENT","56508.00"
"SCHOOL SAFETY AGENT","56508.00"
"SUPERVISOR OF SCHOOL SECURITY","81237.00"
"SCHOOL SAFETY AGENT","56508.00"
"SCHOOL SAFETY AGENT","56508.00"
"SUPERVISOR OF SCHOOL SECURITY","81237.00"
"LIEUTENANT","154751.00"
"P.O. DA DET GR3","119248.00"
"POLICE OFFICER","109352.00"
"POLICE OFFICER","109352.00"
"POLICE OFFICER","105146.00"
"SENIOR IT ARCHITECT","176473.00"
"POLICE OFFICER D/A DETECTIVE 1ST GR","149518.00"
"LIEUTENANT","154751.00"
"LIEUTENANT","149518.00"
"P.O. DA DET GR3","119980.00"
"LIEUTENANT","154751.00"
"P.O. DA DET GR3","119980.00"
"POLICE OFFICER","105146.00"
"CAPTAIN D/A DEPUTY INSPECTOR","204936.00"
"P.O. DA DET GR3","119980.00"
"P.O. DET SPEC","115923.00"
"P.O. DA DET GR3","119980.00"
"SERGEANT-","118056.00"
"SERGEANT-","105606.00"
"SERGEANT-","97894.00"
"SUPERVISOR OF MECHANICAL INSTALLATIONS & MAINTENANCE","98430.00"
"POLICE OFFICER","109352.00"
"P.O. DA DET GR3","119980.00"
"ADMINISTRATIVE PRINTING SERVICES MANAGER","156710.00"
"CAPTAIN","194689.00"
"SERGEANT-D/A SUPERVISOR DETECTIVE SQUAD","120744.00"
"SERGEANT-","118056.00"
"EVIDENCE AND PROPERTY CONTROL SPECIALIST","75204.00"
"LIEUTENANT","154751.00"
"POLICE OFFICER","101590.00"
"P.O. DET SPEC","119980.00"
"CITY CUSTODIAL ASSISTANT","49187.00"
"SCHOOL SAFETY AGENT","56508.00"
"SCHOOL SAFETY AGENT","56508.00"
"SCHOOL SAFETY AGENT","56508.00"
"P.O. DA DET GR3","115279.00"
"SERGEANT-","118056.00"
"LIEUTENANT","142202.00"
"P.O. DA DET GR3","115923.00"
"CAPTAIN D/A DEPUTY INSPECTOR","204936.00"
"COMPUTER SPECIALIST","109699.00"
"SCHOOL CROSSING GUARD","44559.00"
"SCHOOL SAFETY AGENT","56508.00"
"POLICE ADMINISTRATIVE AIDE","53597.00"
"SUPERVISING POLICE COMMUNICATIONS TECHNICIAN","79781.00"
"POLICE COMMUNICATIONS TECHNICIAN","62080.00"
"POLICE COMMUNICATIONS TECHNICIAN","62080.00"
"POLICE COMMUNICATIONS TECHNICIAN","60084.00"
"PRINCIPAL POLICE COMMUNICATION TECHNICIAN","95498.00"
"PRINCIPAL POLICE COMMUNICATION TECHNICIAN","89409.00"
"POLICE COMMUNICATIONS TECHNICIAN","62063.00"
"POLICE COMMUNICATIONS TECHNICIAN","62080.00"
"POLICE OFFICER","109352.00"
"SUPERVISING POLICE COMMUNICATIONS TECHNICIAN","79731.00"
"POLICE OFFICER","109352.00"
"POLICE COMMUNICATIONS TECHNICIAN","61958.00"
"POLICE COMMUNICATIONS TECHNICIAN","62080.00"
"POLICE OFFICER","109352.00"
"SERGEANT-","118056.00"
"POLICE OFFICER D/A DETECTIVE 1ST GR","154751.00"
"POLICE OFFICER","109352.00"
"POLICE OFFICER D/A DETECTIVE 2ND GR","134819.00"
"P.O. DA DET GR3","119980.00"
"P.O. DET SPEC","115923.00"
"POLICE OFFICER D/A DETECTIVE 1ST GR","154751.00"
"P.O. DET SPEC","119314.00"
"P.O. DA DET GR3","108477.00"
"POLICE COMMUNICATIONS TECHNICIAN","61883.00"
"POLICE OFFICER","109352.00"
"P.O. DA DET GR3","119980.00"
"SCHOOL SAFETY AGENT","56508.00"
"POLICE OFFICER","109352.00"
"P.O. DET SPEC","119980.00"
"SERGEANT-D/A SUPERVISOR DETECTIVE SQUAD","135511.00"
"LIEUTENANT","154751.00"
"POLICE OFFICER","109352.00"
"P.O. DA DET GR3","115923.00"
"SERGEANT-D/A SUPERVISOR DETECTIVE SQUAD","135511.00"
"POLICE OFFICER","109352.00"
"SERGEANT-","118056.00"
"P.O. DET SPEC","119980.00"
"POLICE OFFICER","109352.00"
"POLICE OFFICER D/A DETECTIVE 2ND GR","134819.00"
"SERGEANT-","118056.00"
"LIEUTENANT","154751.00"
"POLICE OFFICER D/A DETECTIVE 2ND GR","130260.00"
"CAPTAIN","194689.00"
"SERGEANT-D/A SUPERVISOR DETECTIVE SQUAD","135511.00"
"POLICE OFFICER","109352.00"
"SERGEANT-","118056.00"
"SERGEANT-","118056.00"
"POLICE OFFICER","109352.00"
"POLICE OFFICER D/A DETECTIVE 2ND GR","134819.00"
"SERGEANT-D/A SUPERVISOR DETECTIVE SQUAD","135511.00"
"POLICE OFFICER D/A DETECTIVE 2ND GR","134819.00"
"POLICE OFFICER","109352.00"
"P.O. DA DET GR3","119980.00"
"POLICE OFFICER D/A DETECTIVE 1ST GR","154751.00"
"POLICE OFFICER","109352.00"
"SERGEANT-","118056.00"
"POLICE OFFICER","109352.00"
"POLICE OFFICER D/A DETECTIVE 1ST GR","154751.00"
"CAPTAIN D/A DEPUTY CHIEF","227306.00"
"POLICE OFFICER D/A DETECTIVE 2ND GR","134819.00"
"SERGEANT-","118056.00"
"POLICE OFFICER","109352.00"
"CAPTAIN D/A DEPUTY INSPECTOR","204936.00"
"POLICE OFFICER","85292.00"
"P.O. DET SPEC","119980.00"
"P.O. DET SPEC","119314.00"
"POLICE OFFICER","109352.00"
"CAPTAIN","194689.00"
"P.O. DA DET GR3","115923.00"
"POLICE OFFICER D/A DETECTIVE 2ND GR","134819.00"
"P.O. DA DET GR3","119980.00"
"CAPTAIN D/A DEPUTY CHIEF","227306.00"
"POLICE OFFICER","109352.00"
"SERGEANT-D/A SUPERVISOR DETECTIVE SQUAD","135511.00"
"SERGEANT-D/A SUPERVISOR DETECTIVE SQUAD","135511.00"
"P.O. DET SPEC","119314.00"
"SERGEANT-D/A SUPERVISOR DETECTIVE SQUAD","135511.00"
"SERGEANT-","118056.00"
"POLICE OFFICER","109352.00"
"CAPTAIN D/A INSPECTOR","215791.00"
"POLICE OFFICER D/A DETECTIVE 2ND GR","134819.00"
"P.O. DET SPEC","119980.00"
"POLICE OFFICER","109352.00"
"SERGEANT-","97894.00"
"SENIOR POLICE ADMINISTRATIVE AIDE","62885.00"
"PRINCIPAL ADMINISTRATIVE ASSOCIATE -  NON SUPVR","69510.00"
"LIEUTENANT","154751.00"
"ASSOC SPVR OF SCHOOL SECURITY","90961.00"
"COMPUTER SYSTEMS MANAGER","145189.00"
"EXECUTIVE AGENCY COUNSEL","204588.00"
"POLICE OFFICER","109352.00"
"POLICE OFFICER D/A DETECTIVE 2ND GR","134819.00"
"SCHOOL SAFETY AGENT","56508.00"
"SCHOOL SAFETY AGENT","53264.00"
"SENIOR POLICE ADMINISTRATIVE AIDE","58784.00"
"ASSOC SPVR OF SCHOOL SECURITY","95824.00"
"TRAFFIC ENFORCEMENT AGENT","52162.00"
"ADMINISTRATIVE ARCHITECT","131282.00"
"CAPTAIN DETAILED AS ASSISTANT CHIEF","285448.00"
"POLICE OFFICER D/A DETECTIVE 1ST GR","154751.00"
"PRINCIPAL ADMINISTRATIVE ASSOCIATE -  NON SUPVR","84538.00"
"SERGEANT-D/A SPECIAL ASSIGNMENT","121048.00"
"LIEUTENANT","154751.00"
"CAPTAIN D/A DEPUTY INSPECTOR","204936.00"
"CAPTAIN D/A INSPECTOR","215791.00"
"POLICE OFFICER","109352.00"
"LIEUTENANT","125531.00"
"CAPTAIN: CHIEF OF TRANSPORTATION BUREAU","285577.00"
"PRINCIPAL ADMINISTRATIVE ASSOCIATE -  NON SUPVR","69646.00"
"SENIOR POLICE ADMINISTRATIVE AIDE","64855.00"
"PRINCIPAL ADMINISTRATIVE ASSOCIATE -  NON SUPVR","84246.00"
"PRINCIPAL ADMINISTRATIVE ASSOCIATE -  NON SUPVR","76154.00"
"SENIOR POLICE ADMINISTRATIVE AIDE","59050.00"
"SENIOR POLICE ADMINISTRATIVE AIDE","58836.00"
"SENIOR POLICE ADMINISTRATIVE AIDE","64289.00"
"POLICE OFFICER D/A DETECTIVE 2ND GR","130260.00"
"CAPTAIN D/A INSPECTOR","215791.00"
"CAPTAIN D/A DEPUTY CHIEF","227306.00"
"CAPTAIN","194689.00"
"POLICE OFFICER","109352.00"
"POLICE OFFICER D/A DETECTIVE 1ST GR","154751.00"
"SERGEANT-D/A SPECIAL ASSIGNMENT","135511.00"
"POLICE OFFICER D/A DETECTIVE 2ND GR","134819.00"
"POLICE OFFICER","87211.00"
"SERGEANT-","118056.00"
"SERGEANT-D/A SUPERVISOR DETECTIVE SQUAD","135511.00"
"SERGEANT-D/A SPECIAL ASSIGNMENT","120744.00"
"CAPTAIN D/A INSPECTOR","215791.00"
"CAPTAIN D/A DEPUTY CHIEF","227306.00"
"P.O. DET SPEC","119429.00"
"POLICE OFFICER","109352.00"
"LIEUTENANT D/A SPECIAL ASSIGNMENT","157713.00"
"LIEUTENANT D/A COMMANDER OF DETECTIVE SQUAD","170234.00"
"CAPTAIN DETAILED AS ASSISTANT CHIEF","285448.00"
"POLICE OFFICER D/A DETECTIVE 1ST GR","154751.00"
"P.O. DET SPEC","119314.00"
"LIEUTENANT D/A COMMANDER OF DETECTIVE SQUAD","170234.00"
"CAPTAIN D/A DEPUTY CHIEF","227306.00"
"CAPTAIN D/A DEPUTY CHIEF","227306.00"
"POLICE OFFICER","109352.00"
"SERGEANT-D/A SUPERVISOR DETECTIVE SQUAD","135511.00"
"CAPTAIN D/A DEPUTY CHIEF","227306.00"
"P.O. DET SPEC","119314.00"
"LIEUTENANT D/A COMMANDER OF DETECTIVE SQUAD","170234.00"
"CAPTAIN D/A INSPECTOR","215791.00"
"POLICE OFFICER D/A DETECTIVE 2ND GR","130260.00"
"LIEUTENANT D/A SPECIAL ASSIGNMENT","170234.00"
"LIEUTENANT D/A SPECIAL ASSIGNMENT","170234.00"
"LIEUTENANT D/A SPECIAL ASSIGNMENT","170234.00"
"LIEUTENANT D/A COMMANDER OF DETECTIVE SQUAD","164477.00"
"LIEUTENANT D/A SPECIAL ASSIGNMENT","164477.00"
"CAPTAIN DETAILED AS CHIEF OF DETECTIVES","285577.00"
"POLICE OFFICER","109352.00"
"CAPTAIN","194689.00"
"LIEUTENANT D/A COMMANDER OF DETECTIVE SQUAD","170234.00"
"CAPTAIN D/A INSPECTOR","215791.00"
"POLICE OFFICER D/A DETECTIVE 1ST GR","154751.00"
"SERGEANT-","118056.00"
"EXECUTIVE AGENCY COUNSEL","155898.00"
"ADMINISTRATIVE STAFF ANALYST","226049.00"
"ADM MANAGER-NON-MGRL","78774.00"
"ADM MANAGER-NON-MGRL","115335.00"
"ADM MANAGER-NON-MGRL","128086.00"
"POLICE ADMINISTRATIVE AIDE","48977.00"
"PRINCIPAL ADMINISTRATIVE ASSOCIATE -  NON SUPVR","79890.00"
"POLICE ADMINISTRATIVE AIDE","48977.00"
"SENIOR POLICE ADMINISTRATIVE AIDE","66506.00"
"ADM MANAGER-NON-MGRL","79526.00"
"SENIOR POLICE ADMINISTRATIVE AIDE","58758.00"
"SENIOR POLICE ADMINISTRATIVE AIDE","62462.00"
"INTELLIGENCE RESEARCH SPECIALIST-PD","94438.00"
"SENIOR POLICE ADMINISTRATIVE AIDE","66478.00"
"PRINCIPAL ADMINISTRATIVE ASSOCIATE -  NON SUPVR","68856.00"
"SCHOOL SAFETY AGENT","56508.00"
"CAPTAIN D/A DEPUTY INSPECTOR","204936.00"
"LIEUTENANT D/A SPECIAL ASSIGNMENT","170234.00"
"SCHOOL SAFETY AGENT","56508.00"
"POLICE OFFICER","109352.00"
"SUPERVISOR OF MECHANICS","140840.00"
"SUPERVISOR OF MECHANICS","190433.00"
"SCHOOL SAFETY AGENT","56508.00"
"CAPTAIN D/A DEPUTY INSPECTOR","204936.00"
"LIEUTENANT","149518.00"
"POLICE OFFICER D/A DETECTIVE 1ST GR","149518.00"
"SENIOR POLICE ADMINISTRATIVE AIDE","58733.00"
"ADMINISTRATIVE STAFF ANALYST","124020.00"
"PARALEGAL AIDE","50265.00"
"POLICE OFFICER D/A DETECTIVE 2ND GR","134819.00"
"SUPERVISOR OF SCHOOL SECURITY","81237.00"
"SENIOR POLICE ADMINISTRATIVE AIDE","58905.00"
"POLICE OFFICER","109352.00"
"COMPUTER SPECIALIST","127805.00"
"P.O. DET SPEC","115923.00"
"CAPTAIN D/A INSPECTOR","215791.00"
"POLICE OFFICER","109352.00"
"SERGEANT-D/A SUPERVISOR DETECTIVE SQUAD","135511.00"
"LIEUTENANT D/A SPECIAL ASSIGNMENT","156098.00"
"LIEUTENANT","154751.00"
"CAPT DET CHIEF OF THE TRANSIT BUREAU","285577.00"
"POLICE OFFICER D/A DETECTIVE 1ST GR","154751.00"
"SERGEANT-D/A SUPERVISOR DETECTIVE SQUAD","135511.00"
"SERGEANT-D/A SUPERVISOR DETECTIVE SQUAD","135511.00"
"POLICE OFFICER D/A DETECTIVE 2ND GR","134819.00"
"LIEUTENANT D/A COMMANDER OF DETECTIVE SQUAD","152380.00"
"CAPTAIN D/A INSPECTOR","215791.00"
"SUPERVISOR OF MECHANICS","140840.00"
"SCHOOL SAFETY AGENT","56508.00"
"SUPERVISOR OF MECHANICS","140840.00"
"POLICE OFFICER","109352.00"
"SCHOOL SAFETY AGENT","54862.00"
"POLICE OFFICER","109352.00"
"PRINCIPAL POLICE COMMUNICATION TECHNICIAN","92121.00"
"ADMINISTRATIVE CONTRACT SPECIALIST","106625.00"
"POLICE OFFICER D/A DETECTIVE 1ST GR","149518.00"
"POLICE OFFICER","109352.00"
"PRINCIPAL POLICE COMMUNICATION TECHNICIAN","108927.00"
"POLICE COMMUNICATIONS TECHNICIAN","56241.00"
"POLICE OFFICER","109352.00"
"POLICE OFFICER D/A DETECTIVE 1ST GR","149518.00"
"CAPTAIN D/A DEPUTY INSPECTOR","204936.00"
"ASSOCIATE TRAFFIC ENFORCEMENT AGENT","57817.00"
"PRINCIPAL ADMINISTRATIVE ASSOCIATE -  NON SUPVR","74550.00"
"POLICE ADMINISTRATIVE AIDE","48631.00"
"POLICE OFFICER","109352.00"
"ASSOCIATE TRAFFIC ENFORCEMENT AGENT","73069.00"
"ASSOCIATE TRAFFIC ENFORCEMENT AGENT","60121.00"
"POLICE OFFICER D/A DETECTIVE 1ST GR","154751.00"
"ASSOCIATE TRAFFIC ENFORCEMENT AGENT","77519.00"
"ASSOCIATE TRAFFIC ENFORCEMENT AGENT","65775.00"
"ASSOCIATE TRAFFIC ENFORCEMENT AGENT","54624.00"
"ASSOCIATE TRAFFIC ENFORCEMENT AGENT","54651.00"
"TRAFFIC ENFORCEMENT AGENT","49815.00"
"ASSOCIATE TRAFFIC ENFORCEMENT AGENT","57980.00"
"SERGEANT-D/A SUPERVISOR DETECTIVE SQUAD","135511.00"
"SERGEANT-D/A SPECIAL ASSIGNMENT","135511.00"
"CAPTAIN DETAILED AS ASSISTANT CHIEF","285448.00"
"P.O. DA DET GR3","108477.00"
"CAPT DET CHIEF OF DEPARTMENT","242592.00"
"SCHOOL SAFETY AGENT","56508.00"
"CAPTAIN D/A DEPUTY CHIEF","227306.00"
"PRINCIPAL ADMINISTRATIVE ASSOCIATE -  NON SUPVR","77907.00"
"SENIOR POLICE ADMINISTRATIVE AIDE","58758.00"
"SENIOR POLICE ADMINISTRATIVE AIDE","66373.00"
"POLICE OFFICER","109352.00"
"P.O. DA DET GR3","115923.00"
"PRINCIPAL ADMINISTRATIVE ASSOCIATE -  NON SUPVR","76968.00"
"SUPERVISING POLICE COMMUNICATIONS TECHNICIAN","79932.00"
"EXECUTIVE AGENCY COUNSEL","253184.00"
"CAPT DET CHIEF OF INTERNAL AFFAIRS","276588.00"
"POLICE OFFICER D/A DETECTIVE 1ST GR","149518.00"
"LIEUTENANT","154751.00"
"CAPTAIN D/A DEPUTY CHIEF","227306.00"
"POLICE OFFICER D/A DETECTIVE 1ST GR","154751.00"
"POLICE OFFICER D/A DETECTIVE 1ST GR","144462.00"
"P.O. DET SPEC","115390.00"
"POLICE OFFICER D/A DETECTIVE 1ST GR","154751.00"
"CAPTAIN D/A DEPUTY CHIEF","227306.00"
"P.O. DET SPEC","119980.00"
"POLICE OFFICER D/A DETECTIVE 1ST GR","149518.00"
"CAPTAIN D/A DEPUTY INSPECTOR","204936.00"
"POLICE OFFICER D/A DETECTIVE 2ND GR","130260.00"
"POLICE OFFICER D/A DETECTIVE 1ST GR","154751.00"
"CAPTAIN D/A DEPUTY INSPECTOR","204936.00"
"CAPTAIN D/A DEPUTY INSPECTOR","204936.00"
"CAPTAIN D/A DEPUTY CHIEF","227306.00"
"LIEUTENANT","154751.00"
"CAPT DET CHIEF OF THE TRANSIT BUREAU","276588.00"
"CAPTAIN","194689.00"
"P.O. DET SPEC","102002.00"
"POLICE OFFICER","109352.00"
"SERGEANT-","96477.00"
"POLICE OFFICER","101590.00"
"POLICE OFFICER D/A DETECTIVE 2ND GR","134819.00"
"SCHOOL SAFETY AGENT","56508.00"
"POLICE COMMUNICATIONS TECHNICIAN","59935.00"
"PRINCIPAL ADMINISTRATIVE ASSOCIATE -  NON SUPVR","81057.00"
"SCHOOL SAFETY AGENT","56508.00"
"POLICE ADMINISTRATIVE AIDE","47458.00"
"COMMUNITY ASSISTANT","43460.00"
"SCHOOL CROSSING GUARD","44584.00"
"SENIOR POLICE ADMINISTRATIVE AIDE","65467.00"
"POLICE ADMINISTRATIVE AIDE","48885.00"
"SENIOR POLICE ADMINISTRATIVE AIDE","66478.00"
"POLICE ADMINISTRATIVE AIDE","49026.00"
"POLICE ADMINISTRATIVE AIDE","53907.00"
"ASSOCIATE INVESTIGATOR","74020.00"
"SENIOR POLICE ADMINISTRATIVE AIDE","58934.00"
"ADM MANAGER-NON-MGRL","95637.00"
"POLICE ADMINISTRATIVE AIDE","60142.00"
"POLICE ADMINISTRATIVE AIDE","48924.00"
"PRINCIPAL ADMINISTRATIVE ASSOCIATE -  NON SUPVR","64240.00"
"POLICE ADMINISTRATIVE AIDE","49026.00"
"SENIOR POLICE ADMINISTRATIVE AIDE","64659.00"
"P.O. DET SPEC","119980.00"
"PRINCIPAL ADMINISTRATIVE ASSOCIATE -  NON SUPVR","79361.00"
"ADM MANAGER-NON-MGRL","100260.00"
"SENIOR POLICE ADMINISTRATIVE AIDE","66173.00"
"ASSOCIATE INVESTIGATOR","80518.00"
"SUPERVISOR OF RADIO REPAIR OPERATIONS","142273.00"
"SERGEANT-","118056.00"
"POLICE OFFICER","109352.00"
"SERGEANT-D/A SPECIAL ASSIGNMENT","135511.00"
"POLICE OFFICER D/A DETECTIVE 1ST GR","149518.00"
"CAPTAIN DETAILED AS ASSISTANT CHIEF","285448.00"
"POLICE OFFICER","109352.00"
"CAPTAIN D/A DEPUTY CHIEF","227306.00"
"POLICE OFFICER D/A DETECTIVE 2ND GR","134819.00"
"POLICE OFFICER D/A DETECTIVE 1ST GR","154751.00"
"LIEUTENANT D/A SPECIAL ASSIGNMENT","170234.00"
"POLICE OFFICER D/A DETECTIVE 1ST GR","154751.00"
"LIEUTENANT D/A SPECIAL ASSIGNMENT","170234.00"
"CAPTAIN D/A DEPUTY INSPECTOR","204936.00"
"POLICE OFFICER","101590.00"
"POLICE OFFICER D/A DETECTIVE 2ND GR","118056.00"
"POLICE OFFICER D/A DETECTIVE 1ST GR","154751.00"
"LIEUTENANT","142202.00"
"POLICE OFFICER D/A DETECTIVE 2ND GR","134819.00"
"POLICE OFFICER D/A DETECTIVE 1ST GR","154751.00"
"CAPTAIN","194689.00"
"CAPTAIN D/A DEPUTY CHIEF","227306.00"
"CAPTAIN D/A DEPUTY CHIEF","227306.00"
"LIEUTENANT","154751.00"
"CAPTAIN D/A DEPUTY CHIEF","227306.00"
"SERGEANT-D/A SUPERVISOR DETECTIVE SQUAD","135511.00"
"CAPTAIN - CHIEF OF STAFF","276588.00"
"LIEUTENANT D/A COMMANDER OF DETECTIVE SQUAD","170234.00"
"POLICE OFFICER D/A DETECTIVE 1ST GR","149518.00"
"POLICE OFFICER","105146.00"
"SUPERVISOR OF OFFICE MACHINE OPERATIONS","62392.00"
"CLERICAL ASSOCIATE MOST MAYORAL AG","44817.00"
"SCHOOL SAFETY AGENT","53264.00"
"MANAGEMENT AUDITOR","93062.00"
"POLICE OFFICER","109352.00"
"PROCUREMENT ANALYST","74894.00"
"PRINCIPAL ADMINISTRATIVE ASSOCIATE -  NON SUPVR","62280.00"
"SCHOOL SAFETY AGENT","56508.00"
"POLICE ADMINISTRATIVE AIDE","54135.00"
"TRAFFIC ENFORCEMENT AGENT","53985.00"
"POLICE OFFICER D/A DETECTIVE 1ST GR","154751.00"
"SENIOR POLICE ADMINISTRATIVE AIDE","63659.00"
"ASSOCIATE TRAFFIC ENFORCEMENT AGENT","77442.00"
"EVIDENCE AND PROPERTY CONTROL SPECIALIST","79443.00"
"ASSOCIATE TRAFFIC ENFORCEMENT AGENT","58008.00"
"ASSOCIATE TRAFFIC ENFORCEMENT AGENT","57917.00"
"COMPUTER ASSOCIATE","82591.00"
"SUPERVISING POLICE COMMUNICATIONS TECHNICIAN","79835.00"
"PRINCIPAL ADMINISTRATIVE ASSOCIATE -  NON SUPVR","77143.00"
"POLICE ADMINISTRATIVE AIDE","40956.00"
"SUPERVISING POLICE COMMUNICATIONS TECHNICIAN","80008.00"
"SCHOOL SAFETY AGENT","54862.00"
"SENIOR POLICE ADMINISTRATIVE AIDE","58707.00"
"POLICE ADMINISTRATIVE AIDE","49395.00"
"ADMIN COMMUNITY RELATIONS SPECIALIST","112625.00"
"COMPUTER SPECIALIST","109640.00"
"POLICE OFFICER D/A DETECTIVE 1ST GR","154751.00"
"TRAFFIC ENFORCEMENT AGENT","55153.00"
"ASSOCIATE STAFF ANALYST","98785.00"
"SENIOR POLICE ADMINISTRATIVE AIDE","56810.00"
"SCHOOL SAFETY AGENT","56508.00"
"LIEUTENANT","154751.00"
"POLICE COMMUNICATIONS TECHNICIAN","45704.00"
"POLICE ADMINISTRATIVE AIDE","59143.00"
"CAPTAIN","188105.00"
"PRINCIPAL ADMINISTRATIVE ASSOCIATE -  NON SUPVR","78225.00"
"POLICE ADMINISTRATIVE AIDE","49026.00"
"POLICE ADMINISTRATIVE AIDE","51706.00"
"PRINCIPAL ADMINISTRATIVE ASSOCIATE -  NON SUPVR","82318.00"
"POLICE ADMINISTRATIVE AIDE","59197.00"
"PRINCIPAL ADMINISTRATIVE ASSOCIATE -  NON SUPVR","78769.00"
"STAFF ANALYST","82497.00"
"MEDIA SERVICES TECHNICIAN","51135.00"
"ADM MANAGER-NON-MGRL","96853.00"
"ASSOCIATE INVESTIGATOR","77704.00"
"ADMINISTRATIVE PROCUREMENT ANALYST-NON-MGRL","101307.00"
"PRINCIPAL ADMINISTRATIVE ASSOCIATE -  NON SUPVR","65321.00"
"EXECUTIVE AGENCY COUNSEL","213437.00"
"ADMINISTRATIVE PUBLIC INFORMATION SPECIALIST NM FORMER M1/M2","92471.00"
"SENIOR POLICE ADMINISTRATIVE AIDE","58707.00"
"INVESTIGATOR","55488.00"
"SENIOR POLICE ADMINISTRATIVE AIDE","58810.00"
"SUPERVISING POLICE COMMUNICATIONS TECHNICIAN","79862.00"
"SCHOOL SAFETY AGENT","56508.00"
"SERGEANT-D/A SPECIAL ASSIGNMENT","135511.00"
"POLICE OFFICER","109352.00"
"TRAFFIC ENFORCEMENT AGENT","50643.00"
"TRAFFIC ENFORCEMENT AGENT","53985.00"
"P.O. DET SPEC","119980.00"
"ASSOCIATE TRAFFIC ENFORCEMENT AGENT","57980.00"
"ASSOCIATE TRAFFIC ENFORCEMENT AGENT","57917.00"
"ASSOCIATE TRAFFIC ENFORCEMENT AGENT","65802.00"
"ASSOCIATE TRAFFIC ENFORCEMENT AGENT","57980.00"
"POLICE ADMINISTRATIVE AIDE","53861.00"
"TRAFFIC ENFORCEMENT AGENT","55339.00"
"TRAFFIC ENFORCEMENT AGENT","52413.00"
"SENIOR POLICE ADMINISTRATIVE AIDE","58784.00"
"ASSOCIATE TRAFFIC ENFORCEMENT AGENT","65763.00"
"TRAFFIC ENFORCEMENT AGENT","52413.00"
"ASSOCIATE TRAFFIC ENFORCEMENT AGENT","77468.00"
"TRAFFIC ENFORCEMENT AGENT","53985.00"
"POLICE OFFICER","109352.00"
"SCHOOL SAFETY AGENT","56508.00"
"P.O. DA DET GR3","119980.00"
"SCHOOL SAFETY AGENT","56508.00"
"SCHOOL SAFETY AGENT","56508.00"
"POLICE OFFICER","98155.00"
"POLICE OFFICER","109352.00"
"POLICE COMMUNICATIONS TECHNICIAN","61985.00"
"SCHOOL SAFETY AGENT","56508.00"
"SERGEANT-","118056.00"
"SCHOOL SAFETY AGENT","56508.00"
"POLICE ADMINISTRATIVE AIDE","48631.00"
"POLICE OFFICER","105146.00"
"CAPTAIN D/A DEPUTY CHIEF","227306.00"
"SERGEANT-","96477.00"
"POLICE OFFICER","109352.00"
"SCHOOL SAFETY AGENT","56508.00"
"POLICE OFFICER","109352.00"
"MOTOR VEHICLE SUPERVISOR","67642.00"
"PRINCIPAL ADMINISTRATIVE ASSOCIATE -  NON SUPVR","69309.00"
"SENIOR POLICE ADMINISTRATIVE AIDE","58707.00"
"SUPERVISOR OF SCHOOL SECURITY","81237.00"
"POLICE OFFICER","109352.00"
"CAPTAIN D/A INSPECTOR","215791.00"
"CAPTAIN D/A DEPUTY CHIEF","227306.00"
"CAPTAIN DETAILED AS CHIEF OF PERSONNEL","285577.00"
"SENIOR POLICE ADMINISTRATIVE AIDE","66478.00"
"SENIOR POLICE ADMINISTRATIVE AIDE","58707.00"
"ASSOCIATE TRAFFIC ENFORCEMENT AGENT","57922.00"
"INVESTIGATOR","52177.00"
"SCHOOL SAFETY AGENT","56508.00"
"SCHOOL SAFETY AGENT","56508.00"
"POLICE OFFICER","98155.00"
"SUPERVISOR OF SCHOOL SECURITY","81237.00"
"POLICE COMMUNICATIONS TECHNICIAN","57805.00"
"TELECOMMUNICATIONS ASSOCIATE","70365.00"
"ADMINISTRATIVE STAFF ANALYST","128349.00"
"POLICE OFFICER","101590.00"
"SCHOOL SAFETY AGENT","56508.00"
"P.O. DA DET GR3","119980.00"
"SENIOR POLICE ADMINISTRATIVE AIDE","63096.00"
"CAPTAIN","194689.00"
"LIEUTENANT","154751.00"
"P.O. DET SPEC","119248.00"
"SENIOR POLICE ADMINISTRATIVE AIDE","63712.00"
"PRINCIPAL ADMINISTRATIVE ASSOCIATE -  NON SUPVR","74347.00"
"ADM MANAGER-NON-MGRL","105610.00"
"POLICE OFFICER","109352.00"
"SENIOR POLICE ADMINISTRATIVE AIDE","66368.00"
"EVIDENCE AND PROPERTY CONTROL SPECIALIST","65575.00"
"SUPERVISOR OF SCHOOL SECURITY","81237.00"
"SCHOOL SAFETY AGENT","56508.00"
"MOTOR VEHICLE OPERATOR","50195.00"
"POLICE COMMUNICATIONS TECHNICIAN","57944.00"
"POLICE OFFICER D/A DETECTIVE 1ST GR","149518.00"
"ASSOCIATE TRAFFIC ENFORCEMENT AGENT","65670.00"
"ASSOCIATE TRAFFIC ENFORCEMENT AGENT","58026.00"
"ASSOCIATE PARKING CONTROL SPECIALIST","67751.00"
"POLICE OFFICER","109352.00"
"POLICE OFFICER D/A DETECTIVE 1ST GR","154751.00"
"SERGEANT-","118056.00"
"POLICE OFFICER D/A DETECTIVE 1ST GR","154751.00"
"CAPTAIN D/A INSPECTOR","215791.00"
"CAPT DET CHIEF OF INTERNAL AFFAIRS","241116.00"
"CAPTAIN","194689.00"
"SERGEANT-D/A SPECIAL ASSIGNMENT","135511.00"
"CAPTAIN D/A DEPUTY INSPECTOR","204936.00"
"LIEUTENANT D/A SPECIAL ASSIGNMENT","156098.00"
"ADMIN COMMUNITY RELATIONS SPECIALIST","100387.00"
"POLICE COMMUNICATIONS TECHNICIAN","62040.00"
"CLERICAL ASSOCIATE MOST MAYORAL AG","60561.00"
"SENIOR POLICE ADMINISTRATIVE AIDE","66506.00"
"SCHOOL SAFETY AGENT","53264.00"
"POLICE ADMINISTRATIVE AIDE","56721.00"
"SUPERVISING POLICE COMMUNICATIONS TECHNICIAN","80170.00"
"CAPTAIN","194689.00"
"PRINCIPAL ADMINISTRATIVE ASSOCIATE -  NON SUPVR","75201.00"
"POLICE ADMINISTRATIVE AIDE","52199.00"
"SENIOR POLICE ADMINISTRATIVE AIDE","66478.00"
"TRAFFIC ENFORCEMENT AGENT","56707.00"
"CAPT DET CHIEF OF DEPARTMENT","276944.00"
"DEPUTY COMMISSIONER","285577.00"
"ASSOCIATE TRAFFIC ENFORCEMENT AGENT","65670.00"
"POLICE OFFICER","109352.00"
"PRINCIPAL ADMINISTRATIVE ASSOCIATE -  NON SUPVR","80727.00"
"POLICE ADMINISTRATIVE AIDE","47502.00"
"COMPUTER OPERATIONS MANAGER","172516.00"
"SENIOR POLICE ADMINISTRATIVE AIDE","65602.00"
"PRINCIPAL ADMINISTRATIVE ASSOCIATE -  NON SUPVR","63927.00"
"SERGEANT-","118056.00"
"CAPTAIN D/A INSPECTOR","215791.00"
"POLICE COMMUNICATIONS TECHNICIAN","58578.00"
"P.O. DET SPEC","119429.00"
"CAPTAIN","194689.00"
"MOTOR VEHICLE OPERATOR","58272.00"
"POLICE ADMINISTRATIVE AIDE","54962.00"
"TRAFFIC ENFORCEMENT AGENT","56751.00"
"TRAFFIC ENFORCEMENT AGENT","52413.00"
"ASSOCIATE TRAFFIC ENFORCEMENT AGENT","77481.00"
"TRAFFIC ENFORCEMENT AGENT","53985.00"
"POLICE OFFICER","105146.00"
"TRAFFIC ENFORCEMENT AGENT","55339.00"
"ASSOCIATE TRAFFIC ENFORCEMENT AGENT","58026.00"
"ASSOCIATE TRAFFIC ENFORCEMENT AGENT","57980.00"
"SENIOR POLICE ADMINISTRATIVE AIDE","58758.00"
"PRINCIPAL ADMINISTRATIVE ASSOCIATE -  NON SUPVR","71250.00"
"ADMINISTRATIVE STAFF ANALYST","127734.00"
"POLICE ADMINISTRATIVE AIDE","57271.00"
"SENIOR POLICE ADMINISTRATIVE AIDE","66478.00"
"TRAFFIC ENFORCEMENT AGENT","53985.00"
"ADMINISTRATIVE STAFF ANALYST","127868.00"
"ASSOCIATE INVESTIGATOR","77095.00"
"POLICE ADMINISTRATIVE AIDE","49096.00"
"ADMINISTRATIVE STAFF ANALYST","127108.00"
"POLICE OFFICER","109352.00"
"EVIDENCE AND PROPERTY CONTROL SPECIALIST","65303.00"
"PRINCIPAL ADMINISTRATIVE ASSOCIATE -  NON SUPVR","77096.00"
"SENIOR POLICE ADMINISTRATIVE AIDE","64145.00"
"TRAFFIC ENFORCEMENT AGENT","49830.00"
"ASSOCIATE TRAFFIC ENFORCEMENT AGENT","57826.00"
"POLICE OFFICER","109352.00"
"SUPERVISING POLICE COMMUNICATIONS TECHNICIAN","77391.00"
"SENIOR POLICE ADMINISTRATIVE AIDE","66506.00"
"POLICE ADMINISTRATIVE AIDE","54969.00"
"ADMINISTRATIVE STAFF ANALYST","108161.00"
"POLICE OFFICER D/A DETECTIVE 1ST GR","154751.00"
"ADM MANAGER-NON-MGRL","111234.00"
"SENIOR POLICE ADMINISTRATIVE AIDE","65072.00"
"ADM MANAGER-NON-MGRL","102061.00"
"PRINCIPAL ADMINISTRATIVE ASSOCIATE -  NON SUPVR","71688.00"
"SENIOR POLICE ADMINISTRATIVE AIDE","61675.00"
"POLICE ADMINISTRATIVE AIDE","49096.00"
"POLICE ADMINISTRATIVE AIDE","53594.00"
"POLICE ADMINISTRATIVE AIDE","51839.00"
"SECRETARY","46093.00"
"SCHOOL SAFETY AGENT","51729.00"
"AGENCY ATTORNEY","95450.00"
"CITY CUSTODIAL ASSISTANT","48464.00"
"POLICE OFFICER D/A DETECTIVE 2ND GR","134819.00"
"EXECUTIVE AGENCY COUNSEL","247333.00"
"CITY CUSTODIAL ASSISTANT","43247.00"
"SENIOR POLICE ADMINISTRATIVE AIDE","63721.00"
"POLICE ADMINISTRATIVE AIDE","47149.00"
"POLICE ADMINISTRATIVE AIDE","49121.00"
"SCHOOL SAFETY AGENT","56508.00"
"ASSOCIATE TRAFFIC ENFORCEMENT AGENT","57817.00"
"SCHOOL SAFETY AGENT","56508.00"
"ASSOCIATE INVESTIGATOR","68392.00"
"ASSOCIATE TRAFFIC ENFORCEMENT AGENT","65721.00"
"SERGEANT-D/A SUPERVISOR DETECTIVE SQUAD","135511.00"
"POLICE COMMUNICATIONS TECHNICIAN","62274.00"
"TRAFFIC ENFORCEMENT AGENT","56779.00"
"PARKING CONTROL SPECIALIST","53219.00"
"ASSOCIATE TRAFFIC ENFORCEMENT AGENT","57922.00"
"ASSOCIATE TRAFFIC ENFORCEMENT AGENT","77519.00"
"ADMINISTRATIVE STAFF ANALYST","198932.00"
"SENIOR POLICE ADMINISTRATIVE AIDE","58998.00"
"POLICE ADMINISTRATIVE AIDE","53419.00"
"ASSOCIATE TRAFFIC ENFORCEMENT AGENT","77442.00"
"ASSOCIATE TRAFFIC ENFORCEMENT AGENT","57856.00"
"POLICE OFFICER","109352.00"
"ADMINISTRATIVE PUBLIC INFORMATION SPECIALIST NM FORMER M1/M2","98601.00"
"POLICE COMMUNICATIONS TECHNICIAN","61883.00"
"TRAFFIC ENFORCEMENT AGENT","53985.00"
"ASSOCIATE INVESTIGATOR","96702.00"
"SCHOOL SAFETY AGENT","56508.00"
"SCHOOL SAFETY AGENT","56508.00"
"SENIOR POLICE ADMINISTRATIVE AIDE","62538.00"
"POLICE COMMUNICATIONS TECHNICIAN","61934.00"
"POLICE COMMUNICATIONS TECHNICIAN","61909.00"
"POLICE OFFICER","109352.00"
"SENIOR POLICE ADMINISTRATIVE AIDE","58758.00"
"SCHOOL SAFETY AGENT","50207.00"
"SCHOOL CROSSING GUARD","44584.00"
"SERGEANT-D/A SPECIAL ASSIGNMENT","135511.00"
"POLICE OFFICER D/A DETECTIVE 2ND GR","134819.00"
"SERGEANT-D/A SPECIAL ASSIGNMENT","135511.00"
"SCHOOL SAFETY AGENT","56508.00"
"POLICE COMMUNICATIONS TECHNICIAN","61883.00"
"POLICE OFFICER D/A DETECTIVE 1ST GR","149518.00"
"LIEUTENANT","154751.00"
"SERGEANT-D/A SUPERVISOR DETECTIVE SQUAD","135511.00"
"CAPTAIN D/A INSPECTOR","215791.00"
"SENIOR POLICE ADMINISTRATIVE AIDE","58758.00"
"ADMINISTRATIVE PROCUREMENT ANALYST","184232.00"
"CAPTAIN D/A INSPECTOR","208494.00"
"SERGEANT-D/A SUPERVISOR DETECTIVE SQUAD","135511.00"
"CAPTAIN D/A DEPUTY CHIEF","227306.00"
"CAPT DET CHIEF OF THE HOUSING BUREAU","285577.00"
"CAPTAIN DETAILED AS ASSISTANT CHIEF","240511.00"
"LIEUTENANT D/A SPECIAL ASSIGNMENT","170234.00"
"POLICE OFFICER D/A DETECTIVE 2ND GR","130260.00"
"CAPTAIN D/A INSPECTOR","215791.00"
"POLICE OFFICER","109352.00"
"HOSTLER","54917.00"
"POLICE OFFICER","105146.00"
"TRAFFIC ENFORCEMENT AGENT","53985.00"
"SCHOOL SAFETY AGENT","56508.00"
"POLICE OFFICER","109352.00"
"P.O. DET SPEC","119980.00"
"SERGEANT-","118056.00"
"SERGEANT-","118056.00"
"POLICE COMMUNICATIONS TECHNICIAN","62080.00"
"SCHOOL SAFETY AGENT","56508.00"
"ASSOCIATE TRAFFIC ENFORCEMENT AGENT","57817.00"
"SCHOOL SAFETY AGENT","56508.00"
"COMPUTER ASSOCIATE","130482.00"
"POLICE OFFICER D/A DETECTIVE 2ND GR","134819.00"
"SUPERVISING POLICE COMMUNICATIONS TECHNICIAN","76469.00"
"SENIOR POLICE ADMINISTRATIVE AIDE","66246.00"
"SENIOR POLICE ADMINISTRATIVE AIDE","58784.00"
"PRINCIPAL ADMINISTRATIVE ASSOCIATE -  NON SUPVR","64137.00"
"SENIOR POLICE ADMINISTRATIVE AIDE","56883.00"
"INVESTIGATOR","61495.00"
"SENIOR POLICE ADMINISTRATIVE AIDE","57104.00"
"SENIOR POLICE ADMINISTRATIVE AIDE","64317.00"
"PRINCIPAL ADMINISTRATIVE ASSOCIATE -  NON SUPVR","74438.00"
"SENIOR POLICE ADMINISTRATIVE AIDE","58758.00"
"COMMUNITY ASSISTANT","43460.00"
"PRINCIPAL ADMINISTRATIVE ASSOCIATE -  NON SUPVR","82648.00"
"SERGEANT-D/A SUPERVISOR DETECTIVE SQUAD","135511.00"
"TRAFFIC ENFORCEMENT AGENT","53985.00"
"SCHOOL SAFETY AGENT","56508.00"
"ASSOCIATE TRAFFIC ENFORCEMENT AGENT","57922.00"
"POLICE OFFICER D/A DETECTIVE 2ND GR","134819.00"
"ADMIN TRAFFIC ENF AGNT-UNION","85148.00"
"ASSOCIATE TRAFFIC ENFORCEMENT AGENT","58026.00"
"TRAFFIC ENFORCEMENT AGENT","53985.00"
"ASSOCIATE TRAFFIC ENFORCEMENT AGENT","58026.00"
"ASSOCIATE TRAFFIC ENFORCEMENT AGENT","58026.00"
"*ATTORNEY AT LAW","100053.00"
"P.O. DA DET GR3","119980.00"
"POLICE OFFICER","109352.00"
"SERGEANT-","118056.00"
"SERGEANT-D/A SUPERVISOR DETECTIVE SQUAD","121048.00"
"POLICE OFFICER","109352.00"
"POLICE OFFICER","109352.00"
"POLICE OFFICER","109352.00"
"POLICE OFFICER","109352.00"
"SERGEANT-","118056.00"
"POLICE OFFICER","109352.00"
"SERGEANT-","118056.00"
"LIEUTENANT D/A COMMANDER OF DETECTIVE SQUAD","156098.00"
"POLICE OFFICER D/A DETECTIVE 2ND GR","134819.00"
"P.O. DA DET GR3","119980.00"
"POLICE OFFICER","109352.00"
"LIEUTENANT","154751.00"
"P.O. DA DET GR3","119980.00"
"P.O. DA DET GR3","119980.00"
"P.O. DET SPEC","119429.00"
"LIEUTENANT","154751.00"
"P.O. DA DET GR3","115923.00"
"P.O. DA DET GR3","119980.00"
"POLICE OFFICER","109352.00"
"P.O. DET SPEC","115923.00"
"SERGEANT-","118056.00"
"POLICE OFFICER","109352.00"
"SERGEANT-","118056.00"
"SERGEANT-","118056.00"
"P.O. DA DET GR3","119980.00"
"POLICE OFFICER","109352.00"
"POLICE OFFICER","109352.00"
"P.O. DA DET GR3","119980.00"
"SERGEANT-D/A SUPERVISOR DETECTIVE SQUAD","121048.00"
"SERGEANT-D/A SUPERVISOR DETECTIVE SQUAD","120442.00"
"POLICE OFFICER D/A DETECTIVE 2ND GR","134819.00"
"POLICE OFFICER D/A DETECTIVE 2ND GR","134819.00"
"SERGEANT-","118056.00"
"SERGEANT-D/A SPECIAL ASSIGNMENT","120442.00"
"POLICE OFFICER","109352.00"
"POLICE OFFICER","109352.00"
"LIEUTENANT","154751.00"
"POLICE OFFICER D/A DETECTIVE 2ND GR","134819.00"
"SERGEANT-","118056.00"
"SERGEANT-","118056.00"
"SERGEANT-","118056.00"
"SERGEANT-","118056.00"
"POLICE OFFICER","109352.00"
"CAPTAIN","194689.00"
"LIEUTENANT","141684.00"
"P.O. DA DET GR3","119980.00"
"POLICE OFFICER","109352.00"
"SERGEANT-","118056.00"
"POLICE OFFICER","109352.00"
"LIEUTENANT","142202.00"
"SERGEANT-D/A SPECIAL ASSIGNMENT","121048.00"
"SERGEANT-","118056.00"
"POLICE OFFICER","109352.00"
"POLICE OFFICER","109352.00"
"POLICE OFFICER D/A DETECTIVE 2ND GR","134819.00"
"POLICE OFFICER","109352.00"
"POLICE OFFICER","109352.00"
"POLICE OFFICER","109352.00"
"P.O. DA DET GR3","119980.00"
"POLICE OFFICER","109352.00"
"POLICE OFFICER","109352.00"
"P.O. DA DET GR3","119980.00"
"POLICE OFFICER","109352.00"
"P.O. DA DET GR3","119980.00"
"POLICE OFFICER","101590.00"
"SERGEANT-","118056.00"
"POLICE OFFICER","109352.00"
"POLICE OFFICER","109352.00"
"P.O. DA DET GR3","119980.00"
"POLICE OFFICER","109352.00"
"POLICE OFFICER","109352.00"
"POLICE OFFICER D/A DETECTIVE 2ND GR","134819.00"
"POLICE OFFICER D/A DETECTIVE 2ND GR","134819.00"
"POLICE OFFICER","109352.00"
"LIEUTENANT","142202.00"
"CAPTAIN","194689.00"
"P.O. DET SPEC","119429.00"
"POLICE OFFICER","109352.00"
"SERGEANT-","118056.00"
"POLICE OFFICER","109352.00"
"SERGEANT-","118056.00"
"SERGEANT-","118056.00"
"POLICE OFFICER","109352.00"
"SERGEANT-","118056.00"
"POLICE OFFICER","109352.00"
"POLICE OFFICER","109352.00"
"P.O. DA DET GR3","119980.00"
"POLICE OFFICER","109352.00"
"SERGEANT-D/A SPECIAL ASSIGNMENT","121048.00"
"P.O. DA DET GR3","119980.00"
"SERGEANT-","118056.00"
"P.O. DA DET GR3","119980.00"
"LIEUTENANT D/A SPECIAL ASSIGNMENT","156098.00"
"POLICE OFFICER","109352.00"
"P.O. DA DET GR3","119980.00"
"LIEUTENANT","154751.00"
"P.O. DA DET GR3","119980.00"
"SERGEANT-","118056.00"
"P.O. DA DET GR3","119980.00"
"CAPTAIN","157537.00"
"POLICE OFFICER","109352.00"
"P.O. DA DET GR3","119980.00"
"LIEUTENANT","154751.00"
"P.O. DA DET GR3","119980.00"
"POLICE OFFICER","109352.00"
"SERGEANT-","118056.00"
"P.O. DA DET GR3","119980.00"
"CAPTAIN","194689.00"
"SERGEANT-","118056.00"
"POLICE OFFICER","109352.00"
"POLICE OFFICER D/A DETECTIVE 2ND GR","134819.00"
"SERGEANT-","118056.00"
"SERGEANT-","118056.00"
"CAPTAIN","194689.00"
"CAPTAIN","194689.00"
"POLICE OFFICER","109352.00"
"POLICE OFFICER","109352.00"
"POLICE OFFICER","105146.00"
"POLICE OFFICER","109352.00"
"LIEUTENANT","154751.00"
"P.O. DET SPEC","119980.00"
"POLICE OFFICER","105146.00"
"LIEUTENANT","142202.00"
"LIEUTENANT","154751.00"
"POLICE OFFICER D/A DETECTIVE 2ND GR","134819.00"
"POLICE OFFICER","109352.00"
"SERGEANT-","118056.00"
"POLICE OFFICER","109352.00"
"P.O. DA DET GR3","119980.00"
"P.O. DA DET GR3","119980.00"
"P.O. DET SPEC","119980.00"
"P.O. DA DET GR3","119980.00"
"POLICE OFFICER D/A DETECTIVE 2ND GR","134819.00"
"LIEUTENANT","142202.00"
"POLICE OFFICER","109352.00"
"LIEUTENANT","154751.00"
"LIEUTENANT","154751.00"
"CAPTAIN","194689.00"
"LIEUTENANT","141943.00"
"P.O. DA DET GR3","119980.00"
"POLICE OFFICER","109352.00"
"SERGEANT-D/A SUPERVISOR DETECTIVE SQUAD","120442.00"
"POLICE OFFICER","109352.00"
"SERGEANT-","118056.00"
"POLICE OFFICER","109352.00"
"P.O. DA DET GR3","115923.00"
"SERGEANT-","118056.00"
"P.O. DET SPEC","119429.00"
"SERGEANT-","118056.00"
"SERGEANT-D/A SUPERVISOR DETECTIVE SQUAD","120744.00"
"SERGEANT-","118056.00"
"POLICE OFFICER","109352.00"
"SERGEANT-","118056.00"
"LIEUTENANT D/A SPECIAL ASSIGNMENT","156098.00"
"LIEUTENANT","142202.00"
"POLICE OFFICER","109352.00"
"LIEUTENANT","142202.00"
"POLICE OFFICER","109352.00"
"LIEUTENANT D/A COMMANDER OF DETECTIVE SQUAD","170234.00"
"SERGEANT-","118056.00"
"P.O. DET SPEC","119980.00"
"P.O. DA DET GR3","119980.00"
"POLICE OFFICER D/A DETECTIVE 2ND GR","130260.00"
"P.O. DET SPEC","119980.00"
"POLICE OFFICER","109352.00"
"P.O. DA DET GR3","119980.00"
"LIEUTENANT D/A SPECIAL ASSIGNMENT","156098.00"
"P.O. DA DET GR3","119980.00"
"POLICE OFFICER","109352.00"
"POLICE OFFICER","109352.00"
"SERGEANT-","118056.00"
"P.O. DET SPEC","119314.00"
"P.O. DET SPEC","119980.00"
"LIEUTENANT","141943.00"
"LIEUTENANT","154751.00"
"POLICE OFFICER","109352.00"
"LIEUTENANT","154751.00"
"SERGEANT-","118056.00"
"LIEUTENANT","154751.00"
"P.O. DET SPEC","119980.00"
"LIEUTENANT","154751.00"
"P.O. DA DET GR3","119980.00"
"P.O. DET SPEC","119980.00"
"CAPTAIN","157537.00"
"LIEUTENANT","154751.00"
"POLICE OFFICER D/A DETECTIVE 2ND GR","130260.00"
"POLICE OFFICER","109352.00"
"POLICE OFFICER","109352.00"
"P.O. DET SPEC","119980.00"
"POLICE OFFICER","109352.00"
"POLICE OFFICER","109352.00"
"SERGEANT-","97894.00"
"P.O. DA DET GR3","119980.00"
"P.O. DET SPEC","119248.00"
"SERGEANT-","118056.00"
"SERGEANT-","118056.00"
"POLICE OFFICER","109352.00"
"P.O. DET SPEC","119980.00"
"P.O. DA DET GR3","119980.00"
"POLICE OFFICER","109352.00"
"POLICE OFFICER","109352.00"
"POLICE OFFICER","109352.00"
"POLICE OFFICER D/A DETECTIVE 2ND GR","134819.00"
"P.O. DET SPEC","119980.00"
"P.O. DA DET GR3","119980.00"
"P.O. DET SPEC","119980.00"
"CAPTAIN","194689.00"
"LIEUTENANT","141943.00"
"SERGEANT-","118056.00"
"POLICE OFFICER","109352.00"
"SERGEANT-","118056.00"
"P.O. DA DET GR3","119429.00"
"P.O. DA DET GR3","119980.00"
"POLICE OFFICER","109352.00"
"POLICE OFFICER D/A DETECTIVE 2ND GR","134819.00"
"SERGEANT-","118056.00"
"POLICE OFFICER","109352.00"
"LIEUTENANT","154751.00"
"LIEUTENANT","141684.00"
"POLICE OFFICER","109352.00"
"P.O. DA DET GR3","119980.00"
"P.O. DA DET GR3","119248.00"
"SERGEANT-","118056.00"
"POLICE OFFICER","109352.00"
"LIEUTENANT","149518.00"
"POLICE OFFICER","109352.00"
"POLICE OFFICER","109352.00"
"SERGEANT-","118056.00"
"POLICE OFFICER","109352.00"
"LIEUTENANT","154751.00"
"LIEUTENANT D/A COMMANDER OF DETECTIVE SQUAD","159762.00"
"LIEUTENANT","142202.00"
"POLICE OFFICER","109352.00"
"P.O. DA DET GR3","119980.00"
"P.O. DA DET GR3","119980.00"
"P.O. DET SPEC","119980.00"
"LIEUTENANT D/A SPECIAL ASSIGNMENT","157713.00"
"P.O. DET SPEC","119429.00"
"SERGEANT-","118056.00"
"POLICE OFFICER D/A DETECTIVE 2ND GR","134819.00"
"POLICE OFFICER","109352.00"
"POLICE OFFICER","109352.00"
"SERGEANT-","97894.00"
"SERGEANT-","97894.00"
"POLICE OFFICER","109352.00"
"POLICE OFFICER","109352.00"
"LIEUTENANT","141684.00"
"POLICE OFFICER","109352.00"
"P.O. DA DET GR3","119980.00"
"POLICE OFFICER","109352.00"
"POLICE OFFICER","109352.00"
"POLICE OFFICER","109352.00"
"SERGEANT-D/A SPECIAL ASSIGNMENT","135511.00"
"P.O. DA DET GR3","119980.00"
"SERGEANT-D/A SUPERVISOR DETECTIVE SQUAD","120442.00"
"SERGEANT-","118056.00"
"POLICE OFFICER","109352.00"
"POLICE OFFICER","109352.00"
"P.O. DET SPEC","119429.00"
"POLICE OFFICER D/A DETECTIVE 1ST GR","154751.00"
"P.O. DA DET GR3","119980.00"
"SERGEANT-","118056.00"
"P.O. DA DET GR3","119980.00"
"POLICE OFFICER","109352.00"
"LIEUTENANT","141684.00"
"P.O. DA DET GR3","119248.00"
"POLICE OFFICER D/A DETECTIVE 2ND GR","134819.00"
"P.O. DET SPEC","119980.00"
"P.O. DA DET GR3","119980.00"
"POLICE OFFICER","109352.00"
"POLICE OFFICER","105146.00"
"SERGEANT-D/A SPECIAL ASSIGNMENT","135511.00"
"LIEUTENANT","154751.00"
"SERGEANT-","118056.00"
"POLICE OFFICER","109352.00"
"LIEUTENANT","154751.00"
"LIEUTENANT","154751.00"
"POLICE OFFICER","109352.00"
"POLICE OFFICER","109352.00"
"POLICE OFFICER","109352.00"
"POLICE OFFICER D/A DETECTIVE 2ND GR","134819.00"
"P.O. DA DET GR3","119314.00"
"POLICE OFFICER","109352.00"
"LIEUTENANT D/A COMMANDER OF DETECTIVE SQUAD","157713.00"
"POLICE OFFICER","109352.00"
"POLICE OFFICER","109352.00"
"POLICE OFFICER","109352.00"
"SERGEANT-","118056.00"
"SERGEANT-","118056.00"
"SERGEANT-","118056.00"
"SERGEANT-D/A SPECIAL ASSIGNMENT","121048.00"
"P.O. DET SPEC","119980.00"
"P.O. DET SPEC","119248.00"
"POLICE OFFICER D/A DETECTIVE 2ND GR","134819.00"
"POLICE OFFICER","109352.00"
"SERGEANT-D/A SUPERVISOR DETECTIVE SQUAD","120442.00"
"P.O. DA DET GR3","119980.00"
"POLICE OFFICER","109352.00"
"LIEUTENANT","154751.00"
"POLICE OFFICER","109352.00"
"CAPTAIN","157537.00"
"P.O. DET SPEC","119980.00"
"LIEUTENANT D/A COMMANDER OF DETECTIVE SQUAD","157713.00"
"SERGEANT-","118056.00"
"POLICE OFFICER","109352.00"
"POLICE OFFICER","109352.00"
"SERGEANT-","118056.00"
"LIEUTENANT","154751.00"
"P.O. DA DET GR3","119980.00"
"POLICE OFFICER","109352.00"
"SERGEANT-","118056.00"
"SERGEANT-","118056.00"
"SERGEANT-D/A SUPERVISOR DETECTIVE SQUAD","121048.00"
"P.O. DET SPEC","119980.00"
"P.O. DET SPEC","119429.00"
"POLICE OFFICER","109352.00"
"SERGEANT-","118056.00"
"POLICE OFFICER","109352.00"
"P.O. DA DET GR3","119980.00"
"SERGEANT-","105606.00"
"POLICE OFFICER D/A DETECTIVE 1ST GR","154751.00"
"LIEUTENANT","154751.00"
"CAPTAIN","157537.00"
"SERGEANT-","118056.00"
"CAPTAIN","160722.00"
"P.O. DA DET GR3","119980.00"
"POLICE OFFICER","109352.00"
"SERGEANT-","118056.00"
"POLICE OFFICER","109352.00"
"P.O. DA DET GR3","119980.00"
"POLICE OFFICER","109352.00"
"P.O. DA DET GR3","119980.00"
"SERGEANT-","118056.00"
"POLICE OFFICER","109352.00"
"POLICE OFFICER","109352.00"
"SERGEANT-","118056.00"
"POLICE OFFICER","109352.00"
"SERGEANT-","97894.00"
"LIEUTENANT","154751.00"
"CAPTAIN D/A DEPUTY INSPECTOR","170570.00"
"SERGEANT-","118056.00"
"POLICE OFFICER","109352.00"
"P.O. DA DET GR3","119980.00"
"SERGEANT-","118056.00"
"POLICE OFFICER","109352.00"
"P.O. DET SPEC","119980.00"
"CAPTAIN","157515.00"
"CAPTAIN","194689.00"
"CAPTAIN D/A DEPUTY INSPECTOR","204936.00"
"POLICE OFFICER","109352.00"
"LIEUTENANT","154751.00"
"SERGEANT-","118056.00"
"POLICE OFFICER","109352.00"
"LIEUTENANT","154751.00"
"POLICE OFFICER","109352.00"
"POLICE OFFICER","109352.00"
"POLICE OFFICER","109352.00"
"P.O. DET SPEC","119980.00"
"SERGEANT-","118056.00"
"POLICE OFFICER","109352.00"
"POLICE OFFICER","109352.00"
"SERGEANT-","118056.00"
"CAPTAIN","194689.00"
"LIEUTENANT","154751.00"
"P.O. DA DET GR3","119980.00"
"SERGEANT-","97894.00"
"POLICE OFFICER","109352.00"
"P.O. DA DET GR3","119980.00"
"POLICE OFFICER","109352.00"
"P.O. DA DET GR3","119314.00"
"P.O. DA DET GR3","119980.00"
"P.O. DET SPEC","119980.00"
"POLICE OFFICER","109352.00"
"P.O. DA DET GR3","119980.00"
"SERGEANT-","118056.00"
"SERGEANT-","118056.00"
"SERGEANT-","97894.00"
"SERGEANT-","118056.00"
"POLICE OFFICER","109352.00"
"CAPTAIN","157537.00"
"POLICE OFFICER","109352.00"
"SERGEANT-","118056.00"
"SERGEANT-","118056.00"
"P.O. DET SPEC","119980.00"
"P.O. DET SPEC","119980.00"
"P.O. DA DET GR3","119980.00"
"SERGEANT-","118056.00"
"P.O. DA DET GR3","119980.00"
"SERGEANT-","118056.00"
"LIEUTENANT","142202.00"
"POLICE OFFICER","109352.00"
"POLICE OFFICER","109352.00"
"CAPTAIN D/A DEPUTY INSPECTOR","204936.00"
"P.O. DA DET GR3","119980.00"
"SERGEANT-","97894.00"
"SERGEANT-","118056.00"
"SERGEANT-","118056.00"
"P.O. DA DET GR3","119980.00"
"P.O. DA DET GR3","119980.00"
"POLICE OFFICER","109352.00"
"POLICE OFFICER D/A DETECTIVE 2ND GR","134819.00"
"P.O. DET SPEC","119980.00"
"CAPTAIN D/A DEPUTY INSPECTOR","204936.00"
"SERGEANT-","97894.00"
"CAPTAIN","194689.00"
"POLICE OFFICER","109352.00"
"SERGEANT-","118056.00"
"SERGEANT-","118056.00"
"POLICE OFFICER","109352.00"
"POLICE OFFICER","109352.00"
"SERGEANT-","118056.00"
"POLICE OFFICER","109352.00"
"POLICE OFFICER","109352.00"
"POLICE OFFICER","109352.00"
"SERGEANT-","118056.00"
"POLICE OFFICER","109352.00"
"P.O. DA DET GR3","119429.00"
"POLICE OFFICER","109352.00"
"POLICE OFFICER","109352.00"
"POLICE OFFICER","109352.00"
"POLICE OFFICER","109352.00"
"SERGEANT-","118056.00"
"P.O. DA DET GR3","119980.00"
"POLICE OFFICER","109352.00"
"P.O. DET SPEC","119980.00"
"P.O. DA DET GR3","119980.00"
"POLICE OFFICER","109352.00"
"P.O. DA DET GR3","119980.00"
"POLICE OFFICER","109352.00"
"P.O. DA DET GR3","119980.00"
"CAPTAIN","194689.00"
"LIEUTENANT","154751.00"
"P.O. DA DET GR3","119980.00"
"SERGEANT-","96477.00"
"CAPTAIN","194689.00"
"P.O. DA DET GR3","119980.00"
"SERGEANT-","118056.00"
"POLICE OFFICER","109352.00"
"POLICE OFFICER D/A DETECTIVE 2ND GR","134819.00"
"LIEUTENANT D/A COMMANDER OF DETECTIVE SQUAD","170234.00"
"SERGEANT-","118056.00"
"P.O. DA DET GR3","119980.00"
"P.O. DA DET GR3","119980.00"
"POLICE OFFICER","109352.00"
"P.O. DA DET GR3","119980.00"
"POLICE OFFICER","109352.00"
"SERGEANT-","118056.00"
"POLICE OFFICER","109352.00"
"SERGEANT-","118056.00"
"POLICE OFFICER","109352.00"
"SERGEANT-","97894.00"
"POLICE OFFICER","109352.00"
"SERGEANT-","118056.00"
"POLICE OFFICER","109352.00"
"SERGEANT-","97894.00"
"P.O. DA DET GR3","119980.00"
"P.O. DA DET GR3","119980.00"
"SERGEANT-","118056.00"
"POLICE OFFICER","109352.00"
"P.O. DA DET GR3","119980.00"
"POLICE OFFICER","109352.00"
"CAPTAIN D/A DEPUTY INSPECTOR","204936.00"
"POLICE OFFICER","109352.00"
"P.O. DA DET GR3","119980.00"
"CAPTAIN","194689.00"
"POLICE OFFICER","109352.00"
"LIEUTENANT","142202.00"
"LIEUTENANT","154751.00"
"P.O. DA DET GR3","119980.00"
"POLICE OFFICER","109352.00"
"CAPTAIN","160722.00"
"POLICE OFFICER","109352.00"
"P.O. DET SPEC","119980.00"
"POLICE OFFICER","109352.00"
"SERGEANT-","118056.00"
"P.O. DET SPEC","119980.00"
"P.O. DA DET GR3","119980.00"
"P.O. DA DET GR3","119980.00"
"SERGEANT-","118056.00"
"LIEUTENANT","154751.00"
"P.O. DA DET GR3","119248.00"
"SERGEANT-D/A SPECIAL ASSIGNMENT","120442.00"
"POLICE OFFICER","109352.00"
"POLICE OFFICER","109352.00"
"SERGEANT-","118056.00"
"P.O. DET SPEC","119429.00"
"LIEUTENANT","154751.00"
"POLICE OFFICER","109352.00"
"SERGEANT-D/A SPECIAL ASSIGNMENT","120442.00"
"SERGEANT-","118056.00"
"POLICE OFFICER D/A DETECTIVE 2ND GR","134819.00"
"SERGEANT-D/A SPECIAL ASSIGNMENT","135511.00"
"POLICE OFFICER","109352.00"
"POLICE OFFICER","109352.00"
"POLICE OFFICER","109352.00"
"P.O. DET SPEC","119980.00"
"LIEUTENANT","154751.00"
"SERGEANT-","118056.00"
"SERGEANT-","118056.00"
"P.O. DA DET GR3","119980.00"
"CAPTAIN","194689.00"
"P.O. DA DET GR3","119980.00"
"POLICE OFFICER","109352.00"
"POLICE OFFICER D/A DETECTIVE 2ND GR","134819.00"
"P.O. DA DET GR3","119980.00"
"POLICE OFFICER","109352.00"
"POLICE OFFICER","109352.00"
"P.O. DA DET GR3","115923.00"
"P.O. DA DET GR3","119980.00"
"POLICE OFFICER","109352.00"
"POLICE OFFICER","109352.00"
"SERGEANT-","118056.00"
"POLICE OFFICER","109352.00"
"P.O. DA DET GR3","119980.00"
"POLICE OFFICER","109352.00"
"P.O. DA DET GR3","119980.00"
"SERGEANT-","118056.00"
"P.O. DA DET GR3","119429.00"
"POLICE OFFICER","109352.00"
"P.O. DET SPEC","119980.00"
"SERGEANT-","118056.00"
"CAPTAIN D/A DEPUTY INSPECTOR","204936.00"
"CAPTAIN D/A DEPUTY INSPECTOR","204936.00"
"POLICE OFFICER","109352.00"
"POLICE OFFICER","109352.00"
"POLICE OFFICER","109352.00"
"SERGEANT-","118056.00"
"POLICE OFFICER","109352.00"
"LIEUTENANT","154751.00"
"SERGEANT-","118056.00"
"SERGEANT-D/A SUPERVISOR DETECTIVE SQUAD","120744.00"
"LIEUTENANT","142202.00"
"POLICE OFFICER","109352.00"
"P.O. DET SPEC","115390.00"
"POLICE OFFICER D/A DETECTIVE 1ST GR","154751.00"
"POLICE OFFICER","109352.00"
"POLICE OFFICER","109352.00"
"POLICE OFFICER","109352.00"
"POLICE OFFICER","109352.00"
"POLICE OFFICER","109352.00"
"P.O. DA DET GR3","119980.00"
"SERGEANT-D/A SUPERVISOR DETECTIVE SQUAD","120442.00"
"P.O. DA DET GR3","119980.00"
"LIEUTENANT","154751.00"
"LIEUTENANT","154751.00"
"SERGEANT-","118056.00"
"P.O. DET SPEC","119314.00"
"SERGEANT-","118056.00"
"SERGEANT-","118056.00"
"POLICE OFFICER","109352.00"
"SERGEANT-","118056.00"
"SERGEANT-D/A SPECIAL ASSIGNMENT","121048.00"
"SERGEANT-","118056.00"
"LIEUTENANT","154751.00"
"LIEUTENANT","141943.00"
"P.O. DET SPEC","119980.00"
"SERGEANT-","118056.00"
"POLICE OFFICER","109352.00"
"SERGEANT-","118056.00"
"SERGEANT-","118056.00"
"POLICE OFFICER D/A DETECTIVE 2ND GR","134819.00"
"P.O. DET SPEC","119980.00"
"LIEUTENANT","154751.00"
"POLICE OFFICER","109352.00"
"P.O. DET SPEC","115923.00"
"POLICE OFFICER","109352.00"
"P.O. DET SPEC","119314.00"
"POLICE OFFICER D/A DETECTIVE 2ND GR","134819.00"
"SERGEANT-","118056.00"
"P.O. DA DET GR3","119980.00"
"POLICE OFFICER","109352.00"
"LIEUTENANT","142202.00"
"POLICE OFFICER","109352.00"
"POLICE OFFICER","109352.00"
"POLICE OFFICER","109352.00"
"POLICE OFFICER","109352.00"
"POLICE OFFICER D/A DETECTIVE 2ND GR","134819.00"
"POLICE OFFICER","109352.00"
"SERGEANT-","118056.00"
"P.O. DA DET GR3","119980.00"
"SERGEANT-D/A SPECIAL ASSIGNMENT","120442.00"
"POLICE OFFICER","109352.00"
"P.O. DA DET GR3","119980.00"
"POLICE OFFICER","109352.00"
"POLICE OFFICER","109352.00"
"POLICE OFFICER","109352.00"
"POLICE OFFICER","109352.00"
"P.O. DA DET GR3","119980.00"
"LIEUTENANT","154751.00"
"P.O. DET SPEC","119980.00"
"LIEUTENANT","154751.00"
"LIEUTENANT","154751.00"
"LIEUTENANT D/A COMMANDER OF DETECTIVE SQUAD","170234.00"
"POLICE OFFICER","109352.00"
"POLICE OFFICER","109352.00"
"P.O. DA DET GR3","119980.00"
"P.O. DA DET GR3","108477.00"
"POLICE OFFICER","109352.00"
"POLICE OFFICER","109352.00"
"POLICE OFFICER","109352.00"
"LIEUTENANT","154751.00"
"SERGEANT-","118056.00"
"POLICE OFFICER","105146.00"
"POLICE OFFICER","109352.00"
"CAPTAIN","157537.00"
"POLICE OFFICER","109352.00"
"LIEUTENANT","142202.00"
"SERGEANT-D/A SPECIAL ASSIGNMENT","120442.00"
"P.O. DA DET GR3","119980.00"
"POLICE OFFICER","109352.00"
"POLICE OFFICER","109352.00"
"POLICE OFFICER","109352.00"
"SERGEANT-","118056.00"
"SERGEANT-","97894.00"
"POLICE OFFICER","109352.00"
"POLICE OFFICER D/A DETECTIVE 2ND GR","130260.00"
"POLICE OFFICER","109352.00"
"CAPTAIN","160722.00"
"POLICE OFFICER","109352.00"
"POLICE OFFICER","109352.00"
"SERGEANT-","118056.00"
"SERGEANT-","118056.00"
"POLICE OFFICER D/A DETECTIVE 2ND GR","130260.00"
"POLICE OFFICER","109352.00"
"P.O. DA DET GR3","115923.00"
"P.O. DA DET GR3","115390.00"
"P.O. DA DET GR3","119980.00"
"POLICE OFFICER D/A DETECTIVE 2ND GR","134819.00"
"POLICE OFFICER","109352.00"
"LIEUTENANT","154751.00"
"CAPTAIN","157537.00"
"POLICE OFFICER","109352.00"
"LIEUTENANT","154751.00"
"POLICE OFFICER","109352.00"
"SERGEANT-","118056.00"
"POLICE OFFICER","109352.00"
"LIEUTENANT","141684.00"
"P.O. DET SPEC","119980.00"
"P.O. DA DET GR3","119980.00"
"SERGEANT-","118056.00"
"P.O. DA DET GR3","119980.00"
"POLICE OFFICER","109352.00"
"POLICE OFFICER","109352.00"
"P.O. DET SPEC","119980.00"
"P.O. DA DET GR3","119980.00"
"POLICE OFFICER","109352.00"
"POLICE OFFICER D/A DETECTIVE 2ND GR","134819.00"
"SENIOR POLICE ADMINISTRATIVE AIDE","58707.00"
"POLICE OFFICER","65387.00"
"LIEUTENANT","141684.00"
"POLICE OFFICER","109352.00"
"SERGEANT-","118056.00"
"POLICE OFFICER D/A DETECTIVE 2ND GR","134819.00"
"POLICE OFFICER D/A DETECTIVE 2ND GR","134819.00"
"POLICE OFFICER","109352.00"
"LIEUTENANT","141684.00"
"SENIOR POLICE ADMINISTRATIVE AIDE","58707.00"
"SERGEANT-","97894.00"
"POLICE ADMINISTRATIVE AIDE","42288.00"
"POLICE OFFICER","109352.00"
"P.O. DA DET GR3","115923.00"
"POLICE OFFICER","109352.00"
"P.O. DET SPEC","119980.00"
"CAPTAIN D/A DEPUTY INSPECTOR","204936.00"
"POLICE OFFICER","109352.00"
"POLICE OFFICER","109352.00"
"LIEUTENANT","142202.00"
"SERGEANT-","118056.00"
"POLICE OFFICER","109352.00"
"SERGEANT-","118056.00"
"P.O. DA DET GR3","105062.00"
"POLICE OFFICER","109352.00"
"P.O. DA DET GR3","115923.00"
"POLICE OFFICER D/A DETECTIVE 1ST GR","154751.00"
"POLICE OFFICER","109352.00"
"P.O. DET SPEC","119980.00"
"POLICE OFFICER","109352.00"
"SCHOOL SAFETY AGENT","56508.00"
"SERGEANT-","97894.00"
"SENIOR POLICE ADMINISTRATIVE AIDE","58707.00"
"CAPTAIN","194689.00"
"POLICE OFFICER","109352.00"
"POLICE OFFICER","109352.00"
"POLICE OFFICER","109352.00"
"POLICE OFFICER D/A DETECTIVE 2ND GR","134819.00"
"SERGEANT-","118056.00"
"POLICE OFFICER","109352.00"
"LIEUTENANT","142202.00"
"P.O. DET SPEC","119248.00"
"P.O. DA DET GR3","119980.00"
"SERGEANT-","97894.00"
"P.O. DET SPEC","119248.00"
"SERGEANT-","118056.00"
"PARALEGAL AIDE","68760.00"
"P.O. DET SPEC","119980.00"
"POLICE OFFICER","109352.00"
"POLICE OFFICER","109352.00"
"POLICE OFFICER","87211.00"
"P.O. DA DET GR3","115923.00"
"SERGEANT-","118056.00"
"SERGEANT-","97894.00"
"P.O. DA DET GR3","119980.00"
"P.O. DA DET GR3","119980.00"
"POLICE OFFICER","109352.00"
"POLICE OFFICER","101590.00"
"P.O. DET SPEC","119314.00"
"POLICE OFFICER","109352.00"
"POLICE OFFICER","109352.00"
"POLICE OFFICER","109352.00"
"POLICE OFFICER","109352.00"
"SERGEANT-","118056.00"
"P.O. DA DET GR3","119980.00"
"SERGEANT-","118056.00"
"POLICE OFFICER","109352.00"
"POLICE OFFICER","109352.00"
"P.O. DA DET GR3","119248.00"
"POLICE OFFICER","109352.00"
"POLICE OFFICER","109352.00"
"POLICE OFFICER","109352.00"
"POLICE OFFICER","109352.00"
"SERGEANT-","97894.00"
"P.O. DA DET GR3","119980.00"
"POLICE OFFICER D/A DETECTIVE 2ND GR","134819.00"
"SERGEANT-","118056.00"
"SERGEANT-D/A SPECIAL ASSIGNMENT","120442.00"
"POLICE OFFICER","109352.00"
"P.O. DA DET GR3","119980.00"
"POLICE OFFICER","109352.00"
"POLICE OFFICER","109352.00"
"POLICE OFFICER","109352.00"
"P.O. DA DET GR3","119980.00"
"POLICE OFFICER","109352.00"
"P.O. DA DET GR3","119980.00"
"POLICE OFFICER","109352.00"
"POLICE OFFICER","109352.00"
"SERGEANT-","97894.00"
"POLICE OFFICER","109352.00"
"POLICE OFFICER","109352.00"
"POLICE OFFICER","109352.00"
"SERGEANT-D/A SPECIAL ASSIGNMENT","121048.00"
"POLICE OFFICER","109352.00"
"LIEUTENANT","154751.00"
"SERGEANT-","97894.00"
"POLICE OFFICER","109352.00"
"P.O. DA DET GR3","115923.00"
"POLICE OFFICER","109352.00"
"LIEUTENANT","154751.00"
"POLICE OFFICER","109352.00"
"P.O. DA DET GR3","119429.00"
"SCHOOL SAFETY AGENT","56508.00"
"POLICE OFFICER D/A DETECTIVE 2ND GR","134819.00"
"POLICE COMMUNICATIONS TECHNICIAN","61883.00"
"ADMINISTRATIVE STAFF ANALYST","143960.00"
"ADMINISTRATIVE STAFF ANALYST","126561.00"
"PRINCIPAL FINGERPRINT TECHNICIAN","66479.00"
"ASSOCIATE FINGERPRINT TECHNICIAN","49971.00"
"ASSOCIATE FINGERPRINT TECHNICIAN","76455.00"
"CERTIFIED IT DEVELOPER","132226.00"
"CERTIFIED IT ADMINISTRATOR","141536.00"
"CRIMINALIST","100947.00"
"COMMUNITY ASSISTANT","48631.00"
"SERGEANT-","118056.00"
"POLICE OFFICER","109352.00"
"SERGEANT-","96477.00"
"SERGEANT-","118056.00"
"ASSOCIATE TRAFFIC ENFORCEMENT AGENT","57817.00"
"EXECUTIVE AGENCY COUNSEL","170480.00"
"POLICE OFFICER","109352.00"
"SERGEANT-","118056.00"
"POLICE OFFICER","109352.00"
"POLICE OFFICER D/A DETECTIVE 2ND GR","134819.00"
"P.O. DET SPEC","119248.00"
"CAPTAIN","160722.00"
"SERGEANT-","118056.00"
"SERGEANT-","118056.00"
"POLICE OFFICER","109352.00"
"POLICE OFFICER","109352.00"
"POLICE OFFICER","109352.00"
"LIEUTENANT","154751.00"
"LIEUTENANT","141684.00"
"POLICE OFFICER","109352.00"
"LIEUTENANT","154751.00"
"P.O. DA DET GR3","119980.00"
"SERGEANT-","96477.00"
"P.O. DA DET GR3","119248.00"
"POLICE OFFICER","109352.00"
"P.O. DA DET GR3","119980.00"
"SERGEANT-D/A SUPERVISOR DETECTIVE SQUAD","135511.00"
"CAPTAIN","160722.00"
"LIEUTENANT","154751.00"
"SERGEANT-","118056.00"
"LIEUTENANT","144462.00"
"P.O. DA DET GR3","119429.00"
"SERGEANT-","118056.00"
"P.O. DA DET GR3","112003.00"
"P.O. DA DET GR3","119980.00"
"P.O. DA DET GR3","119248.00"
"SERGEANT-","97894.00"
"POLICE OFFICER","109352.00"
"POLICE OFFICER","109352.00"
"P.O. DA DET GR3","119980.00"
"POLICE OFFICER","109352.00"
"P.O. DET SPEC","119314.00"
"SERGEANT-","118056.00"
"SERGEANT-","96477.00"
"P.O. DA DET GR3","119429.00"
"POLICE OFFICER","109352.00"
"P.O. DA DET GR3","115923.00"
"P.O. DET SPEC","119248.00"
"LIEUTENANT","142202.00"
"SERGEANT-","118056.00"
"P.O. DA DET GR3","119980.00"
"POLICE OFFICER","109352.00"
"SERGEANT-","118056.00"
"P.O. DA DET GR3","119980.00"
"POLICE OFFICER","105146.00"
"LIEUTENANT","154751.00"
"CAPTAIN","157537.00"
"P.O. DA DET GR3","119314.00"
"POLICE OFFICER","109352.00"
"P.O. DA DET GR3","119980.00"
"POLICE OFFICER","109352.00"
"P.O. DA DET GR3","115390.00"
"POLICE OFFICER","109352.00"
"POLICE OFFICER","109352.00"
"P.O. DET SPEC","119429.00"
"SERGEANT-","118056.00"
"CAPTAIN","160722.00"
"POLICE OFFICER","109352.00"
"POLICE OFFICER","109352.00"
"SERGEANT-","118056.00"
"POLICE OFFICER","109352.00"
"SERGEANT-","118056.00"
"POLICE OFFICER","109352.00"
"POLICE OFFICER","109352.00"
"LIEUTENANT","141943.00"
"CAPTAIN","160722.00"
"POLICE OFFICER","109352.00"
"POLICE OFFICER","109352.00"
"POLICE OFFICER","109352.00"
"POLICE OFFICER","109352.00"
"POLICE OFFICER","109352.00"
"POLICE OFFICER","109352.00"
"POLICE OFFICER","109352.00"
"POLICE OFFICER","109352.00"
"P.O. DET SPEC","119980.00"
"POLICE OFFICER","109352.00"
"SERGEANT-","96477.00"
"SERGEANT-","118056.00"
"POLICE OFFICER","109352.00"
"POLICE OFFICER","109352.00"
"POLICE OFFICER","109352.00"
"POLICE OFFICER","109352.00"
"POLICE OFFICER","109352.00"
"POLICE OFFICER","109352.00"
"POLICE OFFICER","109352.00"
"LIEUTENANT","154751.00"
"POLICE OFFICER D/A DETECTIVE 2ND GR","134819.00"
"POLICE OFFICER","109352.00"
"SERGEANT-","118056.00"
"P.O. DA DET GR3","119980.00"
"POLICE OFFICER","109352.00"
"SERGEANT-","118056.00"
"POLICE OFFICER","109352.00"
"LIEUTENANT","154751.00"
"POLICE OFFICER","109352.00"
"POLICE OFFICER","109352.00"
"P.O. DET SPEC","119980.00"
"POLICE OFFICER","109352.00"
"P.O. DET SPEC","119980.00"
"POLICE OFFICER","109352.00"
"P.O. DA DET GR3","119980.00"
"POLICE OFFICER","109352.00"
"P.O. DA DET GR3","119980.00"
"P.O. DET SPEC","119980.00"
"SERGEANT-","118056.00"
"POLICE OFFICER","109352.00"
"LIEUTENANT","142202.00"
"POLICE OFFICER","109352.00"
"POLICE OFFICER","109352.00"
"P.O. DET SPEC","119980.00"
"SERGEANT-","105606.00"
"POLICE OFFICER","109352.00"
"POLICE OFFICER","109352.00"
"POLICE OFFICER","109352.00"
"SERGEANT-","118056.00"
"P.O. DA DET GR3","119248.00"
"P.O. DA DET GR3","119980.00"
"LIEUTENANT","141943.00"
"LIEUTENANT","142202.00"
"POLICE OFFICER","109352.00"
"P.O. DA DET GR3","119980.00"
"POLICE OFFICER","109352.00"
"POLICE OFFICER","109352.00"
"POLICE OFFICER","109352.00"
"P.O. DA DET GR3","119980.00"
"POLICE OFFICER","109352.00"
"SERGEANT-","118056.00"
"POLICE OFFICER","109352.00"
"SERGEANT-","96477.00"
"P.O. DET SPEC","119980.00"
"SERGEANT-","118056.00"
"POLICE OFFICER","109352.00"
"POLICE OFFICER","109352.00"
"POLICE OFFICER","109352.00"
"CAPTAIN","160722.00"
"P.O. DET SPEC","119980.00"
"SERGEANT-","96477.00"
"POLICE OFFICER","109352.00"
"P.O. DA DET GR3","119980.00"
"SERGEANT-","118056.00"
"POLICE OFFICER","109352.00"
"POLICE OFFICER","109352.00"
"P.O. DA DET GR3","119980.00"
"P.O. DET SPEC","119980.00"
"POLICE OFFICER","109352.00"
"POLICE OFFICER","109352.00"
"POLICE OFFICER","109352.00"
"LIEUTENANT","142202.00"
"POLICE OFFICER","109352.00"
"POLICE OFFICER","109352.00"
"SERGEANT-","118056.00"
"LIEUTENANT","142202.00"
"POLICE OFFICER","109352.00"
"POLICE OFFICER","105146.00"
"SERGEANT-","118056.00"
"POLICE OFFICER","109352.00"
"P.O. DA DET GR3","119248.00"
"SERGEANT-D/A SUPERVISOR DETECTIVE SQUAD","120442.00"
"POLICE OFFICER","109352.00"
"CAPTAIN","160722.00"
"POLICE OFFICER","109352.00"
"POLICE OFFICER","109352.00"
"POLICE OFFICER","109352.00"
"P.O. DA DET GR3","119248.00"
"LIEUTENANT","154751.00"
"LIEUTENANT","154751.00"
"POLICE OFFICER","109352.00"
"P.O. DA DET GR3","119248.00"
"P.O. DET SPEC","119980.00"
"POLICE OFFICER","109352.00"
"POLICE OFFICER","109352.00"
"P.O. DET SPEC","119980.00"
"P.O. DA DET GR3","119980.00"
"POLICE OFFICER","109352.00"
"POLICE OFFICER","109352.00"
"SERGEANT-","97894.00"
"SERGEANT-","118056.00"
"SERGEANT-","118056.00"
"POLICE OFFICER","109352.00"
"POLICE OFFICER","109352.00"
"CAPTAIN","157515.00"
"POLICE OFFICER","109352.00"
"CAPTAIN","157537.00"
"POLICE OFFICER","109352.00"
"P.O. DA DET GR3","119248.00"
"POLICE OFFICER","109352.00"
"POLICE OFFICER","109352.00"
"SERGEANT-","105606.00"
"LIEUTENANT","154751.00"
"SERGEANT-","96477.00"
"P.O. DA DET GR3","119980.00"
"SERGEANT-","118056.00"
"POLICE OFFICER","109352.00"
"LIEUTENANT","141943.00"
"POLICE OFFICER","109352.00"
"SERGEANT-","118056.00"
"P.O. DA DET GR3","119980.00"
"SERGEANT-","118056.00"
"SERGEANT-","118056.00"
"POLICE OFFICER","109352.00"
"P.O. DA DET GR3","119980.00"
"SERGEANT-D/A SUPERVISOR DETECTIVE SQUAD","120442.00"
"P.O. DA DET GR3","119980.00"
"POLICE OFFICER","109352.00"
"LIEUTENANT","154751.00"
"LIEUTENANT","141684.00"
"POLICE OFFICER","109352.00"
"SERGEANT-","105606.00"
"LIEUTENANT","141684.00"
"POLICE OFFICER","109352.00"
"POLICE OFFICER","109352.00"
"POLICE OFFICER","109352.00"
"SERGEANT-","118056.00"
"SERGEANT-","118056.00"
"POLICE OFFICER","109352.00"
"POLICE OFFICER","109352.00"
"SERGEANT-","97894.00"
"P.O. DET SPEC","119980.00"
"P.O. DA DET GR3","119980.00"
"P.O. DA DET GR3","119980.00"
"P.O. DA DET GR3","119980.00"
"P.O. DA DET GR3","119980.00"
"POLICE OFFICER","109352.00"
"SERGEANT-","96477.00"
"POLICE OFFICER","109352.00"
"SERGEANT-","118056.00"
"LIEUTENANT","141684.00"
"SERGEANT-","97894.00"
"POLICE OFFICER","109352.00"
"SERGEANT-","118056.00"
"POLICE OFFICER","109352.00"
"P.O. DA DET GR3","119980.00"
"SERGEANT-","118056.00"
"POLICE OFFICER","109352.00"
"LIEUTENANT D/A COMMANDER OF DETECTIVE SQUAD","159762.00"
"POLICE OFFICER","109352.00"
"P.O. DA DET GR3","119980.00"
"P.O. DA DET GR3","119980.00"
"P.O. DET SPEC","119980.00"
"POLICE OFFICER D/A DETECTIVE 2ND GR","134819.00"
"LIEUTENANT","154751.00"
"POLICE OFFICER","109352.00"
"POLICE OFFICER","109352.00"
"POLICE OFFICER","109352.00"
"LIEUTENANT","154751.00"
"POLICE OFFICER","109352.00"
"POLICE OFFICER","109352.00"
"P.O. DA DET GR3","119980.00"
"SERGEANT-","118056.00"
"P.O. DA DET GR3","119980.00"
"POLICE OFFICER","109352.00"
"POLICE OFFICER","109352.00"
"P.O. DA DET GR3","119980.00"
"SERGEANT-","118056.00"
"POLICE OFFICER","109352.00"
"POLICE OFFICER","109352.00"
"POLICE OFFICER","109352.00"
"SERGEANT-","97894.00"
"POLICE OFFICER","109352.00"
"POLICE OFFICER","109352.00"
"P.O. DA DET GR3","119980.00"
"CAPTAIN","157515.00"
"POLICE OFFICER","109352.00"
"SERGEANT-","118056.00"
"SERGEANT-","118056.00"
"POLICE OFFICER","109352.00"
"SERGEANT-","118056.00"
"SERGEANT-","105606.00"
"P.O. DA DET GR3","119980.00"
"POLICE OFFICER D/A DETECTIVE 1ST GR","154751.00"
"SERGEANT-","105606.00"
"SERGEANT-","118056.00"
"POLICE OFFICER","109352.00"
"P.O. DET SPEC","119980.00"
"P.O. DA DET GR3","119980.00"
"POLICE OFFICER","109352.00"
"P.O. DA DET GR3","119980.00"
"SERGEANT-","96477.00"
"SERGEANT-","118056.00"
"LIEUTENANT","154751.00"
"POLICE OFFICER","109352.00"
"LIEUTENANT","154751.00"
"P.O. DET SPEC","119980.00"
"LIEUTENANT","141943.00"
"SERGEANT-","97894.00"
"POLICE OFFICER","109352.00"
"P.O. DA DET GR3","119980.00"
"P.O. DA DET GR3","119980.00"
"LIEUTENANT","154751.00"
"P.O. DA DET GR3","119314.00"
"SERGEANT-","97894.00"
"LIEUTENANT","154751.00"
"POLICE OFFICER","109352.00"
"POLICE OFFICER","109352.00"
"POLICE OFFICER","109352.00"
"SERGEANT-","118056.00"
"POLICE OFFICER","109352.00"
"P.O. DA DET GR3","119980.00"
"P.O. DET SPEC","119429.00"
"SERGEANT-","96477.00"
"LIEUTENANT","154751.00"
"SERGEANT-","97894.00"
"SERGEANT-","96477.00"
"CAPTAIN","160722.00"
"SERGEANT-","118056.00"
"POLICE OFFICER","109352.00"
"SERGEANT-","97894.00"
"P.O. DA DET GR3","119980.00"
"POLICE OFFICER","109352.00"
"POLICE OFFICER","109352.00"
"LIEUTENANT","141943.00"
"POLICE OFFICER D/A DETECTIVE 2ND GR","134819.00"
"LIEUTENANT","142202.00"
"SERGEANT-","105606.00"
"SERGEANT-","118056.00"
"LIEUTENANT","141943.00"
"SERGEANT-","97894.00"
"P.O. DA DET GR3","119980.00"
"POLICE OFFICER","109352.00"
"POLICE OFFICER","109352.00"
"SERGEANT-","118056.00"
"P.O. DET SPEC","119429.00"
"POLICE OFFICER D/A DETECTIVE 1ST GR","154751.00"
"SERGEANT-D/A SUPERVISOR DETECTIVE SQUAD","121048.00"
"LIEUTENANT","141684.00"
"POLICE OFFICER","109352.00"
"POLICE OFFICER","109352.00"
"POLICE OFFICER","109352.00"
"POLICE OFFICER","109352.00"
"POLICE OFFICER","109352.00"
"LIEUTENANT","141684.00"
"POLICE OFFICER","109352.00"
"CAPTAIN","157537.00"
"P.O. DA DET GR3","119980.00"
"LIEUTENANT","141943.00"
"P.O. DET SPEC","119980.00"
"POLICE OFFICER","109352.00"
"POLICE OFFICER","109352.00"
"P.O. DA DET GR3","119980.00"
"SERGEANT-","118056.00"
"SERGEANT-","97894.00"
"SERGEANT-","118056.00"
"P.O. DA DET GR3","119980.00"
"P.O. DA DET GR3","119980.00"
"POLICE OFFICER","109352.00"
"P.O. DA DET GR3","119980.00"
"P.O. DA DET GR3","119248.00"
"POLICE OFFICER","109352.00"
"P.O. DA DET GR3","119248.00"
"P.O. DET SPEC","119980.00"
"POLICE OFFICER","109352.00"
"POLICE OFFICER","105146.00"
"LIEUTENANT","141684.00"
"POLICE OFFICER","109352.00"
"SERGEANT-","118056.00"
"POLICE OFFICER","109352.00"
"SERGEANT-","118056.00"
"SERGEANT-","118056.00"
"POLICE OFFICER","109352.00"
"POLICE OFFICER D/A DETECTIVE 2ND GR","134819.00"
"POLICE OFFICER","109352.00"
"SERGEANT-","118056.00"
"LIEUTENANT","141684.00"
"POLICE OFFICER","109352.00"
"SERGEANT-","105606.00"
"SERGEANT-","118056.00"
"POLICE OFFICER","109352.00"
"SERGEANT-","118056.00"
"POLICE OFFICER","109352.00"
"SERGEANT-","118056.00"
"P.O. DET SPEC","119980.00"
"LIEUTENANT","141684.00"
"POLICE OFFICER","109352.00"
"SERGEANT-","118056.00"
"P.O. DET SPEC","119980.00"
"P.O. DA DET GR3","119314.00"
"P.O. DET SPEC","119314.00"
"P.O. DA DET GR3","119980.00"
"P.O. DA DET GR3","119314.00"
"POLICE OFFICER","109352.00"
"POLICE OFFICER","109352.00"
"POLICE OFFICER","109352.00"
"LIEUTENANT","141684.00"
"POLICE OFFICER","109352.00"
"P.O. DET SPEC","119429.00"
"POLICE OFFICER","109352.00"
"LIEUTENANT","154751.00"
"POLICE OFFICER","109352.00"
"POLICE OFFICER","109352.00"
"P.O. DA DET GR3","119980.00"
"POLICE OFFICER","101590.00"
"POLICE OFFICER","109352.00"
"P.O. DA DET GR3","119248.00"
"P.O. DA DET GR3","119980.00"
"POLICE OFFICER D/A DETECTIVE 2ND GR","134819.00"
"LIEUTENANT","141943.00"
"POLICE OFFICER","109352.00"
"SERGEANT-","118056.00"
"SERGEANT-","96477.00"
"P.O. DA DET GR3","119980.00"
"P.O. DA DET GR3","108228.00"
"SERGEANT-","118056.00"
"POLICE OFFICER","109352.00"
"P.O. DA DET GR3","119980.00"
"LIEUTENANT","141943.00"
"P.O. DET SPEC","119980.00"
"P.O. DET SPEC","119980.00"
"POLICE OFFICER","109352.00"
"POLICE OFFICER","109352.00"
"POLICE OFFICER","109352.00"
"LIEUTENANT","141684.00"
"POLICE OFFICER","109352.00"
"SERGEANT-","118056.00"
"P.O. DA DET GR3","119980.00"
"SERGEANT-","97894.00"
"POLICE OFFICER","109352.00"
"SERGEANT-","97894.00"
"POLICE OFFICER D/A DETECTIVE 2ND GR","134819.00"
"POLICE OFFICER","109352.00"
"SERGEANT-","97894.00"
"SERGEANT-","96477.00"
"POLICE OFFICER","109352.00"
"POLICE OFFICER D/A DETECTIVE 2ND GR","134819.00"
"SERGEANT-","118056.00"
"POLICE OFFICER","109352.00"
"LIEUTENANT","141943.00"
"POLICE OFFICER","109352.00"
"P.O. DA DET GR3","119429.00"
"SERGEANT-","97894.00"
"LIEUTENANT","141943.00"
"SERGEANT-","118056.00"
"POLICE OFFICER","109352.00"
"POLICE OFFICER","109352.00"
"SERGEANT-","105606.00"
"POLICE OFFICER","109352.00"
"POLICE OFFICER","105146.00"
"POLICE OFFICER","109352.00"
"POLICE OFFICER","109352.00"
"POLICE OFFICER","109352.00"
"SERGEANT-","118056.00"
"SERGEANT-","97894.00"
"POLICE OFFICER","109352.00"
"SERGEANT-","97894.00"
"LIEUTENANT","141684.00"
"LIEUTENANT","141684.00"
"POLICE OFFICER","109352.00"
"POLICE OFFICER","109352.00"
"SERGEANT-","97894.00"
"P.O. DA DET GR3","119980.00"
"POLICE OFFICER","109352.00"
"P.O. DA DET GR3","119980.00"
"POLICE OFFICER","109352.00"
"SERGEANT-","118056.00"
"SERGEANT-","97894.00"
"SERGEANT-","118056.00"
"P.O. DA DET GR3","119980.00"
"SERGEANT-","118056.00"
"POLICE OFFICER","109352.00"
"POLICE OFFICER","109352.00"
"SERGEANT-D/A SPECIAL ASSIGNMENT","121048.00"
"P.O. DA DET GR3","119980.00"
"SERGEANT-","118056.00"
"POLICE OFFICER","109352.00"
"POLICE OFFICER","109352.00"
"POLICE OFFICER","109352.00"
"P.O. DET SPEC","119429.00"
"SERGEANT-","118056.00"
"SERGEANT-","118056.00"
"P.O. DA DET GR3","119980.00"
"POLICE OFFICER","109352.00"
"SERGEANT-","118056.00"
"SERGEANT-","97894.00"
"POLICE OFFICER","109352.00"
"POLICE OFFICER","109352.00"
"SERGEANT-","105606.00"
"SERGEANT-","105606.00"
"SERGEANT-","105606.00"
"POLICE OFFICER","109352.00"
"P.O. DA DET GR3","119980.00"
"POLICE OFFICER","109352.00"
"P.O. DA DET GR3","119980.00"
"LIEUTENANT","141943.00"
"POLICE OFFICER","109352.00"
"LIEUTENANT","141684.00"
"SERGEANT-","118056.00"
"SERGEANT-","97894.00"
"SERGEANT-","118056.00"
"SERGEANT-","118056.00"
"POLICE OFFICER D/A DETECTIVE 2ND GR","134819.00"
"LIEUTENANT","141684.00"
"POLICE OFFICER","109352.00"
"P.O. DA DET GR3","119980.00"
"SERGEANT-","97894.00"
"P.O. DA DET GR3","119980.00"
"P.O. DA DET GR3","119980.00"
"P.O. DA DET GR3","119980.00"
"POLICE OFFICER","109352.00"
"POLICE OFFICER","109352.00"
"SERGEANT-","97894.00"
"LIEUTENANT","141943.00"
"P.O. DA DET GR3","119980.00"
"POLICE OFFICER","109352.00"
"POLICE OFFICER","109352.00"
"P.O. DA DET GR3","119980.00"
"SERGEANT-","118056.00"
"POLICE OFFICER","109352.00"
"LIEUTENANT","141684.00"
"POLICE OFFICER","109352.00"
"POLICE OFFICER","109352.00"
"POLICE OFFICER D/A DETECTIVE 2ND GR","134819.00"
"P.O. DA DET GR3","119314.00"
"P.O. DA DET GR3","119429.00"
"P.O. DA DET GR3","119980.00"
"LIEUTENANT","141684.00"
"SERGEANT-","96477.00"
"SERGEANT-","118056.00"
"P.O. DET SPEC","119429.00"
"SERGEANT-","97894.00"
"POLICE OFFICER","109352.00"
"LIEUTENANT","141684.00"
"LIEUTENANT","141943.00"
"P.O. DA DET GR3","119980.00"
"POLICE OFFICER","109352.00"
"P.O. DA DET GR3","119980.00"
"SERGEANT-","118056.00"
"SERGEANT-","118056.00"
"P.O. DA DET GR3","119980.00"
"POLICE OFFICER","109352.00"
"POLICE OFFICER","109352.00"
"POLICE OFFICER","109352.00"
"SERGEANT-","118056.00"
"POLICE OFFICER","109352.00"
"P.O. DA DET GR3","119980.00"
"POLICE OFFICER","109352.00"
"POLICE OFFICER","109352.00"
"POLICE OFFICER","109352.00"
"POLICE OFFICER","109352.00"
"POLICE OFFICER","109352.00"
"SERGEANT-","118056.00"
"P.O. DA DET GR3","119980.00"
"POLICE OFFICER","109352.00"
"SERGEANT-","97894.00"
"POLICE OFFICER","109352.00"
"SERGEANT-","118056.00"
"P.O. DA DET GR3","119980.00"
"POLICE OFFICER","109352.00"
"P.O. DA DET GR3","119980.00"
"POLICE OFFICER","109352.00"
"P.O. DA DET GR3","119980.00"
"P.O. DA DET GR3","119980.00"
"POLICE OFFICER","109352.00"
"POLICE OFFICER","109352.00"
"POLICE OFFICER","109352.00"
"POLICE OFFICER","109352.00"
"POLICE OFFICER","109352.00"
"LIEUTENANT","141684.00"
"P.O. DA DET GR3","119980.00"
"SERGEANT-","118056.00"
"SERGEANT-","118056.00"
"SERGEANT-","97894.00"
"POLICE OFFICER","109352.00"
"P.O. DET SPEC","119248.00"
"POLICE OFFICER","109352.00"
"P.O. DA DET GR3","119980.00"
"SERGEANT-","118056.00"
"SERGEANT-","118056.00"
"POLICE OFFICER","109352.00"
"P.O. DET SPEC","119314.00"
"POLICE OFFICER","109352.00"
"P.O. DA DET GR3","119980.00"
"SERGEANT-","118056.00"
"SERGEANT-","118056.00"
"SERGEANT-","97894.00"
"POLICE OFFICER","109352.00"
"POLICE OFFICER","109352.00"
"P.O. DET SPEC","119429.00"
"LIEUTENANT","141684.00"
"POLICE OFFICER","109352.00"
"POLICE OFFICER","109352.00"
"POLICE OFFICER","109352.00"
"SERGEANT-","97894.00"
"SERGEANT-","118056.00"
"P.O. DA DET GR3","119980.00"
"POLICE OFFICER","109352.00"
"POLICE OFFICER","109352.00"
"P.O. DA DET GR3","119980.00"
"P.O. DA DET GR3","119980.00"
"SERGEANT-","118056.00"
"POLICE OFFICER","109352.00"
"P.O. DET SPEC","119248.00"
"POLICE OFFICER","109352.00"
"POLICE OFFICER","109352.00"
"SERGEANT-","118056.00"
"SERGEANT-","118056.00"
"P.O. DA DET GR3","119980.00"
"POLICE OFFICER","109352.00"
"POLICE OFFICER","109352.00"
"SERGEANT-D/A SPECIAL ASSIGNMENT","121048.00"
"P.O. DA DET GR3","119980.00"
"LIEUTENANT","141943.00"
"SERGEANT-","96477.00"
"POLICE OFFICER","109352.00"
"SERGEANT-","105606.00"
"SERGEANT-D/A SPECIAL ASSIGNMENT","120442.00"
"P.O. DET SPEC","119980.00"
"P.O. DA DET GR3","119980.00"
"POLICE OFFICER","109352.00"
"POLICE OFFICER","109352.00"
"POLICE OFFICER","109352.00"
"P.O. DA DET GR3","119980.00"
"POLICE OFFICER","109352.00"
"P.O. DA DET GR3","119980.00"
"POLICE OFFICER","109352.00"
"POLICE OFFICER","109352.00"
"POLICE OFFICER","109352.00"
"SERGEANT-","118056.00"
"SERGEANT-","97894.00"
"POLICE OFFICER","109352.00"
"POLICE OFFICER","109352.00"
"POLICE OFFICER","109352.00"
"POLICE OFFICER","109352.00"
"SERGEANT-","97894.00"
"SERGEANT-","118056.00"
"P.O. DA DET GR3","107785.00"
"P.O. DA DET GR3","119980.00"
"POLICE OFFICER","109352.00"
"P.O. DA DET GR3","119980.00"
"P.O. DET SPEC","119248.00"
"SERGEANT-","118056.00"
"P.O. DET SPEC","119248.00"
"SERGEANT-","97894.00"
"POLICE OFFICER","109352.00"
"POLICE OFFICER","109352.00"
"POLICE OFFICER","109352.00"
"LIEUTENANT","141684.00"
"POLICE OFFICER","109352.00"
"LIEUTENANT","141684.00"
"SERGEANT-","105606.00"
"P.O. DET SPEC","119980.00"
"POLICE OFFICER","109352.00"
"POLICE OFFICER","109352.00"
"POLICE OFFICER","109352.00"
"P.O. DET SPEC","119429.00"
"POLICE OFFICER","109352.00"
"SERGEANT-","118056.00"
"POLICE OFFICER","109352.00"
"SERGEANT-","118056.00"
"POLICE OFFICER","109352.00"
"POLICE OFFICER","109352.00"
"P.O. DA DET GR3","119980.00"
"P.O. DA DET GR3","119980.00"
"POLICE OFFICER","109352.00"
"SERGEANT-","97894.00"
"P.O. DA DET GR3","119980.00"
"P.O. DA DET GR3","119980.00"
"POLICE OFFICER","109352.00"
"SERGEANT-","118056.00"
"POLICE OFFICER","109352.00"
"SERGEANT-","105606.00"
"LIEUTENANT","141943.00"
"P.O. DET SPEC","119980.00"
"POLICE OFFICER","109352.00"
"LIEUTENANT","141943.00"
"P.O. DET SPEC","119980.00"
"SERGEANT-","118056.00"
"P.O. DA DET GR3","119980.00"
"P.O. DA DET GR3","119980.00"
"SERGEANT-","118056.00"
"SERGEANT-","105606.00"
"POLICE OFFICER","109352.00"
"P.O. DA DET GR3","119980.00"
"POLICE OFFICER","109352.00"
"SERGEANT-D/A SPECIAL ASSIGNMENT","120442.00"
"P.O. DET SPEC","119248.00"
"SERGEANT-","96477.00"
"POLICE OFFICER","109352.00"
"POLICE OFFICER","109352.00"
"SERGEANT-","118056.00"
"P.O. DET SPEC","119314.00"
"POLICE OFFICER","109352.00"
"POLICE OFFICER","109352.00"
"POLICE OFFICER","109352.00"
"LIEUTENANT","141943.00"
"LIEUTENANT","141684.00"
"POLICE OFFICER","109352.00"
"P.O. DA DET GR3","119980.00"
"P.O. DA DET GR3","119980.00"
"P.O. DA DET GR3","119980.00"
"SERGEANT-","118056.00"
"SERGEANT-","118056.00"
"POLICE OFFICER","109352.00"
"P.O. DA DET GR3","119980.00"
"P.O. DA DET GR3","119980.00"
"POLICE OFFICER","109352.00"
"SERGEANT-","118056.00"
"POLICE OFFICER","109352.00"
"SERGEANT-","118056.00"
"POLICE OFFICER","109352.00"
"POLICE OFFICER","109352.00"
"POLICE OFFICER","109352.00"
"POLICE OFFICER","109352.00"
"POLICE OFFICER","109352.00"
"POLICE OFFICER","109352.00"
"SERGEANT-","105606.00"
"P.O. DET SPEC","119248.00"
"SERGEANT-","118056.00"
"LIEUTENANT","141684.00"
"SERGEANT-","96477.00"
"POLICE OFFICER","109352.00"
"POLICE OFFICER","109352.00"
"POLICE OFFICER","109352.00"
"SERGEANT-","118056.00"
"POLICE OFFICER","109352.00"
"P.O. DET SPEC","119429.00"
"POLICE OFFICER","109352.00"
"SERGEANT-","96477.00"
"POLICE OFFICER","109352.00"
"POLICE OFFICER","109352.00"
"POLICE OFFICER","109352.00"
"POLICE OFFICER","109352.00"
"POLICE OFFICER","109352.00"
"POLICE OFFICER","109352.00"
"POLICE OFFICER","109352.00"
"POLICE OFFICER D/A DETECTIVE 2ND GR","134819.00"
"P.O. DET SPEC","119980.00"
"POLICE OFFICER","109352.00"
"LIEUTENANT","141943.00"
"LIEUTENANT","141684.00"
"POLICE OFFICER","109352.00"
"POLICE OFFICER","109352.00"
"SERGEANT-","118056.00"
"SERGEANT-","96477.00"
"P.O. DA DET GR3","119980.00"
"P.O. DET SPEC","119980.00"
"POLICE OFFICER","109352.00"
"P.O. DA DET GR3","119980.00"
"SERGEANT-","118056.00"
"P.O. DA DET GR3","119248.00"
"POLICE OFFICER","109352.00"
"POLICE OFFICER","109352.00"
"LIEUTENANT","141684.00"
"SERGEANT-","96477.00"
"SERGEANT-","105606.00"
"P.O. DA DET GR3","119980.00"
"P.O. DA DET GR3","119314.00"
"SERGEANT-","96477.00"
"POLICE OFFICER","109352.00"
"POLICE OFFICER","109352.00"
"P.O. DA DET GR3","119314.00"
"SERGEANT-","105606.00"
"P.O. DA DET GR3","119980.00"
"POLICE OFFICER","109352.00"
"SERGEANT-","118056.00"
"POLICE OFFICER","105146.00"
"P.O. DA DET GR3","119980.00"
"POLICE OFFICER","109352.00"
"SERGEANT-","96477.00"
"POLICE OFFICER","109352.00"
"POLICE OFFICER","109352.00"
"SERGEANT-","96477.00"
"P.O. DA DET GR3","119980.00"
"LIEUTENANT","141684.00"
"POLICE OFFICER","109352.00"
"POLICE OFFICER","109352.00"
"POLICE OFFICER","109352.00"
"SERGEANT-","118056.00"
"SERGEANT-","118056.00"
"POLICE OFFICER","109352.00"
"SERGEANT-","118056.00"
"P.O. DA DET GR3","119980.00"
"SERGEANT-","105606.00"
"SERGEANT-","118056.00"
"SERGEANT-","105606.00"
"SERGEANT-","96477.00"
"POLICE OFFICER","109352.00"
"SERGEANT-","97894.00"
"SERGEANT-","97894.00"
"POLICE OFFICER","109352.00"
"P.O. DA DET GR3","119980.00"
"LIEUTENANT","141943.00"
"P.O. DA DET GR3","119980.00"
"POLICE OFFICER","109352.00"
"POLICE OFFICER","109352.00"
"SERGEANT-","118056.00"
"POLICE OFFICER","109352.00"
"POLICE OFFICER","109352.00"
"POLICE OFFICER","109352.00"
"POLICE OFFICER","109352.00"
"SERGEANT-","97894.00"
"P.O. DET SPEC","119429.00"
"P.O. DA DET GR3","119248.00"
"POLICE OFFICER","109352.00"
"POLICE OFFICER","109352.00"
"SERGEANT-","97894.00"
"P.O. DA DET GR3","119980.00"
"POLICE OFFICER","109352.00"
"P.O. DA DET GR3","119980.00"
"SERGEANT-","96477.00"
"SERGEANT-","97894.00"
"LIEUTENANT","141684.00"
"SERGEANT-","105606.00"
"POLICE OFFICER","109352.00"
"POLICE OFFICER","109352.00"
"SERGEANT-","96477.00"
"LIEUTENANT","141684.00"
"POLICE OFFICER","109352.00"
"LIEUTENANT","141943.00"
"SERGEANT-","105606.00"
"P.O. DET SPEC","119980.00"
"POLICE OFFICER","109352.00"
"LIEUTENANT","141943.00"
"POLICE OFFICER","109352.00"
"POLICE OFFICER","109352.00"
"P.O. DA DET GR3","119980.00"
"SERGEANT-","118056.00"
"POLICE OFFICER","109352.00"
"POLICE OFFICER","109352.00"
"AGENCY ATTORNEY","120204.00"
"POLICE OFFICER","109352.00"
"POLICE OFFICER","109352.00"
"P.O. DA DET GR3","119980.00"
"POLICE OFFICER","109352.00"
"SERGEANT-","96477.00"
"P.O. DA DET GR3","119980.00"
"LIEUTENANT","141943.00"
"POLICE OFFICER","109352.00"
"SERGEANT-","118056.00"
"POLICE OFFICER","109352.00"
"LIEUTENANT","141943.00"
"LIEUTENANT","141943.00"
"P.O. DA DET GR3","119429.00"
"POLICE OFFICER","109352.00"
"POLICE OFFICER","109352.00"
"P.O. DET SPEC","119314.00"
"SERGEANT-","118056.00"
"POLICE OFFICER","109352.00"
"SERGEANT-","96477.00"
"SERGEANT-","118056.00"
"P.O. DA DET GR3","119248.00"
"LIEUTENANT","141684.00"
"SERGEANT-","118056.00"
"P.O. DA DET GR3","119429.00"
"SERGEANT-","97894.00"
"POLICE OFFICER","109352.00"
"SERGEANT-","105606.00"
"P.O. DET SPEC","119980.00"
"POLICE OFFICER","109352.00"
"P.O. DA DET GR3","119248.00"
"SERGEANT-","118056.00"
"P.O. DA DET GR3","119980.00"
"POLICE OFFICER","109352.00"
"SERGEANT-D/A SUPERVISOR DETECTIVE SQUAD","121048.00"
"SERGEANT-","97894.00"
"POLICE OFFICER","109352.00"
"P.O. DET SPEC","119429.00"
"POLICE OFFICER","109352.00"
"SERGEANT-","105606.00"
"POLICE OFFICER","109352.00"
"P.O. DET SPEC","119429.00"
"POLICE OFFICER","109352.00"
"POLICE OFFICER","109352.00"
"POLICE OFFICER","109352.00"
"POLICE OFFICER","109352.00"
"SERGEANT-","97894.00"
"POLICE OFFICER","109352.00"
"POLICE OFFICER","109352.00"
"POLICE OFFICER","109352.00"
"LIEUTENANT","141943.00"
"POLICE OFFICER","109352.00"
"P.O. DA DET GR3","119980.00"
"POLICE OFFICER","109352.00"
"POLICE OFFICER","109352.00"
"SERGEANT-","105606.00"
"POLICE OFFICER D/A DETECTIVE 2ND GR","130260.00"
"POLICE OFFICER","109352.00"
"POLICE OFFICER","109352.00"
"P.O. DA DET GR3","119980.00"
"SERGEANT-","96477.00"
"POLICE OFFICER","109352.00"
"POLICE OFFICER","109352.00"
"POLICE OFFICER","109352.00"
"POLICE OFFICER","109352.00"
"SERGEANT-","118056.00"
"POLICE OFFICER","109352.00"
"POLICE OFFICER","109352.00"
"POLICE OFFICER","109352.00"
"P.O. DA DET GR3","119429.00"
"POLICE OFFICER","109352.00"
"P.O. DET SPEC","119314.00"
"POLICE OFFICER","109352.00"
"LIEUTENANT","141684.00"
"P.O. DA DET GR3","119980.00"
"POLICE OFFICER","109352.00"
"POLICE OFFICER","109352.00"
"SERGEANT-","118056.00"
"P.O. DET SPEC","119980.00"
"POLICE OFFICER","109352.00"
"P.O. DA DET GR3","119980.00"
"P.O. DA DET GR3","119980.00"
"POLICE OFFICER","109352.00"
"SERGEANT-","118056.00"
"SERGEANT-","118056.00"
"POLICE OFFICER","109352.00"
"POLICE OFFICER","109352.00"
"POLICE OFFICER","109352.00"
"SERGEANT-","105606.00"
"POLICE OFFICER","109352.00"
"POLICE OFFICER","109352.00"
"P.O. DA DET GR3","119248.00"
"POLICE OFFICER","109352.00"
"SERGEANT-","118056.00"
"P.O. DA DET GR3","119248.00"
"SERGEANT-","96281.00"
"SERGEANT-","118056.00"
"P.O. DA DET GR3","119314.00"
"SERGEANT-","118056.00"
"POLICE OFFICER","109352.00"
"POLICE OFFICER","109352.00"
"SERGEANT-","118056.00"
"SERGEANT-","96477.00"
"P.O. DA DET GR3","119980.00"
"P.O. DA DET GR3","119980.00"
"SERGEANT-D/A SUPERVISOR DETECTIVE SQUAD","120744.00"
"SERGEANT-","118056.00"
"POLICE OFFICER","109352.00"
"POLICE OFFICER","109352.00"
"SERGEANT-","118056.00"
"POLICE OFFICER","109352.00"
"SERGEANT-","96477.00"
"SERGEANT-","118056.00"
"SERGEANT-","118056.00"
"P.O. DA DET GR3","119980.00"
"P.O. DA DET GR3","119980.00"
"SERGEANT-","96477.00"
"POLICE OFFICER","109352.00"
"POLICE OFFICER","109352.00"
"SERGEANT-","105606.00"
"SERGEANT-","96477.00"
"SCHOOL SAFETY AGENT","56508.00"
"POLICE OFFICER","109352.00"
"LIEUTENANT","141684.00"
"POLICE OFFICER","109352.00"
"SERGEANT-","118056.00"
"SERGEANT-","118056.00"
"POLICE OFFICER","109352.00"
"P.O. DA DET GR3","119980.00"
"POLICE OFFICER","109352.00"
"POLICE OFFICER","109352.00"
"P.O. DA DET GR3","119980.00"
"POLICE OFFICER","109352.00"
"POLICE OFFICER","109352.00"
"SERGEANT-D/A SPECIAL ASSIGNMENT","121048.00"
"P.O. DA DET GR3","119980.00"
"SERGEANT-","96477.00"
"POLICE OFFICER","109352.00"
"P.O. DET SPEC","119248.00"
"P.O. DA DET GR3","119980.00"
"POLICE OFFICER","109352.00"
"POLICE OFFICER","105146.00"
"POLICE OFFICER","109352.00"
"POLICE OFFICER","105146.00"
"P.O. DA DET GR3","119980.00"
"SERGEANT-","118056.00"
"POLICE OFFICER","109352.00"
"POLICE OFFICER","109352.00"
"POLICE OFFICER","109352.00"
"POLICE OFFICER","109352.00"
"P.O. DA DET GR3","119980.00"
"SERGEANT-","96477.00"
"SERGEANT-","96477.00"
"SERGEANT-","118056.00"
"POLICE OFFICER D/A DETECTIVE 2ND GR","134819.00"
"LIEUTENANT","141684.00"
"POLICE OFFICER","109352.00"
"P.O. DA DET GR3","119429.00"
"POLICE OFFICER","109352.00"
"POLICE OFFICER","109352.00"
"P.O. DA DET GR3","119980.00"
"POLICE OFFICER","109352.00"
"SERGEANT-","96477.00"
"POLICE OFFICER","60363.00"
"CITY RESEARCH SCIENTIST","112883.00"
"AGENCY ATTORNEY","115062.00"
"PHOTOGRAPHER","66512.00"
"POLICE OFFICER","60363.00"
"SCHOOL SAFETY AGENT","56508.00"
"POLICE OFFICER","109352.00"
"SENIOR POLICE ADMINISTRATIVE AIDE","59504.00"
"POLICE OFFICER","109352.00"
"SUPERVISING POLICE COMMUNICATIONS TECHNICIAN","76443.00"
"SUPERVISING POLICE COMMUNICATIONS TECHNICIAN","79705.00"
"POLICE OFFICER","109352.00"
"POLICE COMMUNICATIONS TECHNICIAN","61883.00"
"SCHOOL SAFETY AGENT","56508.00"
"POLICE OFFICER","55942.00"
"POLICE ADMINISTRATIVE AIDE","50539.00"
"POLICE OFFICER","57976.00"
"POLICE OFFICER","57976.00"
"POLICE OFFICER","59065.00"
"SERGEANT-","118056.00"
"POLICE OFFICER","109352.00"
"SCHOOL SAFETY AGENT","56508.00"
"SCHOOL SAFETY AGENT","38064.00"
"POLICE OFFICER","65387.00"
"SERGEANT-","97894.00"
"POLICE ADMINISTRATIVE AIDE","48631.00"
"EVIDENCE AND PROPERTY CONTROL SPECIALIST","65303.00"
"POLICE OFFICER","109352.00"
"LIEUTENANT","141684.00"
"POLICE OFFICER","109352.00"
"EVIDENCE AND PROPERTY CONTROL SPECIALIST","65303.00"
"POLICE OFFICER","57976.00"
"POLICE OFFICER","109352.00"
"POLICE OFFICER","55942.00"
"POLICE COMMUNICATIONS TECHNICIAN","59935.00"
"SCHOOL SAFETY AGENT","40502.00"
"SCHOOL SAFETY AGENT","39206.00"
"POLICE OFFICER","109352.00"
"TRAFFIC ENFORCEMENT AGENT","53985.00"
"POLICE OFFICER","109352.00"
"POLICE OFFICER","109352.00"
"SCHOOL SAFETY AGENT","41797.00"
"SCHOOL SAFETY AGENT","56508.00"
"TRAFFIC ENFORCEMENT AGENT","53985.00"
"POLICE COMMUNICATIONS TECHNICIAN","61883.00"
"POLICE OFFICER","109352.00"
"POLICE OFFICER","109352.00"
"ASSOCIATE TRAFFIC ENFORCEMENT AGENT","54498.00"
"SERGEANT-","96477.00"
"TRAFFIC ENFORCEMENT AGENT","54025.00"
"ASSOCIATE TRAFFIC ENFORCEMENT AGENT","54498.00"
"POLICE OFFICER","109352.00"
"SENIOR POLICE ADMINISTRATIVE AIDE","63403.00"
"ASSOCIATE TRAFFIC ENFORCEMENT AGENT","57817.00"
"TRAFFIC ENFORCEMENT AGENT","49830.00"
"TRAFFIC ENFORCEMENT AGENT","53985.00"
"ASSOCIATE TRAFFIC ENFORCEMENT AGENT","57817.00"
"POLICE OFFICER","109352.00"
"SERGEANT-","118056.00"
"ASSOCIATE TRAFFIC ENFORCEMENT AGENT","57817.00"
"TRAFFIC ENFORCEMENT AGENT","53985.00"
"TRAFFIC ENFORCEMENT AGENT","55305.00"
"TRAFFIC ENFORCEMENT AGENT","53985.00"
"ADMIN TRAFFIC ENF AGNT-UNION","84507.00"
"TRAFFIC ENFORCEMENT AGENT","53985.00"
"SERGEANT-","118056.00"
"POLICE OFFICER","109352.00"
"ASSOCIATE TRAFFIC ENFORCEMENT AGENT","57817.00"
"SERGEANT-","105606.00"
"SCHOOL SAFETY AGENT","56508.00"
"TRAFFIC ENFORCEMENT AGENT","53985.00"
"ASSOCIATE TRAFFIC ENFORCEMENT AGENT","51370.00"
"TRAFFIC ENFORCEMENT AGENT","53985.00"
"SERGEANT-","118056.00"
"TRAFFIC ENFORCEMENT AGENT","52413.00"
"POLICE OFFICER","60363.00"
"EVIDENCE AND PROPERTY CONTROL SPECIALIST","65303.00"
"TRAFFIC ENFORCEMENT AGENT","53985.00"
"POLICE OFFICER","109352.00"
"CITY CUSTODIAL ASSISTANT","42794.00"
"POLICE COMMUNICATIONS TECHNICIAN","61883.00"
"POLICE OFFICER","60363.00"
"P.O. DA DET GR3","119429.00"
"CITY CUSTODIAL ASSISTANT","43634.00"
"POLICE OFFICER","109352.00"
"POLICE COMMUNICATIONS TECHNICIAN","61883.00"
"TRAFFIC ENFORCEMENT AGENT","47621.00"
"TRAFFIC ENFORCEMENT AGENT","53985.00"
"POLICE COMMUNICATIONS TECHNICIAN","61883.00"
"POLICE OFFICER","109352.00"
"P.O. DET SPEC","119248.00"
"POLICE OFFICER","65387.00"
"POLICE OFFICER","109352.00"
"POLICE OFFICER","60363.00"
"POLICE OFFICER","60363.00"
"POLICE OFFICER","109352.00"
"POLICE OFFICER","55942.00"
"SCHOOL SAFETY AGENT","39398.00"
"POLICE COMMUNICATIONS TECHNICIAN","61883.00"
"POLICE OFFICER","55942.00"
"POLICE COMMUNICATIONS TECHNICIAN","47221.00"
"POLICE OFFICER","109352.00"
"TRAFFIC ENFORCEMENT AGENT","53985.00"
"POLICE ADMINISTRATIVE AIDE","53511.00"
"POLICE OFFICER","109352.00"
"SENIOR POLICE ADMINISTRATIVE AIDE","58707.00"
"POLICE OFFICER","109352.00"
"POLICE OFFICER","55942.00"
"POLICE OFFICER","109352.00"
"SCHOOL SAFETY AGENT","36054.00"
"POLICE OFFICER","109352.00"
"POLICE OFFICER","109352.00"
"SUPERVISOR OF MECHANICS","140840.00"
"IT SECURITY SPECIALIST","141465.00"
"POLICE OFFICER","109352.00"
"POLICE OFFICER","59065.00"
"P.O. DA DET GR3","119980.00"
"SCHOOL SAFETY AGENT","40502.00"
"POLICE OFFICER","55942.00"
"SERGEANT-","118056.00"
"SCHOOL SAFETY AGENT","56508.00"
"POLICE OFFICER","65387.00"
"SCHOOL SAFETY AGENT","56508.00"
"SCHOOL SAFETY AGENT","56508.00"
"SCHOOL SAFETY AGENT","56508.00"
"SCHOOL SAFETY AGENT","56508.00"
"SCHOOL SAFETY AGENT","53264.00"
"POLICE OFFICER","109352.00"
"SCHOOL SAFETY AGENT","56508.00"
"POLICE OFFICER","109352.00"
"SCHOOL SAFETY AGENT","56508.00"
"POLICE OFFICER","109352.00"
"SCHOOL SAFETY AGENT","56508.00"
"SCHOOL SAFETY AGENT","56508.00"
"POLICE OFFICER","109352.00"
"POLICE OFFICER","109352.00"
"SCHOOL SAFETY AGENT","56508.00"
"SCHOOL SAFETY AGENT","54862.00"
"SCHOOL SAFETY AGENT","56508.00"
"POLICE OFFICER","109352.00"
"SCHOOL SAFETY AGENT","56508.00"
"POLICE OFFICER","109352.00"
"POLICE OFFICER","109352.00"
"POLICE OFFICER","109352.00"
"SCHOOL SAFETY AGENT","56508.00"
"SCHOOL SAFETY AGENT","56508.00"
"SCHOOL SAFETY AGENT","56508.00"
"SCHOOL SAFETY AGENT","56508.00"
"POLICE OFFICER","109352.00"
"SCHOOL SAFETY AGENT","56508.00"
"SCHOOL SAFETY AGENT","56508.00"
"SUPERVISOR OF SCHOOL SECURITY","81237.00"
"POLICE OFFICER","109352.00"
"SCHOOL SAFETY AGENT","56508.00"
"SCHOOL SAFETY AGENT","56508.00"
"SCHOOL SAFETY AGENT","39206.00"
"SUPERVISOR OF SCHOOL SECURITY","81237.00"
"POLICE OFFICER","109352.00"
"SCHOOL SAFETY AGENT","56508.00"
"SCHOOL SAFETY AGENT","56508.00"
"SCHOOL SAFETY AGENT","56508.00"
"POLICE OFFICER","109352.00"
"SCHOOL SAFETY AGENT","56508.00"
"SCHOOL SAFETY AGENT","56508.00"
"SCHOOL SAFETY AGENT","56508.00"
"SCHOOL SAFETY AGENT","56508.00"
"SCHOOL SAFETY AGENT","56508.00"
"SCHOOL SAFETY AGENT","56508.00"
"POLICE OFFICER","109352.00"
"SCHOOL SAFETY AGENT","56508.00"
"SCHOOL SAFETY AGENT","54862.00"
"SCHOOL SAFETY AGENT","56508.00"
"SCHOOL SAFETY AGENT","56508.00"
"POLICE OFFICER","109352.00"
"SCHOOL SAFETY AGENT","56508.00"
"SCHOOL SAFETY AGENT","56508.00"
"SCHOOL SAFETY AGENT","56508.00"
"POLICE OFFICER","65387.00"
"SCHOOL SAFETY AGENT","56508.00"
"POLICE OFFICER","109352.00"
"POLICE OFFICER","109352.00"
"SCHOOL SAFETY AGENT","56508.00"
"SUPERVISING POLICE COMMUNICATIONS TECHNICIAN","76443.00"
"CERTIFIED IT ADMINISTRATOR","138960.00"
"SCHOOL SAFETY AGENT","38064.00"
"POLICE OFFICER","109352.00"
"SCHOOL SAFETY AGENT","56508.00"
"TRAFFIC ENFORCEMENT AGENT","53985.00"
"POLICE COMMUNICATIONS TECHNICIAN","45704.00"
"POLICE OFFICER","109352.00"
"TRAFFIC ENFORCEMENT AGENT","48769.00"
"POLICE OFFICER","109352.00"
"POLICE OFFICER","109352.00"
"POLICE ADMINISTRATIVE AIDE","42288.00"
"SCHOOL SAFETY AGENT","41797.00"
"SERGEANT-","105606.00"
"POLICE COMMUNICATIONS TECHNICIAN","61883.00"
"POLICE OFFICER","57976.00"
"CRIME ANALYST","63667.00"
"POLICE OFFICER","65387.00"
"POLICE OFFICER","109352.00"
"POLICE ADMINISTRATIVE AIDE","51380.00"
"PRINCIPAL ADMINISTRATIVE ASSOCIATE -  NON SUPVR","68635.00"
"ASSOCIATE INVESTIGATOR","68263.00"
"SENIOR POLICE ADMINISTRATIVE AIDE","61009.00"
"POLICE OFFICER","65387.00"
"POLICE ADMINISTRATIVE AIDE","55065.00"
"POLICE OFFICER","109352.00"
"P.O. DA DET GR3","119314.00"
"POLICE OFFICER","109352.00"
"POLICE OFFICER","109352.00"
"SENIOR POLICE ADMINISTRATIVE AIDE","58707.00"
"POLICE OFFICER","57976.00"
"PRINCIPAL ADMINISTRATIVE ASSOCIATE -  NON SUPVR","63192.00"
"COMPUTER ASSOCIATE","73947.00"
"POLICE OFFICER","109352.00"
"SENIOR POLICE ADMINISTRATIVE AIDE","61009.00"
"ASSOCIATE STAFF ANALYST","91464.00"
"SENIOR POLICE ADMINISTRATIVE AIDE","63403.00"
"ADMINISTRATIVE STAFF ANALYST","104642.00"
"POLICE OFFICER","59065.00"
"SENIOR POLICE ADMINISTRATIVE AIDE","61739.00"
"PRINCIPAL ADMINISTRATIVE ASSOCIATE -  NON SUPVR","68635.00"
"SERGEANT-","118056.00"
"SERGEANT-","118056.00"
"SENIOR POLICE ADMINISTRATIVE AIDE","63311.00"
"SENIOR POLICE ADMINISTRATIVE AIDE","58707.00"
"SENIOR POLICE ADMINISTRATIVE AIDE","64618.00"
"PRINCIPAL ADMINISTRATIVE ASSOCIATE -  NON SUPVR","81127.00"
"SENIOR POLICE ADMINISTRATIVE AIDE","62815.00"
"POLICE OFFICER","109352.00"
"POLICE OFFICER","109352.00"
"POLICE OFFICER","60363.00"
"POLICE OFFICER","109352.00"
"SERGEANT-","118056.00"
"INVESTIGATOR","55437.00"
"ADMIN COMMUNITY RELATIONS SPECIALIST","112566.00"
"CRIMINALIST","95773.00"
"POLICE OFFICER","109352.00"
"DEPUTY CHIEF SURGEON","184441.00"
"SUPERVISOR OF STOCK WORKERS","50593.00"
"POLICE ADMINISTRATIVE AIDE","48631.00"
"POLICE OFFICER","109352.00"
"POLICE OFFICER","109352.00"
"POLICE OFFICER","56793.00"
"POLICE ADMINISTRATIVE AIDE","48631.00"
"AGENCY ATTORNEY","136593.00"
"PHOTOGRAPHER","61476.00"
"PHOTOGRAPHER","56590.00"
"CRIME ANALYST","93627.00"
"SCHOOL SAFETY AGENT","56508.00"
"SCHOOL CROSSING GUARD","44533.00"
"EXECUTIVE AGENCY COUNSEL","186947.00"
"AGENCY ATTORNEY","140082.00"
"POLICE OFFICER","60363.00"
"SERGEANT-","118056.00"
"SERGEANT-","105606.00"
"POLICE OFFICER","109352.00"
"POLICE OFFICER","109352.00"
"SERGEANT-","118056.00"
"POLICE OFFICER","109352.00"
"POLICE OFFICER","109352.00"
"P.O. DET SPEC","119980.00"
"POLICE ADMINISTRATIVE AIDE","48631.00"
"POLICE OFFICER","109352.00"
"LIEUTENANT","141684.00"
"POLICE OFFICER","109352.00"
"STAFF ANALYST","69631.00"
"POLICE OFFICER","109352.00"
"POLICE ADMINISTRATIVE AIDE","48631.00"
"TRAFFIC ENFORCEMENT AGENT","53985.00"
"POLICE OFFICER","109352.00"
"POLICE OFFICER","57976.00"
"SCHOOL SAFETY AGENT","40502.00"
"POLICE OFFICER","55942.00"
"ADMIN CONTRACT SPECIALIST","184561.00"
"P.O. DA DET GR3","119980.00"
"POLICE OFFICER","109352.00"
"POLICE OFFICER","109352.00"
"SERGEANT-","96477.00"
"POLICE OFFICER","109352.00"
"POLICE OFFICER","109352.00"
"POLICE OFFICER","109352.00"
"POLICE OFFICER","109352.00"
"POLICE OFFICER","109352.00"
"POLICE OFFICER","109352.00"
"P.O. DA DET GR3","119980.00"
"LIEUTENANT","141684.00"
"SERGEANT-","118056.00"
"P.O. DA DET GR3","119980.00"
"LIEUTENANT","141684.00"
"POLICE OFFICER","109352.00"
"POLICE OFFICER","109352.00"
"P.O. DA DET GR3","119429.00"
"POLICE OFFICER","109352.00"
"SERGEANT-","96477.00"
"P.O. DA DET GR3","119980.00"
"POLICE OFFICER","109352.00"
"POLICE OFFICER","109352.00"
"POLICE OFFICER","109352.00"
"P.O. DA DET GR3","119980.00"
"POLICE OFFICER","109352.00"
"LIEUTENANT","141943.00"
"SERGEANT-","97894.00"
"LIEUTENANT","141684.00"
"P.O. DA DET GR3","119980.00"
"POLICE OFFICER","109352.00"
"P.O. DA DET GR3","119248.00"
"POLICE OFFICER","109352.00"
"P.O. DA DET GR3","119980.00"
"SERGEANT-","118056.00"
"POLICE OFFICER","109352.00"
"P.O. DA DET GR3","119429.00"
"SERGEANT-","118056.00"
"SERGEANT-","118056.00"
"SERGEANT-","96477.00"
"LIEUTENANT","141943.00"
"POLICE OFFICER","109352.00"
"LIEUTENANT","141684.00"
"SERGEANT-","118056.00"
"POLICE OFFICER","109352.00"
"LIEUTENANT","141943.00"
"P.O. DA DET GR3","119980.00"
"SERGEANT-","115016.00"
"POLICE OFFICER","109352.00"
"POLICE OFFICER","109352.00"
"POLICE OFFICER","109352.00"
"SERGEANT-","105606.00"
"SERGEANT-","97894.00"
"POLICE OFFICER","109352.00"
"LIEUTENANT","141684.00"
"LIEUTENANT","141943.00"
"POLICE OFFICER","109352.00"
"POLICE OFFICER","109352.00"
"SERGEANT-","118056.00"
"POLICE OFFICER","109352.00"
"LIEUTENANT","141684.00"
"SERGEANT-","97894.00"
"POLICE OFFICER","109352.00"
"P.O. DA DET GR3","119980.00"
"POLICE OFFICER","109352.00"
"POLICE OFFICER","109352.00"
"POLICE OFFICER","109352.00"
"POLICE OFFICER","109352.00"
"SERGEANT-","118056.00"
"POLICE OFFICER","109352.00"
"POLICE OFFICER","109352.00"
"POLICE OFFICER","109352.00"
"P.O. DA DET GR3","119980.00"
"POLICE OFFICER","109352.00"
"SERGEANT-","118056.00"
"SERGEANT-","118056.00"
"POLICE OFFICER","109352.00"
"POLICE OFFICER","109352.00"
"POLICE OFFICER","109352.00"
"POLICE OFFICER D/A DETECTIVE 2ND GR","134819.00"
"POLICE OFFICER","109352.00"
"SERGEANT-","118056.00"
"SERGEANT-","96477.00"
"POLICE OFFICER","109352.00"
"POLICE OFFICER","109352.00"
"POLICE OFFICER","109352.00"
"POLICE OFFICER","55942.00"
"POLICE OFFICER","109352.00"
"POLICE OFFICER","109352.00"
"POLICE OFFICER","109352.00"
"P.O. DET SPEC","119980.00"
"P.O. DA DET GR3","119980.00"
"LIEUTENANT","141684.00"
"P.O. DA DET GR3","119980.00"
"POLICE OFFICER","109352.00"
"POLICE OFFICER","109352.00"
"SERGEANT-","118056.00"
"POLICE OFFICER","109352.00"
"P.O. DA DET GR3","119248.00"
"SERGEANT-","96477.00"
"POLICE OFFICER","109352.00"
"POLICE OFFICER","109352.00"
"SERGEANT-","96477.00"
"POLICE OFFICER","109352.00"
"P.O. DET SPEC","115923.00"
"POLICE OFFICER","109352.00"
"P.O. DET SPEC","119980.00"
"SERGEANT-","105606.00"
"P.O. DET SPEC","119429.00"
"POLICE OFFICER","109352.00"
"LIEUTENANT","141684.00"
"POLICE OFFICER","109352.00"
"P.O. DA DET GR3","119248.00"
"POLICE OFFICER","109352.00"
"POLICE OFFICER","109352.00"
"P.O. DET SPEC","119314.00"
"P.O. DA DET GR3","119314.00"
"SERGEANT-","96477.00"
"P.O. DA DET GR3","119980.00"
"SERGEANT-","118056.00"
"SERGEANT-","105606.00"
"SERGEANT-","118056.00"
"POLICE OFFICER","109352.00"
"SERGEANT-","118056.00"
"POLICE OFFICER","109352.00"
"POLICE OFFICER","109352.00"
"POLICE OFFICER","59065.00"
"BOOKKEEPER","62324.00"
"POLICE OFFICER","109352.00"
"POLICE OFFICER","109352.00"
"EVIDENCE AND PROPERTY CONTROL SPECIALIST","65405.00"
"CITY RESEARCH SCIENTIST","112883.00"
"POLICE OFFICER D/A DETECTIVE 2ND GR","134819.00"
"POLICE OFFICER","109352.00"
"POLICE OFFICER","55942.00"
"SERGEANT-","118056.00"
"SERGEANT-","118056.00"
"SUPERVISING POLICE COMMUNICATIONS TECHNICIAN","76443.00"
"CRIMINALIST","95722.00"
"SERGEANT-","118056.00"
"POLICE OFFICER","60363.00"
"COMPUTER ASSOCIATE","68468.00"
"POLICE OFFICER","109352.00"
"POLICE ADMINISTRATIVE AIDE","51839.00"
"POLICE ADMINISTRATIVE AIDE","48631.00"
"SCHOOL SAFETY AGENT","56508.00"
"TRAFFIC ENFORCEMENT AGENT","53985.00"
"POLICE OFFICER","55942.00"
"SERGEANT-","118056.00"
"POLICE OFFICER","55942.00"
"P.O. DA DET GR3","119980.00"
"POLICE OFFICER","109352.00"
"EVIDENCE AND PROPERTY CONTROL SPECIALIST","65303.00"
"SCHOOL SAFETY AGENT","39206.00"
"POLICE COMMUNICATIONS TECHNICIAN","61883.00"
"POLICE OFFICER","109352.00"
"SENIOR POLICE ADMINISTRATIVE AIDE","58707.00"
"POLICE OFFICER","109352.00"
"CITY RESEARCH SCIENTIST","100904.00"
"POLICE OFFICER","60363.00"
"SERGEANT-","118056.00"
"POLICE OFFICER","109352.00"
"POLICE OFFICER","55942.00"
"SCHOOL SAFETY AGENT","56508.00"
"SERGEANT-","118056.00"
"SENIOR POLICE ADMINISTRATIVE AIDE","58707.00"
"PUBLIC HEALTH ASSISTANT","37343.00"
"POLICE OFFICER","109352.00"
"POLICE OFFICER","55942.00"
"COMPUTER ASSOCIATE","98037.00"
"SCHOOL CROSSING GUARD","44533.00"
"POLICE OFFICER","109352.00"
"SCHOOL SAFETY AGENT","56508.00"
"POLICE OFFICER","65387.00"
"SENIOR POLICE ADMINISTRATIVE AIDE","58707.00"
"CRIME ANALYST","78647.00"
"P.O. DA DET GR3","119429.00"
"P.O. DA DET GR3","119314.00"
"SCHOOL SAFETY AGENT","56508.00"
"POLICE OFFICER","55942.00"
"AGENCY ATTORNEY","142676.00"
"ASSOCIATE TRAFFIC ENFORCEMENT AGENT","57817.00"
"POLICE OFFICER","109352.00"
"POLICE OFFICER","109352.00"
"PARALEGAL AIDE","62348.00"
"POLICE OFFICER","109352.00"
"SCHOOL SAFETY AGENT","56508.00"
"SENIOR POLICE ADMINISTRATIVE AIDE","58707.00"
"SCHOOL SAFETY AGENT","56508.00"
"TRAFFIC ENFORCEMENT AGENT","53985.00"
"SCHOOL SAFETY AGENT","41797.00"
"STAFF ANALYST","78049.00"
"POLICE OFFICER","109352.00"
"COMPUTER SPECIALIST","109518.00"
"POLICE ADMINISTRATIVE AIDE","48631.00"
"POLICE ADMINISTRATIVE AIDE","48891.00"
"SUPERVISING POLICE COMMUNICATIONS TECHNICIAN","79705.00"
"POLICE COMMUNICATIONS TECHNICIAN","61883.00"
"POLICE OFFICER","65387.00"
"POLICE COMMUNICATIONS TECHNICIAN","59935.00"
"POLICE COMMUNICATIONS TECHNICIAN","61883.00"
"POLICE OFFICER","109352.00"
"POLICE OFFICER","60363.00"
"SUPERVISING POLICE COMMUNICATIONS TECHNICIAN","79705.00"
"SUPERVISING POLICE COMMUNICATIONS TECHNICIAN","79705.00"
"POLICE OFFICER","109352.00"
"POLICE COMMUNICATIONS TECHNICIAN","61883.00"
"SUPERVISING POLICE COMMUNICATIONS TECHNICIAN","79705.00"
"SENIOR POLICE ADMINISTRATIVE AIDE","58707.00"
"SUPERVISING POLICE COMMUNICATIONS TECHNICIAN","79705.00"
"SERGEANT-","118056.00"
"SERGEANT-","118056.00"
"AGENCY ATTORNEY","119575.00"
"POLICE OFFICER","109352.00"
"POLICE OFFICER","109352.00"
"POLICE OFFICER","109352.00"
"SENIOR POLICE ADMINISTRATIVE AIDE","61055.00"
"COMMUNITY COORDINATOR","72298.00"
"SENIOR POLICE ADMINISTRATIVE AIDE","58707.00"
"SENIOR POLICE ADMINISTRATIVE AIDE","62228.00"
"SENIOR POLICE ADMINISTRATIVE AIDE","58707.00"
"POLICE OFFICER","57976.00"
"POLICE OFFICER","109352.00"
"SENIOR POLICE ADMINISTRATIVE AIDE","58707.00"
"POLICE OFFICER","109352.00"
"POLICE OFFICER","60363.00"
"SENIOR POLICE ADMINISTRATIVE AIDE","58707.00"
"POLICE OFFICER","109352.00"
"POLICE OFFICER","65387.00"
"SENIOR POLICE ADMINISTRATIVE AIDE","55203.00"
"SENIOR POLICE ADMINISTRATIVE AIDE","58707.00"
"SERGEANT-","118056.00"
"SENIOR POLICE ADMINISTRATIVE AIDE","58707.00"
"SENIOR POLICE ADMINISTRATIVE AIDE","58707.00"
"SENIOR POLICE ADMINISTRATIVE AIDE","58707.00"
"SENIOR POLICE ADMINISTRATIVE AIDE","58707.00"
"POLICE COMMUNICATIONS TECHNICIAN","44265.00"
"POLICE OFFICER","109352.00"
"POLICE OFFICER","55942.00"
"POLICE OFFICER","109352.00"
"POLICE OFFICER","109352.00"
"COMMUNITY ASSOCIATE","56200.00"
"SENIOR POLICE ADMINISTRATIVE AIDE","58707.00"
"POLICE ADMINISTRATIVE AIDE","59370.00"
"SENIOR POLICE ADMINISTRATIVE AIDE","56859.00"
"TRAFFIC ENFORCEMENT AGENT","48769.00"
"POLICE OFFICER","109352.00"
"POLICE OFFICER","109352.00"
"SENIOR POLICE ADMINISTRATIVE AIDE","58707.00"
"SENIOR POLICE ADMINISTRATIVE AIDE","58707.00"
"POLICE OFFICER","109352.00"
"SENIOR POLICE ADMINISTRATIVE AIDE","58707.00"
"SENIOR POLICE ADMINISTRATIVE AIDE","65211.00"
"SENIOR POLICE ADMINISTRATIVE AIDE","58707.00"
"SERGEANT-","118056.00"
"SENIOR POLICE ADMINISTRATIVE AIDE","58707.00"
"SCHOOL SAFETY AGENT","56508.00"
"P.O. DET SPEC","119248.00"
"POLICE COMMUNICATIONS TECHNICIAN","61883.00"
"POLICE OFFICER","57976.00"
"POLICE OFFICER","55942.00"
"SCHOOL SAFETY AGENT","39206.00"
"POLICE OFFICER","65387.00"
"POLICE OFFICER","55942.00"
"POLICE OFFICER","109352.00"
"P.O. DA DET GR3","119980.00"
"POLICE OFFICER","109352.00"
"POLICE COMMUNICATIONS TECHNICIAN","61883.00"
"TRAFFIC ENFORCEMENT AGENT","52413.00"
"SCHOOL SAFETY AGENT","56508.00"
"ASSOCIATE TRAFFIC ENFORCEMENT AGENT","57817.00"
"SCHOOL SAFETY AGENT","56508.00"
"POLICE OFFICER","109352.00"
"POLICE OFFICER","109352.00"
"POLICE OFFICER","109352.00"
"POLICE OFFICER","109352.00"
"P.O. DA DET GR3","119248.00"
"TRAFFIC ENFORCEMENT AGENT","53985.00"
"SERGEANT-","118056.00"
"TRAFFIC ENFORCEMENT AGENT","53985.00"
"SCHOOL SAFETY AGENT","56508.00"
"COMPUTER ASSOCIATE","98037.00"
"SCHOOL SAFETY AGENT","39206.00"
"P.O. DET SPEC","119429.00"
"SCHOOL SAFETY AGENT","56508.00"
"SERGEANT-","115016.00"
"ASSOCIATE TRAFFIC ENFORCEMENT AGENT","57817.00"
"POLICE OFFICER","109352.00"
"POLICE OFFICER","109352.00"
"POLICE OFFICER","109352.00"
"P.O. DA DET GR3","119980.00"
"ASSOCIATE TRAFFIC ENFORCEMENT AGENT","57817.00"
"POLICE OFFICER","109352.00"
"TRAFFIC ENFORCEMENT AGENT","53985.00"
"POLICE OFFICER","109352.00"
"POLICE OFFICER","109352.00"
"POLICE OFFICER","109352.00"
"POLICE OFFICER","109352.00"
"POLICE OFFICER","109352.00"
"POLICE COMMUNICATIONS TECHNICIAN","57814.00"
"P.O. DET SPEC","119980.00"
"POLICE OFFICER","109352.00"
"P.O. DA DET GR3","119980.00"
"POLICE OFFICER","109352.00"
"CITY CUSTODIAL ASSISTANT","42898.00"
"CITY CUSTODIAL ASSISTANT","47105.00"
"CITY CUSTODIAL ASSISTANT","42898.00"
"POLICE COMMUNICATIONS TECHNICIAN","61883.00"
"POLICE OFFICER","109352.00"
"POLICE OFFICER","60363.00"
"CITY CUSTODIAL ASSISTANT","42898.00"
"POLICE ADMINISTRATIVE AIDE","42288.00"
"POLICE OFFICER","55942.00"
"POLICE OFFICER","109352.00"
"POLICE OFFICER","109352.00"
"POLICE OFFICER","109352.00"
"POLICE OFFICER","59065.00"
"HOSTLER","54551.00"
"POLICE OFFICER","109352.00"
"SERGEANT-","105606.00"
"POLICE OFFICER","109352.00"
"POLICE OFFICER","109352.00"
"SERGEANT-","118056.00"
"P.O. DA DET GR3","119980.00"
"P.O. DA DET GR3","119314.00"
"POLICE OFFICER","65387.00"
"POLICE OFFICER","65387.00"
"ADMINISTRATIVE STAFF ANALYST","107627.00"
"POLICE OFFICER","109352.00"
"TRAFFIC ENFORCEMENT AGENT","48128.00"
"SERGEANT-","120600.00"
"POLICE OFFICER","109352.00"
"P.O. DA DET GR3","119980.00"
"TRAFFIC ENFORCEMENT AGENT","53985.00"
"POLICE OFFICER","55942.00"
"COMMUNITY ASSISTANT","43460.00"
"POLICE OFFICER","109352.00"
"POLICE OFFICER","109352.00"
"POLICE OFFICER","109352.00"
"SCHOOL SAFETY AGENT","56508.00"
"SCHOOL SAFETY AGENT","40502.00"
"COMMUNITY ASSISTANT","43460.00"
"POLICE OFFICER","59065.00"
"P.O. DA DET GR3","119980.00"
"*AGENCY ATTORNEY","136593.00"
"CERTIFIED IT ADMINISTRATOR","125498.00"
"SCHOOL SAFETY AGENT","56508.00"
"POLICE OFFICER","109352.00"
"P.O. DA DET GR3","119314.00"
"POLICE OFFICER","109352.00"
"POLICE OFFICER","109352.00"
"CERTIFIED IT ADMINISTRATOR","120470.00"
"COMPUTER SPECIALIST","109518.00"
"POLICE COMMUNICATIONS TECHNICIAN","61883.00"
"POLICE COMMUNICATIONS TECHNICIAN","61883.00"
"POLICE COMMUNICATIONS TECHNICIAN","61883.00"
"POLICE COMMUNICATIONS TECHNICIAN","61883.00"
"POLICE COMMUNICATIONS TECHNICIAN","61883.00"
"POLICE COMMUNICATIONS TECHNICIAN","61883.00"
"CRIMINALIST","95722.00"
"POLICE COMMUNICATIONS TECHNICIAN","61883.00"
"SUPERVISOR OF MECHANICS","140840.00"
"P.O. DA DET GR3","119248.00"
"BOOKKEEPER","67513.00"
"POLICE COMMUNICATIONS TECHNICIAN","61883.00"
"POLICE OFFICER","109352.00"
"POLICE OFFICER","109352.00"
"SUPERVISING POLICE COMMUNICATIONS TECHNICIAN","79705.00"
"POLICE COMMUNICATIONS TECHNICIAN","61883.00"
"POLICE OFFICER","109352.00"
"P.O. DA DET GR3","119248.00"
"CITY CUSTODIAL ASSISTANT","44981.00"
"POLICE OFFICER","109352.00"
"POLICE OFFICER","109352.00"
"SERGEANT-","118056.00"
"SCHOOL CROSSING GUARD","44533.00"
"POLICE OFFICER","109352.00"
"POLICE OFFICER","55942.00"
"CERTIFIED IT ADMINISTRATOR","109518.00"
"CERTIFIED IT ADMINISTRATOR","140132.00"
"STAFF ANALYST","80856.00"
"EXECUTIVE AGENCY COUNSEL","181191.00"
"CITY CUSTODIAL ASSISTANT","42898.00"
"SCHOOL SAFETY AGENT","40502.00"
"CITY CUSTODIAL ASSISTANT","41548.00"
"CITY CUSTODIAL ASSISTANT","42898.00"
"POLICE COMMUNICATIONS TECHNICIAN","58189.00"
"POLICE OFFICER","65387.00"
"CERTIFIED IT ADMINISTRATOR","109518.00"
"POLICE OFFICER","57976.00"
"P.O. DA DET GR3","119314.00"
"EVIDENCE AND PROPERTY CONTROL SPECIALIST","65303.00"
"POLICE OFFICER","109352.00"
"SCHOOL SAFETY AGENT","56508.00"
"SCHOOL SAFETY AGENT","56508.00"
"SCHOOL SAFETY AGENT","56508.00"
"SCHOOL SAFETY AGENT","56508.00"
"POLICE OFFICER","55942.00"
"POLICE OFFICER","109352.00"
"SCHOOL SAFETY AGENT","56508.00"
"SCHOOL SAFETY AGENT","56508.00"
"SCHOOL SAFETY AGENT","56508.00"
"SCHOOL SAFETY AGENT","56508.00"
"SCHOOL SAFETY AGENT","56508.00"
"SCHOOL SAFETY AGENT","53264.00"
"SCHOOL SAFETY AGENT","56508.00"
"SCHOOL SAFETY AGENT","56508.00"
"SCHOOL SAFETY AGENT","54862.00"
"SCHOOL SAFETY AGENT","56508.00"
"SCHOOL SAFETY AGENT","56508.00"
"SCHOOL SAFETY AGENT","56508.00"
"SCHOOL SAFETY AGENT","56508.00"
"SCHOOL SAFETY AGENT","56508.00"
"POLICE OFFICER","109352.00"
"POLICE OFFICER","109352.00"
"POLICE OFFICER","55942.00"
"EVIDENCE AND PROPERTY CONTROL SPECIALIST","65303.00"
"SCHOOL SAFETY AGENT","56508.00"
"SCHOOL SAFETY AGENT","56508.00"
"POLICE OFFICER","109352.00"
"SCHOOL SAFETY AGENT","56508.00"
"SCHOOL SAFETY AGENT","53264.00"
"SCHOOL SAFETY AGENT","56508.00"
"POLICE OFFICER","57976.00"
"SCHOOL SAFETY AGENT","56508.00"
"SCHOOL SAFETY AGENT","53264.00"
"SCHOOL SAFETY AGENT","56508.00"
"POLICE OFFICER","60363.00"
"SCHOOL SAFETY AGENT","56508.00"
"SCHOOL SAFETY AGENT","54862.00"
"SCHOOL SAFETY AGENT","56508.00"
"SCHOOL SAFETY AGENT","56508.00"
"POLICE OFFICER","109352.00"
"SCHOOL SAFETY AGENT","56508.00"
"SCHOOL SAFETY AGENT","56508.00"
"SCHOOL SAFETY AGENT","56508.00"
"SCHOOL SAFETY AGENT","56508.00"
"POLICE OFFICER","57976.00"
"POLICE OFFICER","109352.00"
"SCHOOL SAFETY AGENT","56508.00"
"SCHOOL SAFETY AGENT","56508.00"
"POLICE OFFICER","109352.00"
"EVIDENCE AND PROPERTY CONTROL SPECIALIST","65303.00"
"POLICE OFFICER","109352.00"
"POLICE OFFICER","109352.00"
"SCHOOL SAFETY AGENT","56508.00"
"POLICE OFFICER","109352.00"
"SCHOOL SAFETY AGENT","56508.00"
"SCHOOL SAFETY AGENT","41797.00"
"P.O. DA DET GR3","119314.00"
"POLICE OFFICER","55942.00"
"SCHOOL SAFETY AGENT","56508.00"
"POLICE COMMUNICATIONS TECHNICIAN","57805.00"
"POLICE OFFICER","65387.00"
"POLICE OFFICER","55942.00"
"POLICE OFFICER","109352.00"
"POLICE ADMINISTRATIVE AIDE","48631.00"
"TRAFFIC ENFORCEMENT AGENT","46726.00"
"TRAFFIC ENFORCEMENT AGENT","54875.00"
"POLICE OFFICER","60363.00"
"CRIMINALIST","110214.00"
"POLICE OFFICER","60363.00"
"TRAFFIC ENFORCEMENT AGENT","53985.00"
"TRAFFIC ENFORCEMENT AGENT","53985.00"
"POLICE OFFICER","109352.00"
"TRAFFIC ENFORCEMENT AGENT","53985.00"
"TRAFFIC ENFORCEMENT AGENT","53985.00"
"TRAFFIC ENFORCEMENT AGENT","53985.00"
"TRAFFIC ENFORCEMENT AGENT","52413.00"
"SENIOR POLICE ADMINISTRATIVE AIDE","58707.00"
"SCHOOL SAFETY AGENT","56508.00"
"TRAFFIC ENFORCEMENT AGENT","53985.00"
"TRAFFIC ENFORCEMENT AGENT","53985.00"
"POLICE OFFICER","109352.00"
"TRAFFIC ENFORCEMENT AGENT","53985.00"
"POLICE OFFICER","109352.00"
"EVIDENCE AND PROPERTY CONTROL SPECIALIST","65303.00"
"TRAFFIC ENFORCEMENT AGENT","53985.00"
"TRAFFIC ENFORCEMENT AGENT","53985.00"
"POLICE OFFICER","109352.00"
"TRAFFIC ENFORCEMENT AGENT","53985.00"
"POLICE OFFICER","109352.00"
"TRAFFIC ENFORCEMENT AGENT","53985.00"
"POLICE OFFICER","109352.00"
"POLICE OFFICER","109352.00"
"TRAFFIC ENFORCEMENT AGENT","50218.00"
"TRAFFIC ENFORCEMENT AGENT","53985.00"
"ASSOCIATE TRAFFIC ENFORCEMENT AGENT","57817.00"
"SERGEANT-","118056.00"
"POLICE OFFICER","57976.00"
"SERGEANT-","118056.00"
"TRAFFIC ENFORCEMENT AGENT","53985.00"
"TRAFFIC ENFORCEMENT AGENT","53985.00"
"ASSOCIATE TRAFFIC ENFORCEMENT AGENT","52911.00"
"TRAFFIC ENFORCEMENT AGENT","53985.00"
"ASSOCIATE TRAFFIC ENFORCEMENT AGENT","57817.00"
"EVIDENCE AND PROPERTY CONTROL SPECIALIST","67838.00"
"POLICE OFFICER","109352.00"
"ASSOCIATE TRAFFIC ENFORCEMENT AGENT","57817.00"
"POLICE OFFICER","109352.00"
"POLICE OFFICER","109352.00"
"ASSOCIATE TRAFFIC ENFORCEMENT AGENT","57817.00"
"POLICE OFFICER","109352.00"
"TRAFFIC ENFORCEMENT AGENT","53985.00"
"SERGEANT-","118056.00"
"EVIDENCE AND PROPERTY CONTROL SPECIALIST","65303.00"
"POLICE OFFICER","109352.00"
"POLICE OFFICER","55942.00"
"POLICE OFFICER","59065.00"
"POLICE OFFICER","109352.00"
"POLICE OFFICER","109352.00"
"POLICE ADMINISTRATIVE AIDE","48631.00"
"POLICE OFFICER","60363.00"
"POLICE OFFICER","57976.00"
"POLICE OFFICER","59065.00"
"POLICE OFFICER","55942.00"
"SUPERVISOR OF MECHANICS","140840.00"
"P.O. DA DET GR3","119248.00"
"POLICE OFFICER","59065.00"
"POLICE OFFICER","109352.00"
"POLICE OFFICER","109352.00"
"POLICE OFFICER","65387.00"
"POLICE OFFICER","60363.00"
"CRIME ANALYST","78647.00"
"POLICE ADMINISTRATIVE AIDE","48631.00"
"POLICE OFFICER","109352.00"
"POLICE ADMINISTRATIVE AIDE","48631.00"
"CITY CUSTODIAL ASSISTANT","49460.00"
"P.O. DA DET GR3","119980.00"
"TRAFFIC ENFORCEMENT AGENT","53985.00"
"POLICE OFFICER","65387.00"
"SCHOOL SAFETY AGENT","56508.00"
"SENIOR POLICE ADMINISTRATIVE AIDE","58707.00"
"CRIMINALIST","95722.00"
"POLICE OFFICER","109352.00"
"TRAFFIC ENFORCEMENT AGENT","53985.00"
"POLICE OFFICER","109352.00"
"HOSTLER","45729.00"
"SERGEANT-","105606.00"
"POLICE OFFICER","109352.00"
"AUTO BODY WORKER","73463.00"
"POLICE OFFICER","109352.00"
"POLICE OFFICER","65387.00"
"BOOKKEEPER","51265.00"
"COMPUTER SYSTEMS MANAGER","156323.00"
"SCHOOL SAFETY AGENT","56508.00"
"POLICE COMMUNICATIONS TECHNICIAN","61883.00"
"POLICE OFFICER","109352.00"
"POLICE COMMUNICATIONS TECHNICIAN","61883.00"
"SUPERVISING POLICE COMMUNICATIONS TECHNICIAN","79705.00"
"POLICE COMMUNICATIONS TECHNICIAN","61883.00"
"POLICE COMMUNICATIONS TECHNICIAN","61883.00"
"POLICE OFFICER","55942.00"
"POLICE OFFICER","109352.00"
"POLICE COMMUNICATIONS TECHNICIAN","61883.00"
"POLICE COMMUNICATIONS TECHNICIAN","61883.00"
"POLICE COMMUNICATIONS TECHNICIAN","61883.00"
"POLICE COMMUNICATIONS TECHNICIAN","61883.00"
"POLICE COMMUNICATIONS TECHNICIAN","61883.00"
"POLICE OFFICER","109352.00"
"POLICE COMMUNICATIONS TECHNICIAN","61883.00"
"SERGEANT-","118056.00"
"SERGEANT-","118056.00"
"POLICE OFFICER","109352.00"
"SERGEANT-","105606.00"
"POLICE OFFICER","109352.00"
"POLICE OFFICER","109352.00"
"P.O. DET SPEC","119248.00"
"POLICE OFFICER","109352.00"
"POLICE OFFICER","109352.00"
"POLICE OFFICER","109352.00"
"POLICE OFFICER","109352.00"
"P.O. DA DET GR3","119980.00"
"P.O. DET SPEC","119314.00"
"POLICE OFFICER","109352.00"
"POLICE OFFICER","109352.00"
"POLICE OFFICER","109352.00"
"POLICE OFFICER","109352.00"
"P.O. DA DET GR3","119980.00"
"POLICE OFFICER","109352.00"
"SERGEANT-","118056.00"
"POLICE OFFICER","109352.00"
"SERGEANT-","118056.00"
"POLICE OFFICER","109352.00"
"POLICE OFFICER","109352.00"
"POLICE OFFICER","109352.00"
"P.O. DA DET GR3","119980.00"
"POLICE OFFICER","109352.00"
"SERGEANT-","118056.00"
"SERGEANT-","105606.00"
"SERGEANT-","118056.00"
"POLICE OFFICER","109352.00"
"POLICE OFFICER","109352.00"
"POLICE OFFICER","109352.00"
"POLICE OFFICER","109352.00"
"P.O. DA DET GR3","119248.00"
"POLICE OFFICER","109352.00"
"POLICE OFFICER","109352.00"
"P.O. DA DET GR3","119980.00"
"P.O. DA DET GR3","119314.00"
"POLICE OFFICER","109352.00"
"SERGEANT-","118056.00"
"POLICE OFFICER","109352.00"
"POLICE OFFICER","109352.00"
"P.O. DA DET GR3","119314.00"
"POLICE OFFICER","109352.00"
"P.O. DA DET GR3","119429.00"
"POLICE OFFICER D/A DETECTIVE 2ND GR","134819.00"
"POLICE OFFICER","109352.00"
"POLICE OFFICER","109352.00"
"P.O. DA DET GR3","119429.00"
"POLICE OFFICER","109352.00"
"POLICE OFFICER","109352.00"
"P.O. DA DET GR3","119980.00"
"POLICE OFFICER","109352.00"
"P.O. DA DET GR3","119980.00"
"P.O. DET SPEC","119248.00"
"POLICE OFFICER","109352.00"
"POLICE OFFICER","109352.00"
"POLICE OFFICER","109352.00"
"POLICE OFFICER","109352.00"
"POLICE OFFICER","109352.00"
"POLICE OFFICER","109352.00"
"POLICE OFFICER","109352.00"
"POLICE OFFICER","109352.00"
"SERGEANT-","118056.00"
"SERGEANT-","118056.00"
"POLICE OFFICER","109352.00"
"POLICE OFFICER","109352.00"
"POLICE OFFICER","109352.00"
"POLICE OFFICER","109352.00"
"POLICE OFFICER","109352.00"
"P.O. DET SPEC","119248.00"
"P.O. DA DET GR3","119314.00"
"POLICE OFFICER","109352.00"
"POLICE OFFICER","109352.00"
"POLICE OFFICER","109352.00"
"POLICE OFFICER","109352.00"
"P.O. DA DET GR3","119314.00"
"POLICE OFFICER","109352.00"
"P.O. DA DET GR3","119980.00"
"POLICE OFFICER","109352.00"
"POLICE OFFICER","109352.00"
"P.O. DA DET GR3","119314.00"
"P.O. DA DET GR3","119429.00"
"P.O. DA DET GR3","119980.00"
"POLICE OFFICER","109352.00"
"POLICE OFFICER","109352.00"
"SERGEANT-","105606.00"
"POLICE OFFICER","109352.00"
"POLICE OFFICER","109352.00"
"POLICE OFFICER","109352.00"
"SERGEANT-","118056.00"
"SERGEANT-","118056.00"
"POLICE OFFICER","109352.00"
"P.O. DA DET GR3","119429.00"
"POLICE OFFICER","109352.00"
"SERGEANT-","118056.00"
"POLICE OFFICER","109352.00"
"P.O. DA DET GR3","119980.00"
"P.O. DET SPEC","119314.00"
"POLICE OFFICER","109352.00"
"POLICE OFFICER","109352.00"
"POLICE OFFICER","109352.00"
"SERGEANT-","118056.00"
"POLICE OFFICER","109352.00"
"P.O. DET SPEC","119314.00"
"POLICE OFFICER","109352.00"
"P.O. DA DET GR3","119248.00"
"POLICE OFFICER","109352.00"
"POLICE OFFICER","109352.00"
"POLICE OFFICER","105146.00"
"POLICE OFFICER","109352.00"
"POLICE OFFICER","109352.00"
"POLICE OFFICER","109352.00"
"POLICE OFFICER","109352.00"
"SERGEANT-","118056.00"
"P.O. DA DET GR3","119980.00"
"SERGEANT-","118056.00"
"POLICE OFFICER","109352.00"
"POLICE OFFICER","109352.00"
"P.O. DA DET GR3","111056.00"
"POLICE OFFICER","109352.00"
"P.O. DA DET GR3","119980.00"
"POLICE OFFICER","109352.00"
"P.O. DA DET GR3","119314.00"
"POLICE OFFICER","109352.00"
"POLICE OFFICER","109352.00"
"POLICE OFFICER","109352.00"
"POLICE OFFICER","109352.00"
"SERGEANT-","118056.00"
"POLICE OFFICER","109352.00"
"P.O. DA DET GR3","119248.00"
"P.O. DA DET GR3","119248.00"
"POLICE OFFICER","109352.00"
"POLICE OFFICER","109352.00"
"POLICE OFFICER","109352.00"
"P.O. DA DET GR3","119314.00"
"POLICE OFFICER","109352.00"
"SERGEANT-","118056.00"
"P.O. DA DET GR3","119980.00"
"P.O. DA DET GR3","119980.00"
"SERGEANT-","118056.00"
"SERGEANT-","118056.00"
"SERGEANT-","118056.00"
"SERGEANT-","118056.00"
"POLICE OFFICER","109352.00"
"P.O. DA DET GR3","119314.00"
"SERGEANT-","118056.00"
"SERGEANT-","118056.00"
"P.O. DA DET GR3","119980.00"
"POLICE OFFICER","109352.00"
"P.O. DET SPEC","119314.00"
"SERGEANT-","118056.00"
"P.O. DA DET GR3","119314.00"
"POLICE OFFICER","109352.00"
"SERGEANT-","105606.00"
"P.O. DET SPEC","119248.00"
"POLICE OFFICER","109352.00"
"POLICE OFFICER","109352.00"
"P.O. DA DET GR3","119248.00"
"P.O. DA DET GR3","119314.00"
"POLICE OFFICER","109352.00"
"P.O. DA DET GR3","119314.00"
"P.O. DET SPEC","119980.00"
"SERGEANT-","105606.00"
"P.O. DA DET GR3","119980.00"
"P.O. DA DET GR3","119429.00"
"DEPUTY CHIEF SURGEON","180242.00"
"FITNESS INSTRUCTOR","75448.00"
"AUTOMOTIVE SERVICE WORKER","61233.00"
"DIRECTOR","170770.00"
"MOTOR VEHICLE OPERATOR","58020.00"
"SCHOOL SAFETY AGENT","56508.00"
"POLICE OFFICER","60363.00"
"SENIOR POLICE ADMINISTRATIVE AIDE","58707.00"
"POLICE OFFICER","109352.00"
"POLICE OFFICER","109352.00"
"POLICE OFFICER","109352.00"
"FITNESS INSTRUCTOR","75448.00"
"P.O. DA DET GR3","111488.00"
"POLICE OFFICER","60363.00"
"POLICE OFFICER","55942.00"
"P.O. DET SPEC","115923.00"
"DEPUTY CHIEF SURGEON","184441.00"
"POLICE OFFICER","109352.00"
"EVIDENCE AND PROPERTY CONTROL SPECIALIST","65303.00"
"ASSOCIATE FINGERPRINT TECHNICIAN","54932.00"
"POLICE ADMINISTRATIVE AIDE","47100.00"
"POLICE OFFICER","109352.00"
"FITNESS INSTRUCTOR","61730.00"
"POLICE OFFICER","65387.00"
"POLICE OFFICER","109352.00"
"POLICE OFFICER","55942.00"
"POLICE OFFICER","109352.00"
"POLICE OFFICER","65387.00"
"POLICE OFFICER","109352.00"
"POLICE OFFICER","109352.00"
"POLICE OFFICER","109352.00"
"POLICE OFFICER","109352.00"
"POLICE OFFICER","109352.00"
"TRAFFIC ENFORCEMENT AGENT","47185.00"
"SERGEANT-","118056.00"
"P.O. DA DET GR3","119248.00"
"POLICE OFFICER","109352.00"
"CRIME ANALYST","63667.00"
"P.O. DA DET GR3","119980.00"
"P.O. DA DET GR3","119314.00"
"POLICE OFFICER","109352.00"
"POLICE OFFICER","109352.00"
"POLICE OFFICER","55942.00"
"SENIOR POLICE ADMINISTRATIVE AIDE","58707.00"
"SCHOOL CROSSING GUARD","44533.00"
"POLICE OFFICER","57976.00"
"POLICE OFFICER","109352.00"
"POLICE ADMINISTRATIVE AIDE","48631.00"
"P.O. DA DET GR3","119314.00"
"SUPERVISING POLICE COMMUNICATIONS TECHNICIAN","69898.00"
"POLICE OFFICER","109352.00"
"SCHOOL SAFETY AGENT","39206.00"
"SCHOOL SAFETY AGENT","56508.00"
"TRAFFIC ENFORCEMENT AGENT","53985.00"
"POLICE OFFICER","60363.00"
"P.O. DA DET GR3","119248.00"
"POLICE OFFICER","109352.00"
"POLICE OFFICER","109352.00"
"POLICE OFFICER","109352.00"
"POLICE ADMINISTRATIVE AIDE","48631.00"
"SERGEANT-","96281.00"
"P.O. DA DET GR3","115390.00"
"SCHOOL SAFETY AGENT","56508.00"
"SCHOOL SAFETY AGENT","56508.00"
"POLICE OFFICER","109352.00"
"POLICE OFFICER","109352.00"
"SCHOOL SAFETY AGENT","56508.00"
"SCHOOL SAFETY AGENT","56508.00"
"MOTOR VEHICLE SUPERVISOR","72287.00"
"SUPERVISING POLICE COMMUNICATIONS TECHNICIAN","69898.00"
"POLICE OFFICER","109352.00"
"SCHOOL SAFETY AGENT","56508.00"
"POLICE COMMUNICATIONS TECHNICIAN","61883.00"
"P.O. DET SPEC","119248.00"
"POLICE OFFICER","109352.00"
"POLICE OFFICER","65387.00"
"COMMUNITY ASSISTANT","43460.00"
"SCHOOL SAFETY AGENT","56508.00"
"SCHOOL SAFETY AGENT","53264.00"
"SCHOOL SAFETY AGENT","56508.00"
"MOTOR VEHICLE SUPERVISOR","72287.00"
"POLICE OFFICER","109352.00"
"POLICE OFFICER","109352.00"
"SCHOOL SAFETY AGENT","56508.00"
"SUPERVISOR OF RADIO REPAIR OPERATIONS","142273.00"
"STOCK WORKER","51390.00"
"CRIMINALIST","95722.00"
"POLICE ADMINISTRATIVE AIDE","48631.00"
"CITY RESEARCH SCIENTIST","87743.00"
"COMPUTER SPECIALIST","95235.00"
"POLICE OFFICER","109352.00"
"SCHOOL SAFETY AGENT","56508.00"
"TRAFFIC ENFORCEMENT AGENT","53985.00"
"TRAFFIC ENFORCEMENT AGENT","47835.00"
"POLICE ADMINISTRATIVE AIDE","48631.00"
"POLICE OFFICER","55942.00"
"SCHOOL SAFETY AGENT","40502.00"
"POLICE COMMUNICATIONS TECHNICIAN","58189.00"
"POLICE OFFICER","57976.00"
"POLICE ADMINISTRATIVE AIDE","48631.00"
"POLICE OFFICER","109352.00"
"POLICE OFFICER","109352.00"
"POLICE OFFICER","55942.00"
"POLICE OFFICER","57976.00"
"SENIOR POLICE ADMINISTRATIVE AIDE","60038.00"
"POLICE ADMINISTRATIVE AIDE","48631.00"
"POLICE ADMINISTRATIVE AIDE","58824.00"
"SENIOR POLICE ADMINISTRATIVE AIDE","58707.00"
"SENIOR POLICE ADMINISTRATIVE AIDE","61055.00"
"SENIOR POLICE ADMINISTRATIVE AIDE","58707.00"
"POLICE ADMINISTRATIVE AIDE","52522.00"
"SENIOR POLICE ADMINISTRATIVE AIDE","58707.00"
"POLICE ADMINISTRATIVE AIDE","51492.00"
"SENIOR POLICE ADMINISTRATIVE AIDE","58707.00"
"POLICE ADMINISTRATIVE AIDE","48631.00"
"SENIOR POLICE ADMINISTRATIVE AIDE","58707.00"
"POLICE ADMINISTRATIVE AIDE","48631.00"
"SENIOR POLICE ADMINISTRATIVE AIDE","58707.00"
"SENIOR POLICE ADMINISTRATIVE AIDE","58707.00"
"POLICE OFFICER","109352.00"
"POLICE OFFICER","109352.00"
"POLICE OFFICER","109352.00"
"POLICE OFFICER","109352.00"
"P.O. DET SPEC","119248.00"
"P.O. DA DET GR3","119980.00"
"POLICE OFFICER","109352.00"
"SERGEANT-","118056.00"
"POLICE OFFICER","109352.00"
"POLICE OFFICER","109352.00"
"POLICE OFFICER","109352.00"
"P.O. DA DET GR3","119980.00"
"POLICE OFFICER","109352.00"
"POLICE OFFICER","109352.00"
"POLICE OFFICER","109352.00"
"POLICE OFFICER","109352.00"
"POLICE OFFICER","109352.00"
"POLICE OFFICER","109352.00"
"P.O. DA DET GR3","119248.00"
"POLICE OFFICER","109352.00"
"SERGEANT-","105606.00"
"P.O. DA DET GR3","119980.00"
"POLICE OFFICER","109352.00"
"POLICE OFFICER","109352.00"
"POLICE OFFICER","109352.00"
"SERGEANT-","118056.00"
"SERGEANT-","118056.00"
"POLICE OFFICER","109352.00"
"POLICE OFFICER","109352.00"
"SERGEANT-","118056.00"
"SERGEANT-","105606.00"
"POLICE OFFICER","109352.00"
"P.O. DA DET GR3","119980.00"
"POLICE OFFICER","109352.00"
"POLICE OFFICER","109352.00"
"SERGEANT-","118056.00"
"POLICE OFFICER","109352.00"
"SERGEANT-","118056.00"
"POLICE OFFICER","109352.00"
"POLICE OFFICER","109352.00"
"POLICE OFFICER","109352.00"
"POLICE OFFICER","109352.00"
"POLICE OFFICER D/A DETECTIVE 2ND GR","134819.00"
"SERGEANT-","118056.00"
"POLICE OFFICER","109352.00"
"POLICE OFFICER","109352.00"
"POLICE OFFICER","109352.00"
"POLICE OFFICER","109352.00"
"SERGEANT-","118056.00"
"POLICE OFFICER","109352.00"
"P.O. DA DET GR3","119429.00"
"POLICE OFFICER","109352.00"
"POLICE OFFICER","109352.00"
"POLICE OFFICER","109352.00"
"POLICE OFFICER","109352.00"
"POLICE OFFICER","109352.00"
"POLICE OFFICER","109352.00"
"POLICE OFFICER","109352.00"
"POLICE OFFICER","109352.00"
"POLICE OFFICER","109352.00"
"POLICE OFFICER","109352.00"
"SERGEANT-","118056.00"
"POLICE OFFICER","109352.00"
"POLICE OFFICER","109352.00"
"POLICE OFFICER","109352.00"
"POLICE OFFICER","109352.00"
"P.O. DA DET GR3","119248.00"
"POLICE OFFICER","109352.00"
"POLICE OFFICER","109352.00"
"POLICE OFFICER","109352.00"
"POLICE OFFICER","109352.00"
"SERGEANT-","118056.00"
"POLICE OFFICER","109352.00"
"POLICE OFFICER","109352.00"
"POLICE OFFICER","109352.00"
"POLICE OFFICER","109352.00"
"POLICE OFFICER","109352.00"
"POLICE OFFICER","109352.00"
"POLICE OFFICER","109352.00"
"POLICE OFFICER","64124.00"
"SERGEANT-","118056.00"
"POLICE OFFICER","109352.00"
"POLICE OFFICER","109352.00"
"POLICE OFFICER","109352.00"
"POLICE OFFICER","109352.00"
"POLICE OFFICER","109352.00"
"POLICE OFFICER","109352.00"
"P.O. DA DET GR3","119429.00"
"POLICE OFFICER","109352.00"
"POLICE OFFICER","109352.00"
"POLICE OFFICER","109352.00"
"SERGEANT-","118056.00"
"POLICE OFFICER","109352.00"
"P.O. DA DET GR3","119980.00"
"POLICE OFFICER","109352.00"
"P.O. DA DET GR3","119429.00"
"P.O. DA DET GR3","119314.00"
"POLICE OFFICER","109352.00"
"POLICE OFFICER","109352.00"
"POLICE OFFICER","109352.00"
"P.O. DA DET GR3","119314.00"
"POLICE OFFICER","109352.00"
"POLICE OFFICER","109352.00"
"POLICE OFFICER","109352.00"
"POLICE OFFICER","109352.00"
"SERGEANT-","118056.00"
"POLICE OFFICER","109352.00"
"POLICE OFFICER","109352.00"
"POLICE OFFICER","109352.00"
"POLICE OFFICER","109352.00"
"POLICE OFFICER","109352.00"
"SENIOR POLICE ADMINISTRATIVE AIDE","58707.00"
"POLICE ADMINISTRATIVE AIDE","55087.00"
"SENIOR POLICE ADMINISTRATIVE AIDE","58707.00"
"ASSOCIATE STAFF ANALYST","91394.00"
"POLICE OFFICER","109352.00"
"SENIOR POLICE ADMINISTRATIVE AIDE","58707.00"
"SENIOR POLICE ADMINISTRATIVE AIDE","58707.00"
"SENIOR POLICE ADMINISTRATIVE AIDE","58707.00"
"SENIOR POLICE ADMINISTRATIVE AIDE","59250.00"
"POLICE ADMINISTRATIVE AIDE","52297.00"
"POLICE ADMINISTRATIVE AIDE","51550.00"
"SENIOR POLICE ADMINISTRATIVE AIDE","58707.00"
"POLICE OFFICER","109352.00"
"SENIOR POLICE ADMINISTRATIVE AIDE","58707.00"
"POLICE OFFICER","65387.00"
"SENIOR POLICE ADMINISTRATIVE AIDE","58707.00"
"SENIOR POLICE ADMINISTRATIVE AIDE","58707.00"
"SENIOR POLICE ADMINISTRATIVE AIDE","58707.00"
"POLICE OFFICER","109352.00"
"POLICE OFFICER","109352.00"
"SENIOR POLICE ADMINISTRATIVE AIDE","58707.00"
"POLICE COMMUNICATIONS TECHNICIAN","57805.00"
"POLICE ADMINISTRATIVE AIDE","57774.00"
"SCHOOL SAFETY AGENT","56508.00"
"INTELLIGENCE RESEARCH SPECIALIST-PD","116260.00"
"POLICE OFFICER","60363.00"
"SUPERVISOR OF RADIO REPAIR OPERATIONS","142273.00"
"POLICE OFFICER","109352.00"
"SCHOOL SAFETY AGENT","56508.00"
"SCHOOL SAFETY AGENT","56508.00"
"POLICE OFFICER","109352.00"
"P.O. DA DET GR3","119248.00"
"POLICE OFFICER","109352.00"
"SCHOOL SAFETY AGENT","56508.00"
"SCHOOL SAFETY AGENT","56508.00"
"SCHOOL SAFETY AGENT","56508.00"
"SERGEANT-","118056.00"
"SCHOOL SAFETY AGENT","56508.00"
"POLICE OFFICER","109352.00"
"SCHOOL SAFETY AGENT","56508.00"
"POLICE OFFICER","109352.00"
"POLICE OFFICER","65387.00"
"SCHOOL SAFETY AGENT","56508.00"
"SCHOOL SAFETY AGENT","56508.00"
"POLICE OFFICER","109352.00"
"POLICE OFFICER","109352.00"
"POLICE OFFICER","55942.00"
"SCHOOL SAFETY AGENT","56508.00"
"SERGEANT-","118056.00"
"EVIDENCE AND PROPERTY CONTROL SPECIALIST","65303.00"
"SCHOOL SAFETY AGENT","56508.00"
"P.O. DA DET GR3","119429.00"
"SCHOOL SAFETY AGENT","56508.00"
"POLICE OFFICER","109352.00"
"SCHOOL SAFETY AGENT","56508.00"
"POLICE OFFICER","109352.00"
"POLICE OFFICER","60363.00"
"SCHOOL SAFETY AGENT","56508.00"
"POLICE COMMUNICATIONS TECHNICIAN","61883.00"
"POLICE OFFICER","109352.00"
"SCHOOL SAFETY AGENT","56508.00"
"POLICE OFFICER","109352.00"
"SCHOOL SAFETY AGENT","56508.00"
"SCHOOL SAFETY AGENT","56508.00"
"POLICE OFFICER","109352.00"
"SCHOOL SAFETY AGENT","56508.00"
"SCHOOL SAFETY AGENT","56508.00"
"POLICE OFFICER","109352.00"
"SENIOR POLICE ADMINISTRATIVE AIDE","58707.00"
"SCHOOL SAFETY AGENT","56508.00"
"SCHOOL SAFETY AGENT","56508.00"
"SCHOOL SAFETY AGENT","53264.00"
"POLICE OFFICER","65387.00"
"POLICE OFFICER","109352.00"
"SCHOOL SAFETY AGENT","56508.00"
"POLICE OFFICER","109352.00"
"POLICE OFFICER","109352.00"
"SCHOOL SAFETY AGENT","56508.00"
"SCHOOL SAFETY AGENT","56508.00"
"POLICE OFFICER","109352.00"
"POLICE OFFICER","109352.00"
"SENIOR POLICE ADMINISTRATIVE AIDE","58707.00"
"STAFF ANALYST","63722.00"
"POLICE OFFICER","109352.00"
"TRAFFIC ENFORCEMENT AGENT","49205.00"
"POLICE COMMUNICATIONS TECHNICIAN","61883.00"
"CITY RESEARCH SCIENTIST","120295.00"
"POLICE OFFICER","109352.00"
"TRAFFIC ENFORCEMENT AGENT","48769.00"
"PROCUREMENT ANALYST","103163.00"
"POLICE OFFICER","60363.00"
"SCHOOL CROSSING GUARD","44533.00"
"POLICE OFFICER","59065.00"
"POLICE OFFICER","109352.00"
"POLICE OFFICER","55942.00"
"CITY CUSTODIAL ASSISTANT","42898.00"
"POLICE OFFICER","65387.00"
"FINGERPRINT TECHNICIAN TRAINEE","39424.00"
"ASSISTANT ARCHITECT","93501.00"
"SCHOOL SAFETY AGENT","56508.00"
"EVIDENCE AND PROPERTY CONTROL SPECIALIST","65303.00"
"POLICE OFFICER","109352.00"
"TRAFFIC ENFORCEMENT AGENT","53985.00"
"POLICE COMMUNICATIONS TECHNICIAN","61883.00"
"POLICE COMMUNICATIONS TECHNICIAN","61883.00"
"POLICE COMMUNICATIONS TECHNICIAN","61883.00"
"POLICE OFFICER","59065.00"
"POLICE COMMUNICATIONS TECHNICIAN","61883.00"
"POLICE COMMUNICATIONS TECHNICIAN","61883.00"
"POLICE COMMUNICATIONS TECHNICIAN","61883.00"
"POLICE COMMUNICATIONS TECHNICIAN","61883.00"
"POLICE COMMUNICATIONS TECHNICIAN","61883.00"
"ASSOCIATE STAFF ANALYST","100533.00"
"POLICE OFFICER","109352.00"
"AGENCY ATTORNEY","106404.00"
"CITY CUSTODIAL ASSISTANT","42898.00"
"SCHOOL SAFETY AGENT","56508.00"
"STAFF ANALYST","69631.00"
"SCHOOL SAFETY AGENT","56508.00"
"SCHOOL SAFETY AGENT","56508.00"
"ADMIN COMMUNITY RELATIONS SPECIALIST","106090.00"
"SERGEANT-","105606.00"
"PARALEGAL AIDE","50265.00"
"POLICE ATTENDANT","49688.00"
"POLICE OFFICER","60363.00"
"EVIDENCE AND PROPERTY CONTROL SPECIALIST","65303.00"
"TRAFFIC ENFORCEMENT AGENT","53985.00"
"POLICE OFFICER","55942.00"
"POLICE OFFICER","109352.00"
"POLICE OFFICER","55942.00"
"POLICE OFFICER","109352.00"
"POLICE OFFICER","109352.00"
"POLICE OFFICER","59065.00"
"POLICE OFFICER","60363.00"
"POLICE OFFICER","109352.00"
"TRAFFIC ENFORCEMENT AGENT","49830.00"
"POLICE OFFICER","109352.00"
"ASSOCIATE TRAFFIC ENFORCEMENT AGENT","57817.00"
"ASSOCIATE TRAFFIC ENFORCEMENT AGENT","57817.00"
"POLICE OFFICER","109352.00"
"POLICE OFFICER","109352.00"
"TRAFFIC ENFORCEMENT AGENT","48379.00"
"POLICE OFFICER","109352.00"
"TRAFFIC ENFORCEMENT AGENT","48379.00"
"TRAFFIC ENFORCEMENT AGENT","53985.00"
"POLICE OFFICER","60363.00"
"POLICE OFFICER","109352.00"
"TRAFFIC ENFORCEMENT AGENT","53985.00"
"POLICE OFFICER","109352.00"
"POLICE OFFICER","109352.00"
"TRAFFIC ENFORCEMENT AGENT","53985.00"
"TRAFFIC ENFORCEMENT AGENT","53985.00"
"PROCUREMENT ANALYST","65976.00"
"TRAFFIC ENFORCEMENT AGENT","53985.00"
"TRAFFIC ENFORCEMENT AGENT","53985.00"
"TRAFFIC ENFORCEMENT AGENT","53985.00"
"TRAFFIC ENFORCEMENT AGENT","53985.00"
"ASSOCIATE TRAFFIC ENFORCEMENT AGENT","57817.00"
"POLICE OFFICER","109352.00"
"TRAFFIC ENFORCEMENT AGENT","42377.00"
"POLICE OFFICER","109352.00"
"SCHOOL SAFETY AGENT","56508.00"
"ASSOCIATE TRAFFIC ENFORCEMENT AGENT","57817.00"
"ASSOCIATE TRAFFIC ENFORCEMENT AGENT","57817.00"
"POLICE OFFICER","109352.00"
"TRAFFIC ENFORCEMENT AGENT","53985.00"
"TRAFFIC ENFORCEMENT AGENT","53985.00"
"SCHOOL SAFETY AGENT","44388.00"
"TRAFFIC ENFORCEMENT AGENT","53985.00"
"TRAFFIC ENFORCEMENT AGENT","53985.00"
"POLICE OFFICER","57976.00"
"POLICE OFFICER","109352.00"
"POLICE ADMINISTRATIVE AIDE","48631.00"
"CRIMINALIST","74208.00"
"POLICE OFFICER","60363.00"
"POLICE OFFICER","60363.00"
"P.O. DA DET GR3","119314.00"
"POLICE OFFICER","109352.00"
"ADMINISTRATIVE PUBLIC INFORMATION SPECIALIST NM FORMER M1/M2","66948.00"
"POLICE OFFICER","109352.00"
"P.O. DA DET GR3","119314.00"
"POLICE OFFICER","65387.00"
"POLICE OFFICER","109352.00"
"POLICE OFFICER","60363.00"
"POLICE OFFICER","109352.00"
"TRAFFIC ENFORCEMENT AGENT","53985.00"
"POLICE OFFICER","55942.00"
"POLICE OFFICER","109352.00"
"POLICE OFFICER","57976.00"
"CRIME ANALYST","93627.00"
"POLICE OFFICER","57976.00"
"POLICE ADMINISTRATIVE AIDE","48631.00"
"COMPUTER SPECIALIST","109518.00"
"POLICE OFFICER","59065.00"
"POLICE OFFICER","60363.00"
"POLICE OFFICER","109352.00"
"SENIOR POLICE ADMINISTRATIVE AIDE","56859.00"
"SENIOR POLICE ADMINISTRATIVE AIDE","58707.00"
"SENIOR POLICE ADMINISTRATIVE AIDE","63404.00"
"POLICE COMMUNICATIONS TECHNICIAN","61883.00"
"POLICE OFFICER","59065.00"
"POLICE OFFICER","60363.00"
"POLICE OFFICER","59065.00"
"POLICE OFFICER","59065.00"
"SENIOR POLICE ADMINISTRATIVE AIDE","58707.00"
"SENIOR POLICE ADMINISTRATIVE AIDE","56859.00"
"SENIOR POLICE ADMINISTRATIVE AIDE","58707.00"
"SENIOR POLICE ADMINISTRATIVE AIDE","60921.00"
"SENIOR POLICE ADMINISTRATIVE AIDE","58707.00"
"SENIOR POLICE ADMINISTRATIVE AIDE","58707.00"
"SENIOR POLICE ADMINISTRATIVE AIDE","58707.00"
"SENIOR POLICE ADMINISTRATIVE AIDE","58707.00"
"SENIOR POLICE ADMINISTRATIVE AIDE","58707.00"
"SENIOR POLICE ADMINISTRATIVE AIDE","58707.00"
"POLICE OFFICER","55942.00"
"POLICE ADMINISTRATIVE AIDE","48631.00"
"SENIOR POLICE ADMINISTRATIVE AIDE","58707.00"
"POLICE ADMINISTRATIVE AIDE","52521.00"
"POLICE OFFICER","65387.00"
"SENIOR POLICE ADMINISTRATIVE AIDE","58707.00"
"SCHOOL CROSSING GUARD","43131.00"
"POLICE COMMUNICATIONS TECHNICIAN","61883.00"
"POLICE COMMUNICATIONS TECHNICIAN","61883.00"
"POLICE OFFICER","109352.00"
"POLICE OFFICER","55942.00"
"POLICE OFFICER","109352.00"
"SENIOR POLICE ADMINISTRATIVE AIDE","58707.00"
"SERGEANT-","96017.00"
"POLICE OFFICER","109352.00"
"POLICE OFFICER","109352.00"
"POLICE OFFICER","109352.00"
"POLICE OFFICER","109352.00"
"POLICE OFFICER","109352.00"
"POLICE OFFICER","109352.00"
"POLICE OFFICER","109352.00"
"POLICE OFFICER","109352.00"
"POLICE OFFICER","109352.00"
"POLICE OFFICER","109352.00"
"POLICE OFFICER","109352.00"
"POLICE OFFICER","109352.00"
"POLICE OFFICER","109352.00"
"POLICE OFFICER","109352.00"
"POLICE OFFICER","109352.00"
"POLICE OFFICER","109352.00"
"P.O. DA DET GR3","119248.00"
"POLICE OFFICER","109352.00"
"POLICE OFFICER","109352.00"
"POLICE OFFICER","109352.00"
"TRAFFIC ENFORCEMENT AGENT","47185.00"
"POLICE OFFICER","109352.00"
"POLICE OFFICER","109352.00"
"POLICE OFFICER","109352.00"
"POLICE OFFICER","109352.00"
"POLICE OFFICER","109352.00"
"P.O. DA DET GR3","119429.00"
"SERGEANT-","118056.00"
"POLICE OFFICER","109352.00"
"POLICE OFFICER","109352.00"
"POLICE OFFICER","109352.00"
"POLICE OFFICER","109352.00"
"POLICE OFFICER","109352.00"
"POLICE OFFICER","109352.00"
"POLICE OFFICER","109352.00"
"POLICE OFFICER","109352.00"
"POLICE OFFICER","109352.00"
"POLICE OFFICER","109352.00"
"POLICE OFFICER","59065.00"
"POLICE OFFICER","109352.00"
"P.O. DA DET GR3","119248.00"
"POLICE OFFICER","109352.00"
"POLICE OFFICER","57976.00"
"POLICE OFFICER","109352.00"
"POLICE OFFICER","109352.00"
"POLICE OFFICER","109352.00"
"POLICE COMMUNICATIONS TECHNICIAN","54305.00"
"POLICE OFFICER","109352.00"
"POLICE OFFICER","109352.00"
"POLICE OFFICER","109352.00"
"POLICE OFFICER","109352.00"
"POLICE OFFICER","109352.00"
"POLICE OFFICER","109352.00"
"POLICE OFFICER","109352.00"
"POLICE OFFICER","109352.00"
"POLICE OFFICER","55942.00"
"EVIDENCE AND PROPERTY CONTROL SPECIALIST","65303.00"
"POLICE OFFICER","109352.00"
"POLICE OFFICER","109352.00"
"POLICE OFFICER","109352.00"
"EVIDENCE AND PROPERTY CONTROL SPECIALIST","65303.00"
"POLICE OFFICER","55942.00"
"POLICE OFFICER","109352.00"
"POLICE OFFICER","109352.00"
"POLICE OFFICER","109352.00"
"POLICE OFFICER","109352.00"
"POLICE OFFICER","109352.00"
"POLICE OFFICER","109352.00"
"POLICE OFFICER","109352.00"
"POLICE OFFICER","109352.00"
"POLICE OFFICER","65387.00"
"POLICE ADMINISTRATIVE AIDE","57239.00"
"P.O. DET SPEC","119248.00"
"POLICE OFFICER","109352.00"
"POLICE OFFICER","109352.00"
"POLICE OFFICER","55942.00"
"SCHOOL SAFETY AGENT","56508.00"
"POLICE OFFICER","109352.00"
"POLICE OFFICER","57976.00"
"SCHOOL SAFETY AGENT","36955.00"
"POLICE COMMUNICATIONS TECHNICIAN","61883.00"
"POLICE OFFICER","109352.00"
"POLICE OFFICER","109352.00"
"POLICE OFFICER","105146.00"
"POLICE OFFICER","109352.00"
"P.O. DA DET GR3","119248.00"
"SERGEANT-","118056.00"
"POLICE OFFICER","109352.00"
"POLICE OFFICER","109352.00"
"POLICE OFFICER","109352.00"
"SERGEANT-","118056.00"
"POLICE OFFICER","109352.00"
"POLICE OFFICER","109352.00"
"POLICE OFFICER","109352.00"
"POLICE OFFICER","109352.00"
"POLICE OFFICER","109352.00"
"POLICE OFFICER","109352.00"
"POLICE OFFICER","109352.00"
"POLICE OFFICER","65387.00"
"POLICE OFFICER","109352.00"
"POLICE OFFICER","109352.00"
"POLICE OFFICER","109352.00"
"POLICE OFFICER","109352.00"
"POLICE OFFICER","109352.00"
"P.O. DA DET GR3","119248.00"
"POLICE OFFICER","109352.00"
"POLICE OFFICER","109352.00"
"SERGEANT-","109651.00"
"POLICE OFFICER","109352.00"
"POLICE OFFICER","109352.00"
"SERGEANT-","118056.00"
"POLICE OFFICER","109352.00"
"POLICE OFFICER","109352.00"
"POLICE OFFICER","109352.00"
"POLICE OFFICER","109352.00"
"POLICE OFFICER","109352.00"
"POLICE OFFICER","109352.00"
"POLICE OFFICER","109352.00"
"POLICE OFFICER","109352.00"
"POLICE OFFICER","109352.00"
"POLICE OFFICER","109352.00"
"POLICE OFFICER","65387.00"
"POLICE OFFICER","109352.00"
"SERGEANT-","118056.00"
"POLICE OFFICER","109352.00"
"SERGEANT-","118056.00"
"POLICE OFFICER","109352.00"
"POLICE OFFICER","109352.00"
"POLICE OFFICER","109352.00"
"POLICE OFFICER","109352.00"
"POLICE OFFICER","109352.00"
"SERGEANT-","118056.00"
"POLICE OFFICER","109352.00"
"P.O. DA DET GR3","119429.00"
"POLICE OFFICER","65387.00"
"P.O. DA DET GR3","119248.00"
"POLICE OFFICER","109352.00"
"POLICE OFFICER","109352.00"
"POLICE OFFICER","109352.00"
"POLICE OFFICER","109352.00"
"POLICE OFFICER","109352.00"
"POLICE OFFICER","109352.00"
"SERGEANT-","105606.00"
"POLICE OFFICER","109352.00"
"POLICE OFFICER","109352.00"
"POLICE OFFICER","109352.00"
"POLICE OFFICER","109352.00"
"P.O. DA DET GR3","119248.00"
"POLICE OFFICER","109352.00"
"SERGEANT-","118056.00"
"SERGEANT-","118056.00"
"POLICE OFFICER","109352.00"
"POLICE OFFICER","109352.00"
"POLICE OFFICER","109352.00"
"POLICE OFFICER","109352.00"
"P.O. DA DET GR3","119314.00"
"POLICE OFFICER","109352.00"
"POLICE OFFICER","109352.00"
"SERGEANT-","96281.00"
"POLICE OFFICER","109352.00"
"POLICE OFFICER","109352.00"
"POLICE OFFICER","109352.00"
"P.O. DA DET GR3","119429.00"
"POLICE OFFICER","109352.00"
"P.O. DA DET GR3","119429.00"
"POLICE OFFICER","59065.00"
"POLICE OFFICER","60363.00"
"P.O. DET SPEC","119248.00"
"SERGEANT-","96281.00"
"POLICE OFFICER","105146.00"
"POLICE OFFICER","109352.00"
"P.O. DA DET GR3","119314.00"
"POLICE OFFICER","109352.00"
"P.O. DA DET GR3","119314.00"
"POLICE OFFICER","109352.00"
"SERGEANT-","118056.00"
"SERGEANT-","118056.00"
"CRIME ANALYST","63667.00"
"POLICE OFFICER","109352.00"
"POLICE OFFICER","109352.00"
"POLICE OFFICER","109352.00"
"POLICE OFFICER","109352.00"
"POLICE OFFICER","109352.00"
"POLICE OFFICER","109352.00"
"POLICE OFFICER","109352.00"
"POLICE OFFICER","109352.00"
"POLICE OFFICER","109352.00"
"P.O. DA DET GR3","119248.00"
"POLICE OFFICER","109352.00"
"POLICE OFFICER","109352.00"
"POLICE OFFICER","109352.00"
"POLICE OFFICER","109352.00"
"POLICE OFFICER","109352.00"
"POLICE OFFICER","109352.00"
"POLICE OFFICER","109352.00"
"SERGEANT-","118056.00"
"POLICE OFFICER","109352.00"
"P.O. DA DET GR3","119314.00"
"POLICE OFFICER","109352.00"
"P.O. DA DET GR3","119248.00"
"POLICE OFFICER","109352.00"
"POLICE OFFICER","109352.00"
"POLICE OFFICER","109352.00"
"POLICE OFFICER","109352.00"
"P.O. DA DET GR3","119314.00"
"POLICE OFFICER","109352.00"
"P.O. DET SPEC","119314.00"
"POLICE OFFICER","109352.00"
"POLICE OFFICER","109352.00"
"POLICE OFFICER","109352.00"
"POLICE OFFICER","109352.00"
"POLICE OFFICER","109352.00"
"SERGEANT-","118056.00"
"POLICE OFFICER","65387.00"
"POLICE OFFICER","109352.00"
"SERGEANT-","96281.00"
"POLICE OFFICER","109352.00"
"POLICE OFFICER","109352.00"
"SERGEANT-","105606.00"
"POLICE OFFICER","109352.00"
"POLICE OFFICER","109352.00"
"POLICE OFFICER","109352.00"
"POLICE OFFICER","109352.00"
"POLICE OFFICER","109352.00"
"P.O. DA DET GR3","119248.00"
"POLICE OFFICER","109352.00"
"POLICE OFFICER","109352.00"
"POLICE OFFICER","109352.00"
"POLICE OFFICER","59065.00"
"POLICE OFFICER","109352.00"
"POLICE OFFICER","109352.00"
"P.O. DA DET GR3","119248.00"
"POLICE OFFICER","109352.00"
"SERGEANT-","118056.00"
"POLICE OFFICER","109352.00"
"SERGEANT-","105606.00"
"POLICE OFFICER","109352.00"
"POLICE OFFICER","109352.00"
"SERGEANT-","105606.00"
"POLICE OFFICER","109352.00"
"POLICE OFFICER","109352.00"
"POLICE OFFICER","65387.00"
"SERGEANT-","105606.00"
"SENIOR POLICE ADMINISTRATIVE AIDE","58707.00"
"P.O. DA DET GR3","119248.00"
"POLICE OFFICER","109352.00"
"POLICE OFFICER","109352.00"
"SERGEANT-","118056.00"
"POLICE OFFICER","109352.00"
"TRAFFIC ENFORCEMENT AGENT","45811.00"
"SENIOR POLICE ADMINISTRATIVE AIDE","58707.00"
"POLICE OFFICER","60363.00"
"SERGEANT-","118056.00"
"POLICE OFFICER","109352.00"
"POLICE OFFICER","57976.00"
"POLICE OFFICER","57976.00"
"SERGEANT-","105606.00"
"P.O. DA DET GR3","119314.00"
"SERGEANT-","118056.00"
"P.O. DA DET GR3","119429.00"
"POLICE OFFICER","109352.00"
"SERGEANT-","118056.00"
"POLICE OFFICER","109352.00"
"POLICE OFFICER","109352.00"
"POLICE OFFICER","109352.00"
"POLICE OFFICER","109352.00"
"POLICE OFFICER","109352.00"
"POLICE OFFICER","109352.00"
"POLICE OFFICER","109352.00"
"POLICE OFFICER","109352.00"
"POLICE OFFICER","109352.00"
"POLICE OFFICER","109352.00"
"POLICE OFFICER","109352.00"
"POLICE OFFICER","109352.00"
"POLICE OFFICER","109352.00"
"POLICE OFFICER","109352.00"
"POLICE OFFICER","109352.00"
"POLICE OFFICER","109352.00"
"POLICE OFFICER","109352.00"
"SERGEANT-","118056.00"
"POLICE OFFICER","109352.00"
"POLICE OFFICER","109352.00"
"POLICE OFFICER","109352.00"
"POLICE OFFICER","109352.00"
"POLICE OFFICER","109352.00"
"POLICE OFFICER","109352.00"
"POLICE OFFICER","109352.00"
"POLICE OFFICER","109352.00"
"POLICE OFFICER","109352.00"
"POLICE OFFICER","109352.00"
"P.O. DA DET GR3","119248.00"
"POLICE OFFICER","109352.00"
"POLICE OFFICER","109352.00"
"POLICE OFFICER","109352.00"
"SERGEANT-","118056.00"
"POLICE OFFICER","109352.00"
"POLICE OFFICER","109352.00"
"POLICE OFFICER","109352.00"
"POLICE OFFICER","109352.00"
"POLICE OFFICER","109352.00"
"POLICE OFFICER","109352.00"
"P.O. DA DET GR3","119429.00"
"POLICE OFFICER","109352.00"
"POLICE OFFICER","109352.00"
"POLICE OFFICER","109352.00"
"POLICE OFFICER","109352.00"
"POLICE OFFICER","109352.00"
"POLICE OFFICER","109352.00"
"POLICE OFFICER","55942.00"
"POLICE OFFICER","109352.00"
"POLICE OFFICER","109352.00"
"POLICE OFFICER","109352.00"
"POLICE OFFICER","109352.00"
"POLICE OFFICER","109352.00"
"P.O. DET SPEC","119248.00"
"POLICE OFFICER","109352.00"
"POLICE OFFICER","109352.00"
"POLICE OFFICER","109352.00"
"POLICE OFFICER","109352.00"
"POLICE OFFICER","109352.00"
"POLICE OFFICER","109352.00"
"POLICE OFFICER","109352.00"
"POLICE OFFICER","109352.00"
"POLICE OFFICER","109352.00"
"SERGEANT-","118056.00"
"POLICE OFFICER","109352.00"
"P.O. DET SPEC","119429.00"
"POLICE OFFICER","109352.00"
"POLICE OFFICER","109352.00"
"POLICE OFFICER","109352.00"
"POLICE OFFICER","109352.00"
"POLICE OFFICER","109352.00"
"POLICE OFFICER","109352.00"
"P.O. DA DET GR3","119429.00"
"POLICE OFFICER","109352.00"
"POLICE OFFICER","109352.00"
"POLICE OFFICER","109352.00"
"POLICE OFFICER","109352.00"
"P.O. DA DET GR3","119429.00"
"P.O. DA DET GR3","119429.00"
"POLICE OFFICER","109352.00"
"POLICE OFFICER","109352.00"
"POLICE OFFICER","109352.00"
"SERGEANT-","118056.00"
"POLICE OFFICER","109352.00"
"POLICE OFFICER","109352.00"
"P.O. DA DET GR3","119429.00"
"POLICE OFFICER","105146.00"
"COMPUTER SYSTEMS MANAGER","199223.00"
"CERTIFIED IT ADMINISTRATOR","151503.00"
"SCHOOL SAFETY AGENT","43093.00"
"STAFF ANALYST","76215.00"
"POLICE OFFICER","109352.00"
"TRAFFIC ENFORCEMENT AGENT","49270.00"
"TRAFFIC ENFORCEMENT AGENT","53985.00"
"POLICE OFFICER","55942.00"
"CRIME ANALYST","78647.00"
"POLICE OFFICER","59065.00"
"SCHOOL SAFETY AGENT","44388.00"
"SCHOOL SAFETY AGENT","40502.00"
"TRAFFIC ENFORCEMENT AGENT","48769.00"
"POLICE OFFICER","109352.00"
"POLICE OFFICER","60363.00"
"POLICE OFFICER","109352.00"
"SERGEANT-","118056.00"
"POLICE OFFICER","109352.00"
"POLICE OFFICER","109352.00"
"POLICE OFFICER","109352.00"
"POLICE OFFICER","109352.00"
"POLICE OFFICER","109352.00"
"SERGEANT-","118056.00"
"POLICE OFFICER","109352.00"
"POLICE OFFICER","109352.00"
"POLICE OFFICER","109352.00"
"POLICE OFFICER","109352.00"
"POLICE OFFICER","109352.00"
"SERGEANT-","118056.00"
"POLICE OFFICER","109352.00"
"POLICE OFFICER","109352.00"
"POLICE OFFICER","109352.00"
"POLICE OFFICER","109352.00"
"POLICE OFFICER","109352.00"
"POLICE OFFICER","57976.00"
"POLICE OFFICER","65387.00"
"POLICE OFFICER","109352.00"
"POLICE OFFICER","109352.00"
"POLICE OFFICER","109352.00"
"POLICE OFFICER","109352.00"
"POLICE OFFICER","109352.00"
"POLICE OFFICER","109352.00"
"POLICE OFFICER","109352.00"
"POLICE OFFICER","105146.00"
"POLICE OFFICER","109352.00"
"POLICE OFFICER","109352.00"
"POLICE OFFICER","109352.00"
"POLICE OFFICER","109352.00"
"POLICE OFFICER","57976.00"
"POLICE ADMINISTRATIVE AIDE","48631.00"
"POLICE OFFICER","109352.00"
"POLICE OFFICER","65387.00"
"TRAFFIC ENFORCEMENT AGENT","49830.00"
"POLICE OFFICER","109352.00"
"POLICE OFFICER","109352.00"
"POLICE OFFICER","109352.00"
"POLICE OFFICER","109352.00"
"POLICE OFFICER","109352.00"
"POLICE OFFICER","109352.00"
"POLICE OFFICER","109352.00"
"POLICE OFFICER","109352.00"
"POLICE OFFICER","109352.00"
"POLICE OFFICER","109352.00"
"POLICE OFFICER","109352.00"
"POLICE OFFICER","109352.00"
"POLICE OFFICER","109352.00"
"P.O. DA DET GR3","119248.00"
"POLICE OFFICER","109352.00"
"POLICE OFFICER","109352.00"
"POLICE OFFICER","109352.00"
"POLICE OFFICER","109352.00"
"POLICE OFFICER","109352.00"
"POLICE OFFICER","109352.00"
"POLICE OFFICER","109352.00"
"P.O. DET SPEC","119314.00"
"POLICE OFFICER","109352.00"
"POLICE OFFICER","109352.00"
"POLICE OFFICER","109352.00"
"POLICE OFFICER","62872.00"
"POLICE OFFICER","109352.00"
"POLICE OFFICER","59065.00"
"P.O. DA DET GR3","119314.00"
"POLICE OFFICER","109352.00"
"SERGEANT-","96017.00"
"POLICE OFFICER","109352.00"
"POLICE OFFICER","109352.00"
"POLICE OFFICER","109352.00"
"POLICE OFFICER","109352.00"
"CRIME ANALYST","63667.00"
"POLICE OFFICER","109352.00"
"POLICE OFFICER","109352.00"
"POLICE OFFICER","109352.00"
"POLICE OFFICER","57976.00"
"POLICE OFFICER","109352.00"
"SERGEANT-","118056.00"
"POLICE OFFICER","109352.00"
"POLICE OFFICER","109352.00"
"POLICE OFFICER","65387.00"
"SERGEANT-","118056.00"
"POLICE OFFICER","109352.00"
"POLICE OFFICER","109352.00"
"POLICE OFFICER","109352.00"
"POLICE OFFICER","109352.00"
"POLICE OFFICER","109352.00"
"POLICE OFFICER","109352.00"
"P.O. DA DET GR3","119248.00"
"SERGEANT-","96281.00"
"POLICE ADMINISTRATIVE AIDE","48631.00"
"SENIOR POLICE ADMINISTRATIVE AIDE","58707.00"
"SENIOR POLICE ADMINISTRATIVE AIDE","58707.00"
"POLICE OFFICER","109352.00"
"POLICE OFFICER","60363.00"
"SENIOR POLICE ADMINISTRATIVE AIDE","58707.00"
"EVIDENCE AND PROPERTY CONTROL SPECIALIST","65303.00"
"SENIOR POLICE ADMINISTRATIVE AIDE","58707.00"
"POLICE OFFICER","55942.00"
"SENIOR POLICE ADMINISTRATIVE AIDE","58707.00"
"POLICE ADMINISTRATIVE AIDE","51061.00"
"SENIOR POLICE ADMINISTRATIVE AIDE","58707.00"
"SENIOR POLICE ADMINISTRATIVE AIDE","58707.00"
"SENIOR POLICE ADMINISTRATIVE AIDE","59164.00"
"POLICE OFFICER","60363.00"
"POLICE OFFICER","55942.00"
"SENIOR POLICE ADMINISTRATIVE AIDE","58707.00"
"SENIOR POLICE ADMINISTRATIVE AIDE","58707.00"
"SENIOR POLICE ADMINISTRATIVE AIDE","58707.00"
"POLICE OFFICER","109352.00"
"POLICE SURGEON","169340.00"
"SENIOR POLICE ADMINISTRATIVE AIDE","58707.00"
"SENIOR POLICE ADMINISTRATIVE AIDE","58707.00"
"SENIOR POLICE ADMINISTRATIVE AIDE","58707.00"
"POLICE ADMINISTRATIVE AIDE","48631.00"
"SENIOR POLICE ADMINISTRATIVE AIDE","56859.00"
"SENIOR POLICE ADMINISTRATIVE AIDE","58707.00"
"POLICE OFFICER","55942.00"
"POLICE OFFICER","57976.00"
"POLICE OFFICER","55746.00"
"TRAFFIC ENFORCEMENT AGENT","48769.00"
"POLICE ADMINISTRATIVE AIDE","48631.00"
"HOSTLER","54793.00"
"TRAFFIC ENFORCEMENT AGENT","49270.00"
"SERGEANT-","96281.00"
"SCHOOL SAFETY AGENT","43093.00"
"POLICE OFFICER","109352.00"
"POLICE ADMINISTRATIVE AIDE","48631.00"
"POLICE OFFICER","60363.00"
"COMPUTER ASSOCIATE","106434.00"
"POLICE OFFICER","109352.00"
"POLICE OFFICER","59065.00"
"CITY CUSTODIAL ASSISTANT","44480.00"
"POLICE OFFICER","65387.00"
"POLICE OFFICER","57976.00"
"POLICE OFFICER","59065.00"
"BOOKKEEPER","63749.00"
"POLICE OFFICER","57976.00"
"POLICE OFFICER","57976.00"
"INVESTIGATOR","46689.00"
"CRIME ANALYST","63667.00"
"POLICE OFFICER","60363.00"
"STAFF ANALYST","80856.00"
"POLICE OFFICER","65387.00"
"POLICE OFFICER","65387.00"
"POLICE OFFICER","55942.00"
"POLICE OFFICER","109352.00"
"AUTOMOTIVE SERVICE WORKER","48072.00"
"SERGEANT-","96281.00"
"POLICE COMMUNICATIONS TECHNICIAN","61883.00"
"POLICE OFFICER","60363.00"
"POLICE OFFICER","109352.00"
"POLICE OFFICER","55942.00"
"SCHOOL SAFETY AGENT","41797.00"
"POLICE COMMUNICATIONS TECHNICIAN","61883.00"
"POLICE COMMUNICATIONS TECHNICIAN","61883.00"
"POLICE COMMUNICATIONS TECHNICIAN","61883.00"
"POLICE COMMUNICATIONS TECHNICIAN","61883.00"
"SENIOR POLICE ADMINISTRATIVE AIDE","58707.00"
"INTELLIGENCE RESEARCH SPECIALIST-PD","155269.00"
"POLICE COMMUNICATIONS TECHNICIAN","61883.00"
"EVIDENCE AND PROPERTY CONTROL SPECIALIST","65303.00"
"POLICE OFFICER","55942.00"
"STAFF ANALYST","69631.00"
"SCHOOL SAFETY AGENT","56508.00"
"EVIDENCE AND PROPERTY CONTROL SPECIALIST","65303.00"
"POLICE COMMUNICATIONS TECHNICIAN","61883.00"
"MEDIA SERVICES TECHNICIAN","61850.00"
"TRAFFIC ENFORCEMENT AGENT","47835.00"
"POLICE COMMUNICATIONS TECHNICIAN","61883.00"
"POLICE COMMUNICATIONS TECHNICIAN","61883.00"
"POLICE COMMUNICATIONS TECHNICIAN","61883.00"
"POLICE COMMUNICATIONS TECHNICIAN","61883.00"
"POLICE COMMUNICATIONS TECHNICIAN","61883.00"
"AUTOMOTIVE SERVICE WORKER","54350.00"
"CITY CUSTODIAL ASSISTANT","40338.00"
"POLICE ADMINISTRATIVE AIDE","48631.00"
"TRAFFIC ENFORCEMENT AGENT","53985.00"
"TRAFFIC ENFORCEMENT AGENT","53985.00"
"POLICE OFFICER","109352.00"
"TRAFFIC ENFORCEMENT AGENT","47835.00"
"TRAFFIC ENFORCEMENT AGENT","53985.00"
"POLICE OFFICER","109352.00"
"POLICE OFFICER","109352.00"
"TRAFFIC ENFORCEMENT AGENT","53985.00"
"TRAFFIC ENFORCEMENT AGENT","47835.00"
"POLICE OFFICER","109352.00"
"POLICE OFFICER","109352.00"
"POLICE OFFICER","109352.00"
"POLICE OFFICER","109352.00"
"POLICE OFFICER","109352.00"
"POLICE OFFICER","109352.00"
"POLICE OFFICER","109352.00"
"POLICE OFFICER","109352.00"
"POLICE OFFICER","109352.00"
"POLICE OFFICER","109352.00"
"POLICE OFFICER","109352.00"
"POLICE OFFICER","109352.00"
"POLICE OFFICER","109352.00"
"POLICE OFFICER","109352.00"
"P.O. DA DET GR3","119429.00"
"POLICE OFFICER","105146.00"
"POLICE OFFICER","109352.00"
"P.O. DA DET GR3","119248.00"
"SERGEANT-","118056.00"
"POLICE OFFICER","43456.00"
"P.O. DA DET GR3","119248.00"
"P.O. DA DET GR3","119314.00"
"SERGEANT-","118056.00"
"POLICE OFFICER","109352.00"
"POLICE OFFICER","109352.00"
"POLICE OFFICER","109352.00"
"P.O. DA DET GR3","119248.00"
"POLICE OFFICER","109352.00"
"POLICE OFFICER","109352.00"
"POLICE OFFICER","109352.00"
"POLICE OFFICER","109352.00"
"P.O. DA DET GR3","119314.00"
"POLICE OFFICER","109352.00"
"POLICE OFFICER","109352.00"
"POLICE OFFICER","109352.00"
"POLICE OFFICER","109352.00"
"POLICE OFFICER","109352.00"
"POLICE OFFICER","109352.00"
"POLICE OFFICER","109352.00"
"POLICE OFFICER","55942.00"
"POLICE OFFICER","109352.00"
"POLICE OFFICER","109352.00"
"POLICE OFFICER","109352.00"
"SERGEANT-","118056.00"
"POLICE OFFICER","109352.00"
"POLICE OFFICER","109352.00"
"POLICE OFFICER","109352.00"
"POLICE OFFICER","109352.00"
"P.O. DA DET GR3","119248.00"
"POLICE OFFICER","109352.00"
"P.O. DA DET GR3","119248.00"
"POLICE OFFICER","109352.00"
"SERGEANT-","118056.00"
"POLICE OFFICER","109352.00"
"POLICE OFFICER","109352.00"
"POLICE OFFICER","109352.00"
"POLICE OFFICER","109352.00"
"POLICE OFFICER","109352.00"
"POLICE OFFICER","109352.00"
"POLICE OFFICER","109352.00"
"SERGEANT-","118056.00"
"POLICE OFFICER","109352.00"
"POLICE OFFICER","109352.00"
"POLICE OFFICER","109352.00"
"POLICE OFFICER","109352.00"
"POLICE OFFICER","109352.00"
"POLICE OFFICER","109352.00"
"POLICE OFFICER","109352.00"
"POLICE OFFICER","109352.00"
"POLICE OFFICER","109352.00"
"POLICE OFFICER","109352.00"
"POLICE OFFICER","109352.00"
"P.O. DA DET GR3","119248.00"
"SERGEANT-","118056.00"
"POLICE OFFICER","109352.00"
"POLICE OFFICER","109352.00"
"POLICE OFFICER","59065.00"
"SERGEANT-","105606.00"
"P.O. DA DET GR3","119314.00"
"P.O. DA DET GR3","119248.00"
"POLICE OFFICER","109352.00"
"POLICE OFFICER","109352.00"
"POLICE OFFICER","109352.00"
"POLICE OFFICER","109352.00"
"POLICE OFFICER","109352.00"
"POLICE OFFICER","109352.00"
"POLICE OFFICER","109352.00"
"POLICE OFFICER","109352.00"
"POLICE OFFICER","109352.00"
"POLICE OFFICER","109352.00"
"POLICE OFFICER","109352.00"
"POLICE OFFICER","109352.00"
"POLICE OFFICER","109352.00"
"POLICE OFFICER","55942.00"
"POLICE OFFICER","109352.00"
"POLICE OFFICER","109352.00"
"POLICE OFFICER","109352.00"
"POLICE OFFICER","109352.00"
"POLICE OFFICER","109352.00"
"POLICE OFFICER","109352.00"
"POLICE OFFICER","109352.00"
"POLICE OFFICER","109352.00"
"P.O. DA DET GR3","119248.00"
"POLICE OFFICER","109352.00"
"POLICE OFFICER","109352.00"
"POLICE OFFICER","109352.00"
"POLICE OFFICER","109352.00"
"SERGEANT-","118056.00"
"P.O. DA DET GR3","119314.00"
"POLICE OFFICER","109352.00"
"POLICE OFFICER","56793.00"
"SERGEANT-","118056.00"
"POLICE OFFICER","55942.00"
"TRAFFIC ENFORCEMENT AGENT","53985.00"
"POLICE ADMINISTRATIVE AIDE","48631.00"
"TRAFFIC ENFORCEMENT AGENT","53985.00"
"AGENCY ATTORNEY","99184.00"
"AGENCY ATTORNEY","95790.00"
"TRAFFIC ENFORCEMENT AGENT","49830.00"
"POLICE OFFICER","55942.00"
"ADMINISTRATIVE GRAPHIC ARTIST","100456.00"
"POLICE OFFICER","65387.00"
"POLICE OFFICER","109352.00"
"POLICE OFFICER","65387.00"
"SCHOOL SAFETY AGENT","41797.00"
"INTELLIGENCE RESEARCH SPECIALIST-PD","116162.00"
"SCHOOL SAFETY AGENT","44388.00"
"SENIOR POLICE ADMINISTRATIVE AIDE","58707.00"
"CITY CUSTODIAL ASSISTANT","44480.00"
"POLICE OFFICER","55942.00"
"POLICE OFFICER","57976.00"
"POLICE OFFICER","55942.00"
"POLICE OFFICER","65387.00"
"SUPERVISING POLICE COMMUNICATIONS TECHNICIAN","70856.00"
"SUPERVISING POLICE COMMUNICATIONS TECHNICIAN","76443.00"
"POLICE OFFICER","109352.00"
"POLICE COMMUNICATIONS TECHNICIAN","61883.00"
"POLICE OFFICER","109352.00"
"POLICE COMMUNICATIONS TECHNICIAN","61883.00"
"POLICE OFFICER","65387.00"
"POLICE OFFICER","57976.00"
"POLICE OFFICER","55942.00"
"POLICE COMMUNICATIONS TECHNICIAN","61883.00"
"STAFF ANALYST TRAINEE","47441.00"
"POLICE OFFICER","55942.00"
"POLICE OFFICER","65387.00"
"CRIME ANALYST","63667.00"
"POLICE COMMUNICATIONS TECHNICIAN","45704.00"
"POLICE OFFICER","60363.00"
"ASSOCIATE FINGERPRINT TECHNICIAN","46242.00"
"POLICE ADMINISTRATIVE AIDE","48631.00"
"PARALEGAL AIDE","60386.00"
"SCHOOL SAFETY AGENT","54862.00"
"AGENCY ATTORNEY","89626.00"
"CITY CUSTODIAL ASSISTANT","42898.00"
"POLICE OFFICER","60363.00"
"POLICE OFFICER","109352.00"
"POLICE OFFICER","59065.00"
"POLICE OFFICER","60363.00"
"TRAFFIC ENFORCEMENT AGENT","48128.00"
"POLICE OFFICER","59065.00"
"SCHOOL SAFETY AGENT","41797.00"
"SCHOOL SAFETY AGENT","56508.00"
"POLICE OFFICER","109352.00"
"SCHOOL SAFETY AGENT","56508.00"
"SCHOOL SAFETY AGENT","56508.00"
"SCHOOL SAFETY AGENT","56508.00"
"SCHOOL SAFETY AGENT","56508.00"
"SCHOOL SAFETY AGENT","56508.00"
"SCHOOL SAFETY AGENT","56508.00"
"SCHOOL SAFETY AGENT","56508.00"
"SCHOOL SAFETY AGENT","56508.00"
"POLICE OFFICER","109352.00"
"POLICE OFFICER","55942.00"
"SCHOOL SAFETY AGENT","56508.00"
"SCHOOL SAFETY AGENT","56508.00"
"POLICE OFFICER","109352.00"
"POLICE OFFICER","109352.00"
"SCHOOL SAFETY AGENT","56508.00"
"POLICE OFFICER","109352.00"
"POLICE OFFICER","57976.00"
"POLICE OFFICER","109352.00"
"SCHOOL SAFETY AGENT","56508.00"
"SCHOOL SAFETY AGENT","56508.00"
"SCHOOL SAFETY AGENT","56508.00"
"SCHOOL SAFETY AGENT","56508.00"
"POLICE OFFICER","65387.00"
"POLICE OFFICER","60363.00"
"SCHOOL SAFETY AGENT","56508.00"
"SCHOOL SAFETY AGENT","56508.00"
"SCHOOL SAFETY AGENT","56508.00"
"POLICE OFFICER","55942.00"
"POLICE OFFICER","65387.00"
"SCHOOL SAFETY AGENT","56508.00"
"SCHOOL SAFETY AGENT","56508.00"
"POLICE ADMINISTRATIVE AIDE","47100.00"
"POLICE OFFICER","109352.00"
"POLICE ADMINISTRATIVE AIDE","48631.00"
"SCHOOL SAFETY AGENT","56508.00"
"POLICE OFFICER","60363.00"
"POLICE OFFICER","57976.00"
"SCHOOL SAFETY AGENT","56508.00"
"SCHOOL SAFETY AGENT","56508.00"
"POLICE OFFICER","65387.00"
"POLICE OFFICER","109352.00"
"POLICE OFFICER","55942.00"
"SCHOOL SAFETY AGENT","56508.00"
"POLICE OFFICER","65387.00"
"SCHOOL SAFETY AGENT","56508.00"
"SCHOOL SAFETY AGENT","56508.00"
"SCHOOL SAFETY AGENT","56508.00"
"SCHOOL SAFETY AGENT","56508.00"
"SCHOOL SAFETY AGENT","56508.00"
"SCHOOL SAFETY AGENT","56508.00"
"SCHOOL SAFETY AGENT","56508.00"
"AGENCY ATTORNEY","108333.00"
"SCHOOL SAFETY AGENT","41797.00"
"SCHOOL SAFETY AGENT","56508.00"
"SCHOOL SAFETY AGENT","56508.00"
"POLICE COMMUNICATIONS TECHNICIAN","57805.00"
"POLICE OFFICER","65387.00"
"POLICE OFFICER","59065.00"
"SCHOOL SAFETY AGENT","56508.00"
"SCHOOL SAFETY AGENT","56508.00"
"SCHOOL SAFETY AGENT","53264.00"
"POLICE OFFICER","109352.00"
"POLICE OFFICER","55942.00"
"POLICE OFFICER","57976.00"
"INTELLIGENCE RESEARCH SPECIALIST-PD","104968.00"
"POLICE OFFICER","55942.00"
"POLICE OFFICER","59065.00"
"STENOGRAPHER TO EACH DEPUTY COMMISSIONER","93586.00"
"CRIME ANALYST","78647.00"
"CRIME ANALYST","70032.00"
"CRIME ANALYST","70033.00"
"POLICE OFFICER","60363.00"
"PUBLIC HEALTH ASSISTANT","42945.00"
"CRIME ANALYST","63667.00"
"STAFF ANALYST","69631.00"
"POLICE OFFICER","55942.00"
"POLICE OFFICER","60363.00"
"POLICE OFFICER","55942.00"
"POLICE OFFICER","109352.00"
"POLICE OFFICER","109352.00"
"POLICE ADMINISTRATIVE AIDE","57805.00"
"POLICE COMMUNICATIONS TECHNICIAN","61883.00"
"POLICE COMMUNICATIONS TECHNICIAN","61883.00"
"POLICE COMMUNICATIONS TECHNICIAN","60080.00"
"EVIDENCE AND PROPERTY CONTROL SPECIALIST","75100.00"
"TRAFFIC ENFORCEMENT AGENT","46726.00"
"POLICE OFFICER","57976.00"
"POLICE COMMUNICATIONS TECHNICIAN","61883.00"
"POLICE COMMUNICATIONS TECHNICIAN","61883.00"
"POLICE OFFICER","60363.00"
"POLICE COMMUNICATIONS TECHNICIAN","61883.00"
"POLICE COMMUNICATIONS TECHNICIAN","61883.00"
"POLICE COMMUNICATIONS TECHNICIAN","59935.00"
"POLICE ADMINISTRATIVE AIDE","48631.00"
"POLICE OFFICER","60363.00"
"POLICE OFFICER","109352.00"
"POLICE OFFICER","60363.00"
"POLICE COMMUNICATIONS TECHNICIAN","61883.00"
"POLICE COMMUNICATIONS TECHNICIAN","61883.00"
"POLICE OFFICER","57976.00"
"POLICE OFFICER","109352.00"
"POLICE OFFICER","109352.00"
"POLICE OFFICER","109352.00"
"POLICE OFFICER","109352.00"
"POLICE OFFICER","57976.00"
"POLICE OFFICER","59065.00"
"POLICE OFFICER","109352.00"
"POLICE OFFICER","109352.00"
"POLICE OFFICER","57976.00"
"POLICE OFFICER","55942.00"
"POLICE OFFICER","109352.00"
"POLICE OFFICER","109352.00"
"POLICE OFFICER","109352.00"
"POLICE OFFICER","109352.00"
"POLICE OFFICER","109352.00"
"POLICE OFFICER","109352.00"
"SERGEANT-","118056.00"
"P.O. DA DET GR3","119248.00"
"POLICE OFFICER","109352.00"
"POLICE OFFICER","109352.00"
"POLICE OFFICER","109352.00"
"POLICE OFFICER","109352.00"
"POLICE OFFICER","109352.00"
"SERGEANT-","118056.00"
"P.O. DET SPEC","119248.00"
"POLICE OFFICER","109352.00"
"POLICE OFFICER","109352.00"
"POLICE OFFICER","109352.00"
"POLICE OFFICER","109352.00"
"SERGEANT-","118056.00"
"POLICE OFFICER","109352.00"
"SERGEANT-","118056.00"
"POLICE OFFICER","109352.00"
"SERGEANT-","118056.00"
"POLICE OFFICER","109352.00"
"SERGEANT-","118056.00"
"POLICE OFFICER","109352.00"
"POLICE OFFICER","109352.00"
"POLICE OFFICER","109352.00"
"POLICE OFFICER","109352.00"
"P.O. DA DET GR3","119314.00"
"P.O. DA DET GR3","119314.00"
"SERGEANT-","118056.00"
"POLICE OFFICER","109352.00"
"POLICE OFFICER","109352.00"
"SERGEANT-","118056.00"
"POLICE OFFICER","60363.00"
"POLICE OFFICER","109352.00"
"POLICE OFFICER","109352.00"
"P.O. DA DET GR3","119314.00"
"POLICE OFFICER","109352.00"
"POLICE OFFICER","109352.00"
"POLICE OFFICER","109352.00"
"P.O. DA DET GR3","119248.00"
"POLICE OFFICER","109352.00"
"POLICE OFFICER","109352.00"
"P.O. DA DET GR3","119314.00"
"POLICE OFFICER","109352.00"
"POLICE OFFICER","109352.00"
"P.O. DA DET GR3","119248.00"
"POLICE OFFICER","109352.00"
"POLICE OFFICER","109352.00"
"POLICE OFFICER","109352.00"
"SERGEANT-","118056.00"
"POLICE OFFICER","109352.00"
"POLICE OFFICER","109352.00"
"POLICE OFFICER","109352.00"
"POLICE OFFICER","109352.00"
"P.O. DA DET GR3","119248.00"
"POLICE OFFICER","109352.00"
"POLICE OFFICER","109352.00"
"POLICE OFFICER","109352.00"
"POLICE OFFICER","109352.00"
"POLICE OFFICER","109352.00"
"POLICE OFFICER","65387.00"
"P.O. DA DET GR3","119314.00"
"POLICE OFFICER","109352.00"
"POLICE OFFICER","109352.00"
"POLICE OFFICER","109352.00"
"POLICE OFFICER","109352.00"
"P.O. DET SPEC","119314.00"
"POLICE OFFICER","109352.00"
"POLICE OFFICER","109352.00"
"POLICE OFFICER","109352.00"
"POLICE OFFICER","109352.00"
"POLICE OFFICER","109352.00"
"SERGEANT-","118056.00"
"POLICE OFFICER","109352.00"
"POLICE OFFICER","109352.00"
"POLICE OFFICER","109352.00"
"POLICE OFFICER","109352.00"
"POLICE OFFICER","109352.00"
"SERGEANT-","118056.00"
"POLICE OFFICER","109352.00"
"POLICE OFFICER","109352.00"
"POLICE OFFICER","109352.00"
"POLICE OFFICER","109352.00"
"POLICE OFFICER","109352.00"
"EVIDENCE AND PROPERTY CONTROL SPECIALIST","65303.00"
"POLICE OFFICER","109352.00"
"POLICE OFFICER","109352.00"
"POLICE OFFICER","109352.00"
"POLICE OFFICER","109352.00"
"POLICE OFFICER","109352.00"
"POLICE OFFICER","109352.00"
"POLICE OFFICER","109352.00"
"POLICE OFFICER","109352.00"
"POLICE OFFICER","109352.00"
"POLICE OFFICER","109352.00"
"POLICE OFFICER","109352.00"
"POLICE OFFICER","109352.00"
"POLICE OFFICER","109352.00"
"SERGEANT-","118056.00"
"POLICE OFFICER","109352.00"
"POLICE OFFICER","109352.00"
"P.O. DA DET GR3","119314.00"
"POLICE OFFICER","109352.00"
"POLICE OFFICER","109352.00"
"POLICE OFFICER","109352.00"
"POLICE OFFICER","109352.00"
"POLICE OFFICER","109352.00"
"POLICE OFFICER","109352.00"
"POLICE OFFICER","109352.00"
"POLICE OFFICER","109352.00"
"POLICE OFFICER","109352.00"
"POLICE OFFICER","109352.00"
"POLICE OFFICER","109352.00"
"POLICE OFFICER","109352.00"
"POLICE OFFICER","109352.00"
"POLICE OFFICER","109352.00"
"P.O. DA DET GR3","119314.00"
"POLICE OFFICER","109352.00"
"POLICE OFFICER","109352.00"
"POLICE OFFICER","109352.00"
"POLICE OFFICER","109352.00"
"POLICE OFFICER","109352.00"
"POLICE OFFICER","109352.00"
"POLICE OFFICER","109352.00"
"POLICE OFFICER","109352.00"
"POLICE OFFICER","59065.00"
"POLICE OFFICER","109352.00"
"POLICE OFFICER","53790.00"
"POLICE OFFICER","109352.00"
"POLICE OFFICER","109352.00"
"POLICE OFFICER","109352.00"
"POLICE OFFICER","109352.00"
"SERGEANT-","118056.00"
"P.O. DA DET GR3","119248.00"
"POLICE OFFICER","55942.00"
"POLICE OFFICER","109352.00"
"P.O. DA DET GR3","119248.00"
"POLICE OFFICER","109352.00"
"POLICE OFFICER","109352.00"
"POLICE OFFICER","109352.00"
"POLICE OFFICER","109352.00"
"P.O. DA DET GR3","119248.00"
"POLICE OFFICER","109352.00"
"POLICE OFFICER","109352.00"
"POLICE OFFICER","109352.00"
"P.O. DA DET GR3","119314.00"
"P.O. DA DET GR3","119314.00"
"POLICE OFFICER","109352.00"
"POLICE OFFICER","109352.00"
"POLICE OFFICER","109352.00"
"POLICE OFFICER","109352.00"
"POLICE OFFICER","109352.00"
"POLICE OFFICER","109352.00"
"POLICE OFFICER","109352.00"
"P.O. DA DET GR3","119248.00"
"POLICE OFFICER","109352.00"
"POLICE OFFICER","109352.00"
"TRAFFIC ENFORCEMENT AGENT","49830.00"
"TRAFFIC ENFORCEMENT AGENT","49830.00"
"POLICE OFFICER","109352.00"
"TRAFFIC ENFORCEMENT AGENT","53985.00"
"POLICE OFFICER","65387.00"
"TRAFFIC ENFORCEMENT AGENT","49830.00"
"TRAFFIC ENFORCEMENT AGENT","53985.00"
"TRAFFIC ENFORCEMENT AGENT","53985.00"
"TRAFFIC ENFORCEMENT AGENT","53985.00"
"ASSOCIATE TRAFFIC ENFORCEMENT AGENT","57817.00"
"ASSOCIATE TRAFFIC ENFORCEMENT AGENT","57817.00"
"TRAFFIC ENFORCEMENT AGENT","48128.00"
"POLICE OFFICER","109352.00"
"POLICE OFFICER","59065.00"
"TRAFFIC ENFORCEMENT AGENT","53985.00"
"TRAFFIC ENFORCEMENT AGENT","53985.00"
"TRAFFIC ENFORCEMENT AGENT","53985.00"
"TRAFFIC ENFORCEMENT AGENT","48379.00"
"TRAFFIC ENFORCEMENT AGENT","53985.00"
"POLICE OFFICER","60363.00"
"ASSOCIATE TRAFFIC ENFORCEMENT AGENT","57817.00"
"TRAFFIC ENFORCEMENT AGENT","49830.00"
"TRAFFIC ENFORCEMENT AGENT","53985.00"
"POLICE OFFICER","109352.00"
"TRAFFIC ENFORCEMENT AGENT","53985.00"
"TRAFFIC ENFORCEMENT AGENT","53985.00"
"POLICE OFFICER","109352.00"
"POLICE OFFICER","60363.00"
"POLICE OFFICER","55942.00"
"POLICE OFFICER","59065.00"
"TRAFFIC ENFORCEMENT AGENT","48379.00"
"TRAFFIC ENFORCEMENT AGENT","53985.00"
"TRAFFIC ENFORCEMENT AGENT","49830.00"
"POLICE OFFICER","60363.00"
"POLICE OFFICER","65387.00"
"TRAFFIC ENFORCEMENT AGENT","53985.00"
"POLICE OFFICER","57976.00"
"TRAFFIC ENFORCEMENT AGENT","53985.00"
"POLICE OFFICER","60363.00"
"POLICE OFFICER","55942.00"
"POLICE OFFICER","109352.00"
"TRAFFIC ENFORCEMENT AGENT","49830.00"
"POLICE OFFICER","60363.00"
"POLICE OFFICER","60363.00"
"POLICE OFFICER","65387.00"
"POLICE OFFICER","55942.00"
"TRAFFIC ENFORCEMENT AGENT","53985.00"
"POLICE OFFICER","60363.00"
"TRAFFIC ENFORCEMENT AGENT","46951.00"
"SCHOOL SAFETY AGENT","56508.00"
"POLICE OFFICER","57976.00"
"TRAFFIC ENFORCEMENT AGENT","53985.00"
"POLICE OFFICER","60363.00"
"TRAFFIC ENFORCEMENT AGENT","53985.00"
"TRAFFIC ENFORCEMENT AGENT","53985.00"
"POLICE OFFICER","57976.00"
"TRAFFIC ENFORCEMENT AGENT","53985.00"
"TRAFFIC ENFORCEMENT AGENT","49830.00"
"ASSOCIATE TRAFFIC ENFORCEMENT AGENT","57817.00"
"TRAFFIC ENFORCEMENT AGENT","48379.00"
"TRAFFIC ENFORCEMENT AGENT","47835.00"
"POLICE OFFICER","59065.00"
"TRAFFIC ENFORCEMENT AGENT","49830.00"
"TRAFFIC ENFORCEMENT AGENT","49830.00"
"POLICE OFFICER","59065.00"
"POLICE OFFICER","109352.00"
"TRAFFIC ENFORCEMENT AGENT","53985.00"
"TRAFFIC ENFORCEMENT AGENT","53985.00"
"TRAFFIC ENFORCEMENT AGENT","53985.00"
"POLICE OFFICER","109352.00"
"ASSOCIATE TRAFFIC ENFORCEMENT AGENT","57817.00"
"POLICE OFFICER","57976.00"
"POLICE COMMUNICATIONS TECHNICIAN","61883.00"
"POLICE OFFICER","59065.00"
"POLICE ADMINISTRATIVE AIDE","48631.00"
"POLICE COMMUNICATIONS TECHNICIAN","61883.00"
"TRAFFIC ENFORCEMENT AGENT","53985.00"
"TRAFFIC ENFORCEMENT AGENT","49830.00"
"POLICE COMMUNICATIONS TECHNICIAN","59935.00"
"TRAFFIC ENFORCEMENT AGENT","53985.00"
"POLICE COMMUNICATIONS TECHNICIAN","61883.00"
"POLICE COMMUNICATIONS TECHNICIAN","57805.00"
"POLICE COMMUNICATIONS TECHNICIAN","61883.00"
"POLICE OFFICER","55942.00"
"POLICE COMMUNICATIONS TECHNICIAN","61883.00"
"POLICE COMMUNICATIONS TECHNICIAN","61883.00"
"POLICE COMMUNICATIONS TECHNICIAN","61883.00"
"POLICE COMMUNICATIONS TECHNICIAN","59935.00"
"EVIDENCE AND PROPERTY CONTROL SPECIALIST","65303.00"
"POLICE COMMUNICATIONS TECHNICIAN","61883.00"
"POLICE COMMUNICATIONS TECHNICIAN","61883.00"
"COMMUNITY ASSISTANT","43460.00"
"POLICE ADMINISTRATIVE AIDE","48631.00"
"ADMINISTRATIVE PROCUREMENT ANALYST-NON-MGRL","102421.00"
"CASE MANAGEMENT NURSE","106301.00"
"STOCK WORKER","46930.00"
"POLICE OFFICER","55942.00"
"POLICE OFFICER","60363.00"
"POLICE OFFICER","60363.00"
"POLICE OFFICER","57976.00"
"POLICE OFFICER","65387.00"
"SCHOOL SAFETY AGENT","56508.00"
"POLICE ADMINISTRATIVE AIDE","47949.00"
"TRAFFIC ENFORCEMENT AGENT","48769.00"
"POLICE OFFICER","57976.00"
"CRIMINALIST","95520.00"
"TRAFFIC ENFORCEMENT AGENT","48769.00"
"POLICE OFFICER","55942.00"
"POLICE OFFICER","55942.00"
"ADMIN TESTS & MEAS SPEC","228456.00"
"POLICE COMMUNICATIONS TECHNICIAN","61883.00"
"POLICE OFFICER","60363.00"
"CYBER SECURITY ANALYST","74340.00"
"TRAFFIC ENFORCEMENT AGENT","47621.00"
"CRIMINALIST","64029.00"
"POLICE OFFICER","65387.00"
"POLICE OFFICER","57976.00"
"POLICE OFFICER","59065.00"
"SCHOOL SAFETY AGENT","41797.00"
"POLICE OFFICER","60363.00"
"POLICE ADMINISTRATIVE AIDE","48631.00"
"P.O. DA DET GR3","84599.00"
"COMMUNITY COORDINATOR","72298.00"
"SCHOOL SAFETY AGENT","41797.00"
"POLICE OFFICER","60363.00"
"P.O. DA DET GR3","119248.00"
"COMMUNITY ASSISTANT","43460.00"
"SCHOOL SAFETY AGENT","44388.00"
"POLICE OFFICER","65387.00"
"COMMUNITY ASSISTANT","43460.00"
"POLICE OFFICER","59065.00"
"POLICE OFFICER","60363.00"
"POLICE OFFICER","57976.00"
"PARALEGAL AIDE","50198.00"
"CRIMINALIST","95520.00"
"CRIMINALIST","95520.00"
"POLICE OFFICER","55942.00"
"P.O. DA DET GR3","119314.00"
"POLICE OFFICER","109352.00"
"POLICE OFFICER","109352.00"
"POLICE OFFICER","109352.00"
"POLICE OFFICER","109352.00"
"POLICE OFFICER","109352.00"
"POLICE OFFICER","109352.00"
"P.O. DET SPEC","119314.00"
"POLICE OFFICER","109352.00"
"POLICE OFFICER","109352.00"
"POLICE OFFICER","109352.00"
"POLICE OFFICER","109352.00"
"POLICE OFFICER","109352.00"
"POLICE OFFICER","109352.00"
"POLICE OFFICER","109352.00"
"P.O. DA DET GR3","119314.00"
"P.O. DA DET GR3","119314.00"
"POLICE OFFICER","109352.00"
"POLICE OFFICER","109352.00"
"POLICE OFFICER","109352.00"
"P.O. DET SPEC","119248.00"
"POLICE OFFICER","109352.00"
"POLICE OFFICER","109352.00"
"POLICE OFFICER","109352.00"
"SERGEANT-","118056.00"
"POLICE OFFICER","109352.00"
"P.O. DA DET GR3","119248.00"
"POLICE OFFICER","109352.00"
"POLICE OFFICER","109352.00"
"POLICE OFFICER","109352.00"
"P.O. DA DET GR3","115215.00"
"POLICE OFFICER","109352.00"
"P.O. DA DET GR3","119314.00"
"POLICE OFFICER","55942.00"
"POLICE OFFICER","109352.00"
"POLICE OFFICER","109352.00"
"POLICE OFFICER","109352.00"
"P.O. DA DET GR3","119314.00"
"POLICE OFFICER","109352.00"
"SERGEANT-","118056.00"
"POLICE OFFICER","109352.00"
"POLICE OFFICER","109352.00"
"P.O. DA DET GR3","119248.00"
"P.O. DA DET GR3","119248.00"
"P.O. DA DET GR3","119248.00"
"POLICE OFFICER","109352.00"
"POLICE OFFICER","109352.00"
"POLICE OFFICER","65387.00"
"POLICE OFFICER","109352.00"
"POLICE OFFICER","109352.00"
"POLICE OFFICER","109352.00"
"POLICE OFFICER","105146.00"
"POLICE OFFICER","109352.00"
"SERGEANT-","96281.00"
"POLICE OFFICER","109352.00"
"POLICE OFFICER","109352.00"
"POLICE OFFICER","62872.00"
"POLICE OFFICER","109352.00"
"POLICE OFFICER","109352.00"
"POLICE OFFICER","109352.00"
"POLICE OFFICER","109352.00"
"POLICE OFFICER","109352.00"
"POLICE OFFICER","109352.00"
"P.O. DA DET GR3","119314.00"
"POLICE OFFICER","109352.00"
"POLICE OFFICER","109352.00"
"POLICE OFFICER","109352.00"
"POLICE OFFICER","109352.00"
"POLICE OFFICER","109352.00"
"POLICE OFFICER","109352.00"
"SERGEANT-","118056.00"
"POLICE OFFICER","109352.00"
"POLICE OFFICER","109352.00"
"POLICE OFFICER","109352.00"
"POLICE OFFICER","109352.00"
"POLICE OFFICER","109352.00"
"POLICE OFFICER","109352.00"
"POLICE OFFICER","109352.00"
"POLICE OFFICER","109352.00"
"POLICE OFFICER","109352.00"
"POLICE OFFICER","109352.00"
"POLICE OFFICER","109352.00"
"POLICE OFFICER","109352.00"
"POLICE OFFICER","109352.00"
"POLICE OFFICER","109352.00"
"POLICE OFFICER","109352.00"
"POLICE OFFICER","109352.00"
"P.O. DA DET GR3","119314.00"
"SERGEANT-","118056.00"
"P.O. DA DET GR3","119248.00"
"POLICE OFFICER","109352.00"
"SERGEANT-","118056.00"
"POLICE OFFICER","109352.00"
"POLICE OFFICER","109352.00"
"POLICE OFFICER","109352.00"
"POLICE OFFICER","109352.00"
"POLICE OFFICER","109352.00"
"POLICE OFFICER","109352.00"
"POLICE OFFICER","109352.00"
"P.O. DA DET GR3","119248.00"
"POLICE OFFICER","109352.00"
"POLICE OFFICER","109352.00"
"POLICE OFFICER","109352.00"
"POLICE OFFICER","109352.00"
"POLICE OFFICER","109352.00"
"POLICE OFFICER","109352.00"
"SERGEANT-","118056.00"
"POLICE OFFICER","109352.00"
"POLICE OFFICER","109352.00"
"POLICE OFFICER","109352.00"
"POLICE OFFICER","109352.00"
"POLICE OFFICER","62872.00"
"POLICE OFFICER","109352.00"
"POLICE OFFICER","109352.00"
"POLICE OFFICER","109352.00"
"POLICE OFFICER","109352.00"
"POLICE OFFICER","109352.00"
"POLICE OFFICER","109352.00"
"POLICE OFFICER","109352.00"
"POLICE OFFICER","109352.00"
"P.O. DA DET GR3","119314.00"
"POLICE OFFICER","109352.00"
"POLICE OFFICER","109352.00"
"POLICE OFFICER","109352.00"
"POLICE OFFICER","109352.00"
"POLICE OFFICER","109352.00"
"POLICE OFFICER","109352.00"
"POLICE OFFICER","109352.00"
"POLICE OFFICER","109352.00"
"POLICE OFFICER","109352.00"
"POLICE OFFICER","109352.00"
"SERGEANT-","96281.00"
"POLICE OFFICER","109352.00"
"POLICE OFFICER","109352.00"
"SERGEANT-","118056.00"
"POLICE OFFICER","109352.00"
"POLICE OFFICER","109352.00"
"P.O. DA DET GR3","119314.00"
"POLICE OFFICER","109352.00"
"POLICE OFFICER","109352.00"
"POLICE OFFICER","109352.00"
"POLICE OFFICER","109352.00"
"POLICE OFFICER","109352.00"
"POLICE OFFICER","109352.00"
"POLICE OFFICER","109352.00"
"POLICE OFFICER","109352.00"
"P.O. DA DET GR3","119314.00"
"POLICE OFFICER","109352.00"
"POLICE OFFICER","109352.00"
"SERGEANT-","118056.00"
"POLICE OFFICER","109352.00"
"POLICE OFFICER","109352.00"
"POLICE OFFICER","109352.00"
"POLICE OFFICER","109352.00"
"POLICE OFFICER","109352.00"
"POLICE OFFICER","109352.00"
"POLICE OFFICER","109352.00"
"POLICE OFFICER","109352.00"
"POLICE OFFICER","109352.00"
"POLICE OFFICER","109352.00"
"POLICE OFFICER","109352.00"
"POLICE OFFICER","109352.00"
"POLICE OFFICER","109352.00"
"POLICE OFFICER","109352.00"
"POLICE OFFICER","109352.00"
"POLICE OFFICER","109352.00"
"POLICE OFFICER","109352.00"
"POLICE OFFICER","109352.00"
"P.O. DA DET GR3","119248.00"
"POLICE OFFICER","109352.00"
"POLICE OFFICER","109352.00"
"POLICE OFFICER","109352.00"
"POLICE OFFICER","109352.00"
"POLICE OFFICER","109352.00"
"POLICE OFFICER","60363.00"
"POLICE OFFICER","109352.00"
"POLICE OFFICER","109352.00"
"SENIOR POLICE ADMINISTRATIVE AIDE","58707.00"
"POLICE OFFICER","109352.00"
"POLICE OFFICER","65387.00"
"POLICE OFFICER","109352.00"
"POLICE OFFICER","109352.00"
"POLICE OFFICER","59065.00"
"POLICE OFFICER","55942.00"
"POLICE OFFICER","53790.00"
"TRAFFIC ENFORCEMENT AGENT","48128.00"
"POLICE OFFICER","55942.00"
"POLICE OFFICER","60363.00"
"POLICE OFFICER","59065.00"
"PSYCHOLOGIST","109018.00"
"TELECOMMUNICATIONS ASSOCIATE","101117.00"
"POLICE OFFICER","55942.00"
"AGENCY ATTORNEY","113845.00"
"CRIMINALIST","95520.00"
"CRIMINALIST","95520.00"
"POLICE ATTENDANT","49688.00"
"POLICE OFFICER","60363.00"
"POLICE OFFICER","59065.00"
"POLICE OFFICER","59065.00"
"FINGERPRINT TECHNICIAN TRAINEE","40607.00"
"SCHOOL SAFETY AGENT","38177.00"
"POLICE OFFICER","60363.00"
"TRAFFIC ENFORCEMENT AGENT","46726.00"
"POLICE OFFICER","59065.00"
"POLICE OFFICER","65387.00"
"IT SECURITY SPECIALIST","136990.00"
"TRAFFIC ENFORCEMENT AGENT","47621.00"
"POLICE OFFICER","59065.00"
"FITNESS INSTRUCTOR","61730.00"
"POLICE ADMINISTRATIVE AIDE","48631.00"
"SENIOR POLICE ADMINISTRATIVE AIDE","58707.00"
"POLICE ADMINISTRATIVE AIDE","36390.00"
"POLICE ADMINISTRATIVE AIDE","48631.00"
"SENIOR POLICE ADMINISTRATIVE AIDE","58707.00"
"POLICE ADMINISTRATIVE AIDE","48631.00"
"SENIOR POLICE ADMINISTRATIVE AIDE","58707.00"
"POLICE ADMINISTRATIVE AIDE","48631.00"
"SENIOR POLICE ADMINISTRATIVE AIDE","58707.00"
"SENIOR POLICE ADMINISTRATIVE AIDE","58707.00"
"POLICE ADMINISTRATIVE AIDE","48631.00"
"POLICE OFFICER","60363.00"
"POLICE ADMINISTRATIVE AIDE","48631.00"
"POLICE ADMINISTRATIVE AIDE","48631.00"
"SENIOR POLICE ADMINISTRATIVE AIDE","58707.00"
"POLICE ADMINISTRATIVE AIDE","48631.00"
"CRIME ANALYST","63667.00"
"POLICE ADMINISTRATIVE AIDE","48631.00"
"SCHOOL SAFETY AGENT","40502.00"
"SENIOR POLICE ADMINISTRATIVE AIDE","58707.00"
"POLICE ADMINISTRATIVE AIDE","48631.00"
"POLICE ADMINISTRATIVE AIDE","42288.00"
"POLICE OFFICER","60363.00"
"TRAFFIC ENFORCEMENT AGENT","45811.00"
"INTELLIGENCE RESEARCH SPECIALIST-PD","114701.00"
"SCHOOL SAFETY AGENT","43093.00"
"POLICE ADMINISTRATIVE AIDE","48631.00"
"EVIDENCE AND PROPERTY CONTROL SPECIALIST","75100.00"
"EVIDENCE AND PROPERTY CONTROL SPECIALIST","65303.00"
"EVIDENCE AND PROPERTY CONTROL SPECIALIST","63401.00"
"CRIMINALIST","95520.00"
"POLICE OFFICER","57976.00"
"POLICE OFFICER","60363.00"
"EVIDENCE AND PROPERTY CONTROL SPECIALIST","65303.00"
"EVIDENCE AND PROPERTY CONTROL SPECIALIST","65303.00"
"CRIME ANALYST","63667.00"
"CRIME ANALYST","78647.00"
"CRIME ANALYST","78647.00"
"CRIME ANALYST","78647.00"
"POLICE COMMUNICATIONS TECHNICIAN","55985.00"
"CITY RESEARCH SCIENTIST","126000.00"
"POLICE OFFICER","55942.00"
"EVIDENCE AND PROPERTY CONTROL SPECIALIST","65303.00"
"POLICE COMMUNICATIONS TECHNICIAN","57805.00"
"POLICE COMMUNICATIONS TECHNICIAN","61883.00"
"P.O. DET SPEC","84599.00"
"POLICE COMMUNICATIONS TECHNICIAN","61883.00"
"POLICE COMMUNICATIONS TECHNICIAN","61883.00"
"POLICE OFFICER","57976.00"
"POLICE COMMUNICATIONS TECHNICIAN","59935.00"
"POLICE OFFICER","59065.00"
"POLICE COMMUNICATIONS TECHNICIAN","61883.00"
"POLICE COMMUNICATIONS TECHNICIAN","61883.00"
"POLICE COMMUNICATIONS TECHNICIAN","61883.00"
"POLICE OFFICER","55942.00"
"CRIMINALIST","92513.00"
"POLICE OFFICER","59065.00"
"CRIME ANALYST","61663.00"
"POLICE ADMINISTRATIVE AIDE","48631.00"
"BOOKKEEPER","65628.00"
"SCHOOL SAFETY AGENT","39206.00"
"POLICE OFFICER","55942.00"
"POLICE OFFICER","55746.00"
"TRAFFIC ENFORCEMENT AGENT","49270.00"
"TRAFFIC ENFORCEMENT AGENT","49205.00"
"TRAFFIC ENFORCEMENT AGENT","47835.00"
"TRAFFIC ENFORCEMENT AGENT","49270.00"
"POLICE OFFICER","60363.00"
"TRAFFIC ENFORCEMENT AGENT","49205.00"
"TRAFFIC ENFORCEMENT AGENT","49270.00"
"TRAFFIC ENFORCEMENT AGENT","47835.00"
"TRAFFIC ENFORCEMENT AGENT","49270.00"
"TRAFFIC ENFORCEMENT AGENT","49270.00"
"ASSOCIATE TRAFFIC ENFORCEMENT AGENT","57817.00"
"POLICE OFFICER","59065.00"
"POLICE OFFICER","59065.00"
"TRAFFIC ENFORCEMENT AGENT","49270.00"
"POLICE OFFICER","57976.00"
"TRAFFIC ENFORCEMENT AGENT","49270.00"
"TRAFFIC ENFORCEMENT AGENT","49270.00"
"CITY CUSTODIAL ASSISTANT","40338.00"
"CITY CUSTODIAL ASSISTANT","42898.00"
"CITY CUSTODIAL ASSISTANT","42898.00"
"POLICE OFFICER","55942.00"
"CITY CUSTODIAL ASSISTANT","39163.00"
"CITY CUSTODIAL ASSISTANT","40338.00"
"SCHOOL SAFETY AGENT","39206.00"
"HOSTLER","44397.00"
"CITY CUSTODIAL ASSISTANT","42898.00"
"CITY CUSTODIAL ASSISTANT","42898.00"
"CITY CUSTODIAL ASSISTANT","42898.00"
"CITY CUSTODIAL ASSISTANT","42898.00"
"POLICE ADMINISTRATIVE AIDE","48631.00"
"CITY CUSTODIAL ASSISTANT","42898.00"
"COMMUNITY ASSISTANT","48631.00"
"CITY CUSTODIAL ASSISTANT","42898.00"
"CITY CUSTODIAL ASSISTANT","42898.00"
"CITY CUSTODIAL ASSISTANT","42898.00"
"CITY CUSTODIAL ASSISTANT","42898.00"
"CITY CUSTODIAL ASSISTANT","42898.00"
"CITY CUSTODIAL ASSISTANT","42898.00"
"COMMUNITY ASSISTANT","43460.00"
"CITY CUSTODIAL ASSISTANT","42898.00"
"CITY CUSTODIAL ASSISTANT","42898.00"
"CITY CUSTODIAL ASSISTANT","42898.00"
"CITY CUSTODIAL ASSISTANT","42898.00"
"CITY CUSTODIAL ASSISTANT","42898.00"
"CITY CUSTODIAL ASSISTANT","42898.00"
"CITY CUSTODIAL ASSISTANT","42898.00"
"POLICE COMMUNICATIONS TECHNICIAN","57805.00"
"POLICE COMMUNICATIONS TECHNICIAN","61883.00"
"POLICE OFFICER","59065.00"
"POLICE COMMUNICATIONS TECHNICIAN","61883.00"
"POLICE COMMUNICATIONS TECHNICIAN","61883.00"
"POLICE COMMUNICATIONS TECHNICIAN","61883.00"
"POLICE OFFICER","57976.00"
"POLICE COMMUNICATIONS TECHNICIAN","61883.00"
"POLICE COMMUNICATIONS TECHNICIAN","61883.00"
"POLICE COMMUNICATIONS TECHNICIAN","61883.00"
"POLICE COMMUNICATIONS TECHNICIAN","61883.00"
"POLICE COMMUNICATIONS TECHNICIAN","61883.00"
"POLICE OFFICER","55942.00"
"POLICE COMMUNICATIONS TECHNICIAN","61883.00"
"POLICE COMMUNICATIONS TECHNICIAN","61883.00"
"POLICE COMMUNICATIONS TECHNICIAN","57805.00"
"POLICE COMMUNICATIONS TECHNICIAN","61883.00"
"POLICE COMMUNICATIONS TECHNICIAN","61883.00"
"POLICE COMMUNICATIONS TECHNICIAN","61883.00"
"POLICE COMMUNICATIONS TECHNICIAN","61883.00"
"POLICE OFFICER","55942.00"
"POLICE COMMUNICATIONS TECHNICIAN","61883.00"
"POLICE COMMUNICATIONS TECHNICIAN","52771.00"
"POLICE COMMUNICATIONS TECHNICIAN","57805.00"
"FINGERPRINT TECHNICIAN TRAINEE","40607.00"
"CITY CUSTODIAL ASSISTANT","42898.00"
"POLICE OFFICER","55942.00"
"POLICE ADMINISTRATIVE AIDE","48631.00"
"CASE MANAGEMENT NURSE","106301.00"
"POLICE OFFICER","59065.00"
"POLICE COMMUNICATIONS TECHNICIAN","47221.00"
"POLICE COMMUNICATIONS TECHNICIAN","61883.00"
"POLICE OFFICER","59065.00"
"POLICE COMMUNICATIONS TECHNICIAN","55985.00"
"POLICE OFFICER","55942.00"
"TRAFFIC ENFORCEMENT AGENT","48128.00"
"POLICE COMMUNICATIONS TECHNICIAN","61883.00"
"POLICE COMMUNICATIONS TECHNICIAN","61883.00"
"POLICE OFFICER","55942.00"
"CRIMINALIST","72047.00"
"POLICE OFFICER","55942.00"
"POLICE OFFICER","59065.00"
"POLICE OFFICER","59065.00"
"POLICE OFFICER","60363.00"
"POLICE OFFICER","59065.00"
"SCHOOL SAFETY AGENT","41797.00"
"POLICE COMMUNICATIONS TECHNICIAN","47222.00"
"POLICE COMMUNICATIONS TECHNICIAN","45704.00"
"TRAFFIC ENFORCEMENT AGENT","48769.00"
"POLICE OFFICER","55942.00"
"TRAFFIC ENFORCEMENT AGENT","48769.00"
"POLICE OFFICER","55942.00"
"POLICE OFFICER","57976.00"
"POLICE ADMINISTRATIVE AIDE","40956.00"
"COMMUNITY ASSISTANT","43460.00"
"COMMUNITY ASSISTANT","43460.00"
"POLICE OFFICER","59065.00"
"POLICE ADMINISTRATIVE AIDE","48631.00"
"TRAFFIC ENFORCEMENT AGENT","48769.00"
"POLICE OFFICER","55942.00"
"SCHOOL SAFETY AGENT","39206.00"
"POLICE OFFICER","55942.00"
"POLICE OFFICER","55942.00"
"POLICE OFFICER","57976.00"
"POLICE OFFICER","57976.00"
"POLICE OFFICER","55942.00"
"SCHOOL SAFETY AGENT","41797.00"
"POLICE COMMUNICATIONS TECHNICIAN","61883.00"
"POLICE COMMUNICATIONS TECHNICIAN","57805.00"
"POLICE OFFICER","57976.00"
"POLICE COMMUNICATIONS TECHNICIAN","61883.00"
"POLICE COMMUNICATIONS TECHNICIAN","61883.00"
"POLICE COMMUNICATIONS TECHNICIAN","61883.00"
"TRAFFIC ENFORCEMENT AGENT","47621.00"
"STAFF ANALYST","69631.00"
"POLICE OFFICER","60363.00"
"POLICE COMMUNICATIONS TECHNICIAN","61883.00"
"TRAFFIC ENFORCEMENT AGENT","47185.00"
"POLICE COMMUNICATIONS TECHNICIAN","61883.00"
"POLICE COMMUNICATIONS TECHNICIAN","61883.00"
"TRAFFIC ENFORCEMENT AGENT","48769.00"
"POLICE ADMINISTRATIVE AIDE","42288.00"
"SCHOOL SAFETY AGENT","41797.00"
"TRAFFIC ENFORCEMENT AGENT","48769.00"
"POLICE OFFICER","57976.00"
"SCHOOL SAFETY AGENT","41797.00"
"TRAFFIC ENFORCEMENT AGENT","47621.00"
"POLICE OFFICER","55942.00"
"TRAFFIC ENFORCEMENT AGENT","48769.00"
"POLICE COMMUNICATIONS TECHNICIAN","61883.00"
"POLICE OFFICER","60363.00"
"INTELLIGENCE RESEARCH SPECIALIST-PD","88801.00"
"POLICE OFFICER","55942.00"
"POLICE COMMUNICATIONS TECHNICIAN","61883.00"
"POLICE COMMUNICATIONS TECHNICIAN","45704.00"
"POLICE COMMUNICATIONS TECHNICIAN","45704.00"
"POLICE OFFICER","59065.00"
"COMPUTER ASSOCIATE","66458.00"
"POLICE COMMUNICATIONS TECHNICIAN","45735.00"
"POLICE OFFICER","59065.00"
"AGENCY ATTORNEY","98804.00"
"POLICE OFFICER","55942.00"
"CRIMINALIST","76620.00"
"POLICE OFFICER","57976.00"
"POLICE OFFICER","59065.00"
"POLICE OFFICER","55942.00"
"POLICE OFFICER","60363.00"
"POLICE COMMUNICATIONS TECHNICIAN","57805.00"
"POLICE ADMINISTRATIVE AIDE","48631.00"
"PARALEGAL AIDE","43709.00"
"POLICE OFFICER","59065.00"
"POLICE OFFICER","55942.00"
"POLICE OFFICER","60363.00"
"SCHOOL SAFETY AGENT","40502.00"
"POLICE OFFICER","60363.00"
"POLICE OFFICER","60363.00"
"POLICE OFFICER","60363.00"
"POLICE OFFICER","60363.00"
"POLICE OFFICER","60363.00"
"POLICE OFFICER","60363.00"
"SCHOOL SAFETY AGENT","40580.00"
"POLICE OFFICER","59065.00"
"TRAFFIC ENFORCEMENT AGENT","48128.00"
"SCHOOL SAFETY AGENT","36955.00"
"POLICE OFFICER","55942.00"
"POLICE OFFICER","55942.00"
"POLICE OFFICER","55942.00"
"POLICE OFFICER","57976.00"
"POLICE OFFICER","55942.00"
"POLICE OFFICER","57976.00"
"POLICE OFFICER","59065.00"
"POLICE COMMUNICATIONS TECHNICIAN","61883.00"
"POLICE COMMUNICATIONS TECHNICIAN","61883.00"
"POLICE OFFICER","59065.00"
"POLICE COMMUNICATIONS TECHNICIAN","61883.00"
"POLICE COMMUNICATIONS TECHNICIAN","61883.00"
"POLICE OFFICER","55942.00"
"POLICE OFFICER","60363.00"
"POLICE OFFICER","59065.00"
"POLICE COMMUNICATIONS TECHNICIAN","57805.00"
"POLICE COMMUNICATIONS TECHNICIAN","61883.00"
"POLICE OFFICER","59065.00"
"POLICE COMMUNICATIONS TECHNICIAN","61883.00"
"POLICE OFFICER","60363.00"
"POLICE OFFICER","57976.00"
"TRAFFIC ENFORCEMENT AGENT","48769.00"
"POLICE COMMUNICATIONS TECHNICIAN","61883.00"
"POLICE COMMUNICATIONS TECHNICIAN","61883.00"
"POLICE OFFICER","55942.00"
"POLICE COMMUNICATIONS TECHNICIAN","61883.00"
"POLICE OFFICER","57976.00"
"POLICE COMMUNICATIONS TECHNICIAN","61883.00"
"POLICE OFFICER","57976.00"
"POLICE COMMUNICATIONS TECHNICIAN","61883.00"
"PSYCHOLOGIST","104732.00"
"TRAFFIC ENFORCEMENT AGENT","48769.00"
"POLICE OFFICER","59065.00"
"CRIMINALIST","76620.00"
"CRIMINALIST","76620.00"
"CRIMINALIST","76620.00"
"SCHOOL SAFETY AGENT","41797.00"
"POLICE OFFICER","60363.00"
"POLICE OFFICER","60363.00"
"POLICE OFFICER","57976.00"
"POLICE OFFICER","55942.00"
"POLICE OFFICER","60363.00"
"POLICE ATTENDANT","49688.00"
"POLICE OFFICER","60363.00"
"POLICE OFFICER","60363.00"
"POLICE OFFICER","60363.00"
"POLICE OFFICER","60363.00"
"POLICE OFFICER","60363.00"
"POLICE OFFICER","60363.00"
"POLICE OFFICER","60363.00"
"POLICE OFFICER","60363.00"
"POLICE OFFICER","60363.00"
"POLICE OFFICER","60363.00"
"POLICE OFFICER","59065.00"
"POLICE OFFICER","60363.00"
"POLICE OFFICER","60363.00"
"POLICE OFFICER","57976.00"
"POLICE OFFICER","56793.00"
"POLICE OFFICER","60363.00"
"POLICE OFFICER","60363.00"
"POLICE OFFICER","60363.00"
"POLICE OFFICER","60363.00"
"POLICE OFFICER D/A DETECTIVE 1ST GR","144462.00"
"POLICE OFFICER","60363.00"
"POLICE OFFICER","60363.00"
"POLICE OFFICER","60363.00"
"POLICE OFFICER","60363.00"
"POLICE OFFICER","60363.00"
"POLICE OFFICER","60363.00"
"POLICE OFFICER","60363.00"
"POLICE OFFICER","60363.00"
"POLICE OFFICER","60363.00"
"POLICE OFFICER","60363.00"
"POLICE OFFICER","60363.00"
"POLICE OFFICER","60363.00"
"POLICE OFFICER","60363.00"
"POLICE OFFICER","60363.00"
"POLICE OFFICER","60363.00"
"POLICE OFFICER","60363.00"
"POLICE OFFICER","60363.00"
"POLICE OFFICER","60363.00"
"POLICE OFFICER","56793.00"
"POLICE OFFICER","60363.00"
"POLICE OFFICER","60363.00"
"POLICE OFFICER","60363.00"
"POLICE OFFICER","60363.00"
"POLICE OFFICER","60363.00"
"POLICE OFFICER","60363.00"
"POLICE OFFICER","60363.00"
"POLICE OFFICER","60363.00"
"POLICE OFFICER","60363.00"
"POLICE OFFICER","60363.00"
"POLICE OFFICER","60363.00"
"POLICE OFFICER","60363.00"
"POLICE OFFICER","60363.00"
"POLICE OFFICER","60363.00"
"POLICE OFFICER","60363.00"
"POLICE OFFICER","60363.00"
"POLICE OFFICER","60363.00"
"POLICE OFFICER","59065.00"
"POLICE OFFICER","60363.00"
"POLICE OFFICER","57976.00"
"POLICE OFFICER","60363.00"
"P.O. DA DET GR3","84599.00"
"POLICE OFFICER","60363.00"
"POLICE OFFICER","59065.00"
"POLICE OFFICER","60363.00"
"POLICE OFFICER","60363.00"
"POLICE OFFICER","60363.00"
"POLICE OFFICER","60363.00"
"POLICE OFFICER","60363.00"
"POLICE OFFICER","60363.00"
"POLICE ATTENDANT","49688.00"
"POLICE OFFICER","60363.00"
"POLICE OFFICER","60363.00"
"POLICE OFFICER","60363.00"
"POLICE OFFICER","60363.00"
"POLICE OFFICER","57976.00"
"POLICE OFFICER","60363.00"
"P.O. DA DET GR3","84599.00"
"POLICE OFFICER","60363.00"
"POLICE OFFICER","60363.00"
"POLICE OFFICER","60363.00"
"POLICE OFFICER","60363.00"
"POLICE OFFICER","60363.00"
"POLICE OFFICER","56793.00"
"POLICE OFFICER","60363.00"
"POLICE OFFICER","60363.00"
"POLICE OFFICER","59065.00"
"POLICE OFFICER","59065.00"
"POLICE OFFICER","60363.00"
"POLICE OFFICER","60363.00"
"POLICE OFFICER","60363.00"
"POLICE OFFICER","60363.00"
"POLICE OFFICER","60363.00"
"POLICE OFFICER","60363.00"
"POLICE OFFICER","60363.00"
"POLICE OFFICER","60363.00"
"POLICE OFFICER","60363.00"
"POLICE OFFICER","60363.00"
"POLICE OFFICER","57976.00"
"TRAFFIC ENFORCEMENT AGENT","44020.00"
"POLICE COMMUNICATIONS TECHNICIAN","45704.00"
"SENIOR IT ARCHITECT","188159.00"
"POLICE OFFICER","57976.00"
"POLICE OFFICER","60363.00"
"POLICE OFFICER","60363.00"
"POLICE OFFICER","60363.00"
"POLICE OFFICER","60363.00"
"POLICE OFFICER","59065.00"
"POLICE OFFICER","60363.00"
"POLICE OFFICER","60363.00"
"SCHOOL SAFETY AGENT","38064.00"
"POLICE OFFICER","60363.00"
"POLICE OFFICER","60363.00"
"POLICE OFFICER","60363.00"
"POLICE OFFICER","60363.00"
"POLICE OFFICER","60363.00"
"POLICE OFFICER","60363.00"
"POLICE OFFICER","60363.00"
"POLICE OFFICER","60363.00"
"POLICE OFFICER","60363.00"
"POLICE OFFICER","60363.00"
"POLICE OFFICER","60363.00"
"POLICE OFFICER","60363.00"
"POLICE OFFICER","60363.00"
"POLICE OFFICER","60363.00"
"POLICE OFFICER","60363.00"
"POLICE OFFICER","60363.00"
"POLICE OFFICER","60363.00"
"POLICE OFFICER","59065.00"
"POLICE OFFICER","60363.00"
"POLICE OFFICER","60363.00"
"POLICE OFFICER","60363.00"
"POLICE OFFICER","60363.00"
"POLICE OFFICER","60363.00"
"POLICE OFFICER","60363.00"
"POLICE OFFICER","60363.00"
"POLICE OFFICER","60363.00"
"POLICE OFFICER","60363.00"
"POLICE OFFICER","60363.00"
"POLICE OFFICER","60363.00"
"POLICE OFFICER","56793.00"
"POLICE OFFICER","60363.00"
"POLICE OFFICER","60363.00"
"POLICE OFFICER","60363.00"
"POLICE OFFICER","60363.00"
"POLICE OFFICER","60363.00"
"POLICE OFFICER","60363.00"
"POLICE OFFICER","60363.00"
"POLICE OFFICER","60363.00"
"POLICE OFFICER","59065.00"
"POLICE OFFICER","60363.00"
"POLICE OFFICER","60363.00"
"POLICE OFFICER","60363.00"
"POLICE OFFICER","60363.00"
"POLICE OFFICER","60363.00"
"POLICE OFFICER","60363.00"
"POLICE OFFICER","59065.00"
"POLICE OFFICER","60363.00"
"POLICE OFFICER","60363.00"
"POLICE OFFICER","60363.00"
"POLICE OFFICER","60363.00"
"POLICE OFFICER","60363.00"
"POLICE OFFICER","60363.00"
"POLICE OFFICER","60363.00"
"POLICE OFFICER","60363.00"
"POLICE OFFICER","59065.00"
"POLICE OFFICER","60363.00"
"POLICE OFFICER","60363.00"
"POLICE OFFICER","60363.00"
"POLICE OFFICER","59065.00"
"POLICE OFFICER","60363.00"
"POLICE OFFICER","60363.00"
"POLICE OFFICER","60363.00"
"POLICE OFFICER","59065.00"
"POLICE OFFICER","60363.00"
"POLICE OFFICER","60363.00"
"POLICE OFFICER","60363.00"
"POLICE OFFICER","60363.00"
"POLICE OFFICER","60363.00"
"POLICE OFFICER","60363.00"
"POLICE OFFICER","60363.00"
"POLICE OFFICER","60363.00"
"POLICE OFFICER","60363.00"
"POLICE OFFICER","60363.00"
"POLICE OFFICER","60363.00"
"POLICE OFFICER","60363.00"
"POLICE OFFICER","59065.00"
"POLICE OFFICER","60363.00"
"POLICE OFFICER","60363.00"
"POLICE OFFICER","60363.00"
"POLICE OFFICER","60363.00"
"POLICE OFFICER","60363.00"
"POLICE OFFICER","60363.00"
"POLICE OFFICER","59065.00"
"POLICE OFFICER","60363.00"
"POLICE OFFICER","60363.00"
"POLICE OFFICER","60363.00"
"POLICE OFFICER","59065.00"
"POLICE OFFICER","60363.00"
"POLICE OFFICER","60363.00"
"POLICE OFFICER","60363.00"
"POLICE OFFICER","60363.00"
"POLICE OFFICER","60363.00"
"POLICE OFFICER","60363.00"
"POLICE OFFICER","60363.00"
"POLICE OFFICER","56793.00"
"POLICE OFFICER","60363.00"
"POLICE OFFICER","56793.00"
"POLICE OFFICER","60363.00"
"POLICE OFFICER","60363.00"
"POLICE OFFICER","55942.00"
"POLICE OFFICER","60363.00"
"POLICE OFFICER","60363.00"
"POLICE OFFICER","60363.00"
"POLICE OFFICER","60363.00"
"POLICE OFFICER","60363.00"
"POLICE OFFICER","60363.00"
"POLICE OFFICER","60363.00"
"POLICE OFFICER","60363.00"
"POLICE OFFICER","59065.00"
"POLICE OFFICER","60363.00"
"POLICE OFFICER","60363.00"
"POLICE OFFICER","60363.00"
"POLICE OFFICER","60363.00"
"POLICE OFFICER","60363.00"
"POLICE OFFICER","60363.00"
"POLICE OFFICER","60363.00"
"POLICE OFFICER","60363.00"
"POLICE OFFICER","59065.00"
"POLICE OFFICER","60363.00"
"POLICE OFFICER","60363.00"
"POLICE OFFICER","60363.00"
"POLICE OFFICER","60363.00"
"POLICE OFFICER","60363.00"
"POLICE OFFICER","60363.00"
"POLICE OFFICER","60363.00"
"POLICE OFFICER","60363.00"
"POLICE OFFICER","60363.00"
"POLICE OFFICER","60363.00"
"POLICE OFFICER","60363.00"
"POLICE OFFICER","60363.00"
"POLICE OFFICER","60363.00"
"POLICE OFFICER","60363.00"
"POLICE OFFICER","60363.00"
"POLICE OFFICER","60363.00"
"POLICE OFFICER","60363.00"
"POLICE OFFICER","60363.00"
"POLICE OFFICER","60363.00"
"POLICE OFFICER","60363.00"
"P.O. DET SPEC","78090.00"
"POLICE OFFICER","60363.00"
"POLICE OFFICER","60363.00"
"POLICE OFFICER","60363.00"
"POLICE OFFICER","60363.00"
"POLICE OFFICER","60363.00"
"POLICE OFFICER","60363.00"
"POLICE OFFICER","60363.00"
"POLICE OFFICER","59065.00"
"POLICE OFFICER","60363.00"
"POLICE OFFICER","60363.00"
"POLICE OFFICER","60363.00"
"POLICE OFFICER","60363.00"
"POLICE OFFICER","60363.00"
"POLICE OFFICER","60363.00"
"POLICE OFFICER","60363.00"
"POLICE OFFICER","60363.00"
"POLICE OFFICER","60363.00"
"POLICE OFFICER","60363.00"
"POLICE OFFICER","60363.00"
"POLICE OFFICER","55942.00"
"POLICE OFFICER","60363.00"
"POLICE OFFICER","60363.00"
"POLICE OFFICER","60363.00"
"POLICE OFFICER","59065.00"
"POLICE OFFICER","60363.00"
"POLICE OFFICER","60363.00"
"POLICE OFFICER","60363.00"
"POLICE OFFICER","60363.00"
"POLICE OFFICER","60363.00"
"POLICE OFFICER","60363.00"
"POLICE OFFICER","56793.00"
"POLICE OFFICER","60363.00"
"POLICE OFFICER","60363.00"
"POLICE OFFICER","60363.00"
"POLICE OFFICER","60363.00"
"POLICE OFFICER","60363.00"
"POLICE OFFICER","59065.00"
"POLICE OFFICER","60363.00"
"POLICE OFFICER","60363.00"
"POLICE OFFICER","60363.00"
"POLICE OFFICER","60363.00"
"POLICE OFFICER","60363.00"
"POLICE OFFICER","60363.00"
"POLICE OFFICER","60363.00"
"POLICE OFFICER","60363.00"
"POLICE OFFICER","60363.00"
"POLICE OFFICER","60363.00"
"POLICE OFFICER","60363.00"
"POLICE OFFICER","60363.00"
"POLICE OFFICER","60363.00"
"POLICE OFFICER","60363.00"
"POLICE OFFICER","60363.00"
"POLICE OFFICER","60363.00"
"POLICE OFFICER","60363.00"
"POLICE OFFICER","60363.00"
"POLICE OFFICER","60363.00"
"POLICE OFFICER","60363.00"
"POLICE OFFICER","60363.00"
"POLICE OFFICER","60363.00"
"POLICE OFFICER","60363.00"
"POLICE OFFICER","60363.00"
"POLICE OFFICER","60363.00"
"POLICE OFFICER","60363.00"
"POLICE OFFICER","60363.00"
"POLICE OFFICER","60363.00"
"POLICE OFFICER","60363.00"
"POLICE OFFICER","55942.00"
"POLICE OFFICER","60363.00"
"POLICE OFFICER","60363.00"
"POLICE OFFICER","60363.00"
"POLICE OFFICER","60363.00"
"POLICE OFFICER","60363.00"
"POLICE OFFICER","60363.00"
"POLICE OFFICER","56793.00"
"POLICE OFFICER","60363.00"
"POLICE OFFICER","60363.00"
"POLICE OFFICER","60363.00"
"POLICE OFFICER","60363.00"
"POLICE OFFICER","60363.00"
"POLICE OFFICER","60363.00"
"POLICE OFFICER","60363.00"
"POLICE OFFICER","60363.00"
"POLICE OFFICER","60363.00"
"POLICE OFFICER","60363.00"
"POLICE OFFICER","60363.00"
"POLICE OFFICER","60363.00"
"POLICE OFFICER","60363.00"
"POLICE OFFICER","59065.00"
"POLICE OFFICER","57976.00"
"POLICE OFFICER","60363.00"
"POLICE OFFICER","60363.00"
"POLICE OFFICER","60363.00"
"POLICE OFFICER","60363.00"
"POLICE OFFICER","60363.00"
"POLICE OFFICER","60363.00"
"POLICE OFFICER","60363.00"
"POLICE OFFICER","59065.00"
"POLICE OFFICER","60363.00"
"POLICE OFFICER","60363.00"
"POLICE OFFICER","60363.00"
"POLICE OFFICER","60363.00"
"POLICE OFFICER","60363.00"
"POLICE OFFICER","60363.00"
"POLICE OFFICER","60363.00"
"POLICE OFFICER","60363.00"
"POLICE OFFICER","60363.00"
"POLICE OFFICER","55942.00"
"POLICE OFFICER","59065.00"
"POLICE OFFICER","60363.00"
"POLICE OFFICER","60363.00"
"POLICE OFFICER","60363.00"
"POLICE OFFICER","60363.00"
"POLICE OFFICER","55942.00"
"POLICE OFFICER","60363.00"
"POLICE OFFICER","60363.00"
"POLICE OFFICER","60363.00"
"POLICE OFFICER","60363.00"
"POLICE OFFICER","60363.00"
"POLICE OFFICER","60363.00"
"POLICE OFFICER","59065.00"
"POLICE OFFICER","60363.00"
"POLICE OFFICER","60363.00"
"POLICE OFFICER","60363.00"
"POLICE OFFICER","60363.00"
"POLICE OFFICER","60363.00"
"POLICE OFFICER","60363.00"
"POLICE OFFICER","60363.00"
"POLICE OFFICER","60363.00"
"POLICE OFFICER","60363.00"
"POLICE OFFICER","60363.00"
"POLICE OFFICER","60363.00"
"POLICE OFFICER","60363.00"
"POLICE OFFICER","60363.00"
"POLICE OFFICER","60363.00"
"POLICE OFFICER","60363.00"
"POLICE OFFICER","59065.00"
"POLICE OFFICER","56793.00"
"POLICE OFFICER","60363.00"
"POLICE OFFICER","60363.00"
"POLICE OFFICER","60363.00"
"POLICE OFFICER","56793.00"
"POLICE OFFICER","60363.00"
"POLICE OFFICER","60363.00"
"POLICE OFFICER","60363.00"
"POLICE OFFICER","55942.00"
"POLICE OFFICER","50620.00"
"POLICE OFFICER","60363.00"
"POLICE OFFICER","60363.00"
"POLICE OFFICER","60363.00"
"POLICE OFFICER","60363.00"
"POLICE OFFICER","59065.00"
"POLICE OFFICER","60363.00"
"POLICE OFFICER","60363.00"
"POLICE OFFICER","60363.00"
"POLICE OFFICER","60363.00"
"POLICE OFFICER","60363.00"
"POLICE OFFICER","60363.00"
"TRAFFIC ENFORCEMENT AGENT","47621.00"
"POLICE OFFICER","59065.00"
"POLICE OFFICER","57976.00"
"POLICE OFFICER","59065.00"
"POLICE OFFICER","57976.00"
"COMMUNITY COORDINATOR","87290.00"
"POLICE OFFICER","57976.00"
"POLICE OFFICER","57976.00"
"POLICE OFFICER","59065.00"
"INVESTIGATOR","48206.00"
"SCHOOL SAFETY AGENT","40502.00"
"SCHOOL SAFETY AGENT","40502.00"
"POLICE OFFICER","57976.00"
"P.O. DA DET GR3","72898.00"
"SCHOOL SAFETY AGENT","41797.00"
"POLICE OFFICER","55942.00"
"POLICE OFFICER","55942.00"
"POLICE OFFICER","57976.00"
"POLICE OFFICER","55942.00"
"POLICE OFFICER","57976.00"
"POLICE OFFICER","57976.00"
"POLICE OFFICER","57976.00"
"POLICE OFFICER","55942.00"
"POLICE OFFICER","55942.00"
"POLICE OFFICER","57976.00"
"POLICE OFFICER","57976.00"
"POLICE OFFICER","57976.00"
"POLICE OFFICER","57976.00"
"POLICE OFFICER","57976.00"
"POLICE OFFICER","57976.00"
"POLICE OFFICER","57976.00"
"POLICE OFFICER","55942.00"
"POLICE OFFICER","57976.00"
"POLICE OFFICER","57976.00"
"POLICE OFFICER","57976.00"
"POLICE OFFICER","57976.00"
"POLICE OFFICER","55942.00"
"POLICE OFFICER","57976.00"
"POLICE OFFICER","57976.00"
"POLICE OFFICER","55942.00"
"POLICE OFFICER","57976.00"
"POLICE OFFICER","55942.00"
"POLICE OFFICER","57976.00"
"POLICE OFFICER","55942.00"
"POLICE OFFICER","57976.00"
"POLICE OFFICER","57976.00"
"POLICE OFFICER","55942.00"
"POLICE OFFICER","57976.00"
"POLICE OFFICER","55942.00"
"POLICE OFFICER","57976.00"
"POLICE OFFICER","57976.00"
"POLICE OFFICER","57976.00"
"POLICE OFFICER","57976.00"
"POLICE OFFICER","59065.00"
"POLICE OFFICER","57976.00"
"POLICE OFFICER","55942.00"
"POLICE OFFICER","57976.00"
"POLICE OFFICER","57976.00"
"POLICE OFFICER","55942.00"
"POLICE OFFICER","57976.00"
"POLICE OFFICER","57976.00"
"POLICE OFFICER","55942.00"
"POLICE OFFICER","55942.00"
"POLICE OFFICER","57976.00"
"POLICE OFFICER","55942.00"
"POLICE OFFICER","57976.00"
"POLICE OFFICER","57976.00"
"POLICE OFFICER","57976.00"
"POLICE OFFICER","55942.00"
"POLICE OFFICER","55942.00"
"POLICE OFFICER","57976.00"
"POLICE OFFICER","55942.00"
"POLICE OFFICER","57976.00"
"POLICE OFFICER","57976.00"
"POLICE OFFICER","55942.00"
"POLICE OFFICER","57976.00"
"POLICE OFFICER","57976.00"
"POLICE OFFICER","57976.00"
"POLICE OFFICER","59065.00"
"POLICE OFFICER","57976.00"
"POLICE OFFICER","55942.00"
"POLICE OFFICER","57976.00"
"POLICE OFFICER","57976.00"
"POLICE OFFICER","57976.00"
"POLICE OFFICER","57976.00"
"POLICE OFFICER","55942.00"
"POLICE OFFICER","55942.00"
"POLICE OFFICER","55942.00"
"POLICE OFFICER","57976.00"
"POLICE OFFICER","55942.00"
"POLICE OFFICER","55942.00"
"POLICE OFFICER","57976.00"
"POLICE COMMUNICATIONS TECHNICIAN","57805.00"
"POLICE OFFICER","55942.00"
"POLICE COMMUNICATIONS TECHNICIAN","61883.00"
"POLICE OFFICER","59065.00"
"POLICE OFFICER","57976.00"
"POLICE COMMUNICATIONS TECHNICIAN","57805.00"
"POLICE COMMUNICATIONS TECHNICIAN","61883.00"
"POLICE COMMUNICATIONS TECHNICIAN","61883.00"
"POLICE OFFICER","59065.00"
"POLICE COMMUNICATIONS TECHNICIAN","61883.00"
"POLICE COMMUNICATIONS TECHNICIAN","55985.00"
"POLICE COMMUNICATIONS TECHNICIAN","61883.00"
"POLICE COMMUNICATIONS TECHNICIAN","55985.00"
"POLICE COMMUNICATIONS TECHNICIAN","61883.00"
"POLICE COMMUNICATIONS TECHNICIAN","61883.00"
"POLICE COMMUNICATIONS TECHNICIAN","45704.00"
"POLICE COMMUNICATIONS TECHNICIAN","61883.00"
"POLICE COMMUNICATIONS TECHNICIAN","44403.00"
"POLICE COMMUNICATIONS TECHNICIAN","61883.00"
"POLICE COMMUNICATIONS TECHNICIAN","61883.00"
"POLICE COMMUNICATIONS TECHNICIAN","61883.00"
"POLICE COMMUNICATIONS TECHNICIAN","57805.00"
"POLICE COMMUNICATIONS TECHNICIAN","45735.00"
"POLICE OFFICER","57976.00"
"POLICE COMMUNICATIONS TECHNICIAN","61883.00"
"POLICE OFFICER","55942.00"
"POLICE ADMINISTRATIVE AIDE","48631.00"
"POLICE OFFICER","55942.00"
"POLICE OFFICER","59065.00"
"POLICE OFFICER","55942.00"
"ADMINISTRATIVE PSYCHOLOGIST","169589.00"
"SCHOOL SAFETY AGENT","39206.00"
"POLICE OFFICER","55942.00"
"POLICE OFFICER","59065.00"
"SCHOOL SAFETY AGENT","38177.00"
"SCHOOL SAFETY AGENT","39206.00"
"POLICE OFFICER","57976.00"
"POLICE ADMINISTRATIVE AIDE","48631.00"
"BOOKBINDER","49332.00"
"POLICE OFFICER","55942.00"
"BOOKKEEPER","57953.00"
"POLICE OFFICER","59065.00"
"POLICE OFFICER","57976.00"
"POLICE OFFICER","55942.00"
"POLICE OFFICER","55942.00"
"SCHOOL SAFETY AGENT","41797.00"
"POLICE OFFICER","57976.00"
"STOCK WORKER","42547.00"
"POLICE COMMUNICATIONS TECHNICIAN","47221.00"
"IT SECURITY SPECIALIST","136517.00"
"ASSOCIATE FINGERPRINT TECHNICIAN","46242.00"
"POLICE OFFICER","55942.00"
"POLICE OFFICER","55942.00"
"TRAFFIC ENFORCEMENT AGENT","48769.00"
"POLICE OFFICER","55942.00"
"TRAFFIC ENFORCEMENT AGENT","48769.00"
"TRAFFIC ENFORCEMENT AGENT","48769.00"
"TRAFFIC ENFORCEMENT AGENT","48769.00"
"POLICE OFFICER","57976.00"
"TRAFFIC ENFORCEMENT AGENT","46726.00"
"POLICE OFFICER","55942.00"
"POLICE OFFICER","55942.00"
"TRAFFIC ENFORCEMENT AGENT","46726.00"
"TRAFFIC ENFORCEMENT AGENT","46726.00"
"TRAFFIC ENFORCEMENT AGENT","48769.00"
"POLICE OFFICER","59065.00"
"POLICE OFFICER","59065.00"
"POLICE OFFICER","59065.00"
"MEDIA SERVICES TECHNICIAN","48170.00"
"CITY CUSTODIAL ASSISTANT","41548.00"
"CITY CUSTODIAL ASSISTANT","42898.00"
"CITY CUSTODIAL ASSISTANT","42898.00"
"CITY CUSTODIAL ASSISTANT","42898.00"
"CITY CUSTODIAL ASSISTANT","42898.00"
"CITY CUSTODIAL ASSISTANT","42898.00"
"CITY CUSTODIAL ASSISTANT","41548.00"
"CRIME ANALYST","63667.00"
"POLICE OFFICER","55942.00"
"POLICE OFFICER","57976.00"
"POLICE OFFICER","55942.00"
"POLICE OFFICER","55942.00"
"POLICE OFFICER","55942.00"
"POLICE OFFICER","55942.00"
"POLICE OFFICER","57976.00"
"POLICE OFFICER","57976.00"
"POLICE OFFICER","57976.00"
"POLICE OFFICER","57976.00"
"POLICE OFFICER","57976.00"
"POLICE OFFICER","55942.00"
"POLICE OFFICER","57976.00"
"POLICE OFFICER","55942.00"
"POLICE OFFICER","55942.00"
"POLICE OFFICER","55942.00"
"POLICE OFFICER","55942.00"
"POLICE OFFICER","55942.00"
"POLICE OFFICER","55942.00"
"POLICE OFFICER","55942.00"
"POLICE OFFICER","57976.00"
"POLICE OFFICER","55942.00"
"POLICE OFFICER","55942.00"
"POLICE OFFICER","57976.00"
"POLICE OFFICER","57976.00"
"POLICE OFFICER","55942.00"
"POLICE OFFICER","57976.00"
"POLICE OFFICER","57976.00"
"POLICE OFFICER","55942.00"
"POLICE OFFICER","57976.00"
"POLICE OFFICER","55942.00"
"POLICE OFFICER","55942.00"
"POLICE OFFICER","57976.00"
"POLICE OFFICER","55942.00"
"POLICE OFFICER","55942.00"
"POLICE OFFICER","55942.00"
"POLICE OFFICER","57976.00"
"POLICE OFFICER","55942.00"
"POLICE OFFICER","55942.00"
"POLICE OFFICER","57976.00"
"POLICE OFFICER","59065.00"
"POLICE OFFICER","59065.00"
"POLICE OFFICER","59065.00"
"POLICE OFFICER","59065.00"
"POLICE OFFICER","59065.00"
"POLICE OFFICER","57976.00"
"POLICE OFFICER","53790.00"
"POLICE OFFICER","59065.00"
"POLICE OFFICER","59065.00"
"POLICE OFFICER","59065.00"
"POLICE OFFICER","57976.00"
"POLICE OFFICER","59065.00"
"POLICE OFFICER","59065.00"
"POLICE OFFICER","59065.00"
"POLICE OFFICER","59065.00"
"POLICE OFFICER","59065.00"
"POLICE OFFICER","57976.00"
"POLICE OFFICER","59065.00"
"POLICE OFFICER","59065.00"
"POLICE OFFICER","59065.00"
"POLICE OFFICER","59065.00"
"POLICE OFFICER","59065.00"
"POLICE OFFICER","59065.00"
"POLICE OFFICER","59065.00"
"POLICE OFFICER","55746.00"
"POLICE OFFICER","59065.00"
"POLICE OFFICER","59065.00"
"POLICE OFFICER","57976.00"
"POLICE OFFICER","59065.00"
"POLICE OFFICER","57976.00"
"POLICE OFFICER","59065.00"
"POLICE OFFICER","59065.00"
"POLICE OFFICER","59065.00"
"POLICE OFFICER","59065.00"
"POLICE OFFICER","59065.00"
"POLICE OFFICER","59065.00"
"POLICE OFFICER","59065.00"
"POLICE OFFICER","59065.00"
"POLICE OFFICER","59065.00"
"POLICE OFFICER","57976.00"
"POLICE OFFICER","57976.00"
"POLICE OFFICER","59065.00"
"POLICE OFFICER","57976.00"
"POLICE OFFICER","59065.00"
"POLICE OFFICER","59065.00"
"POLICE OFFICER","59065.00"
"POLICE OFFICER","59065.00"
"POLICE OFFICER","59065.00"
"POLICE OFFICER","59065.00"
"POLICE OFFICER","59065.00"
"POLICE OFFICER","59065.00"
"POLICE OFFICER","59065.00"
"POLICE OFFICER","59065.00"
"POLICE OFFICER","59065.00"
"POLICE OFFICER","57976.00"
"POLICE OFFICER","55942.00"
"POLICE OFFICER","59065.00"
"POLICE OFFICER","59065.00"
"POLICE OFFICER","59065.00"
"POLICE OFFICER","59065.00"
"POLICE OFFICER","59065.00"
"POLICE OFFICER","59065.00"
"POLICE OFFICER","55942.00"
"POLICE OFFICER","59065.00"
"POLICE OFFICER","59065.00"
"POLICE OFFICER","59065.00"
"POLICE OFFICER","59065.00"
"POLICE OFFICER","59065.00"
"POLICE OFFICER","59065.00"
"POLICE OFFICER","53790.00"
"POLICE OFFICER","59065.00"
"POLICE OFFICER","59065.00"
"POLICE OFFICER","59065.00"
"POLICE OFFICER","59065.00"
"POLICE OFFICER","59065.00"
"POLICE OFFICER","59065.00"
"POLICE OFFICER","59065.00"
"POLICE OFFICER","59065.00"
"POLICE OFFICER","59065.00"
"POLICE OFFICER","59065.00"
"POLICE OFFICER","59065.00"
"POLICE OFFICER","57976.00"
"POLICE OFFICER","59065.00"
"POLICE OFFICER","59065.00"
"POLICE OFFICER","59065.00"
"POLICE OFFICER","59065.00"
"POLICE OFFICER","57976.00"
"POLICE OFFICER","59065.00"
"POLICE OFFICER","59065.00"
"POLICE OFFICER","59065.00"
"POLICE OFFICER","59065.00"
"POLICE OFFICER","59065.00"
"POLICE OFFICER","59065.00"
"POLICE OFFICER","59065.00"
"POLICE OFFICER","59065.00"
"POLICE OFFICER","59065.00"
"POLICE OFFICER","59065.00"
"POLICE OFFICER","59065.00"
"POLICE OFFICER","59065.00"
"POLICE OFFICER","59065.00"
"POLICE OFFICER","55746.00"
"POLICE OFFICER","59065.00"
"POLICE OFFICER","59065.00"
"POLICE OFFICER","59065.00"
"POLICE OFFICER","59065.00"
"POLICE OFFICER","59065.00"
"POLICE OFFICER","59065.00"
"POLICE OFFICER","57976.00"
"POLICE OFFICER","59065.00"
"POLICE OFFICER","59065.00"
"POLICE OFFICER","59065.00"
"POLICE OFFICER","59065.00"
"POLICE OFFICER","59065.00"
"POLICE OFFICER","59065.00"
"POLICE OFFICER","59065.00"
"POLICE OFFICER","59065.00"
"POLICE OFFICER","59065.00"
"POLICE OFFICER","59065.00"
"POLICE OFFICER","59065.00"
"POLICE OFFICER","55746.00"
"POLICE OFFICER","59065.00"
"POLICE OFFICER","59065.00"
"POLICE OFFICER","59065.00"
"POLICE OFFICER","59065.00"
"POLICE OFFICER","59065.00"
"POLICE OFFICER","55746.00"
"POLICE OFFICER","59065.00"
"POLICE OFFICER","59065.00"
"POLICE OFFICER","55942.00"
"POLICE OFFICER","59065.00"
"POLICE OFFICER","59065.00"
"POLICE OFFICER","59065.00"
"POLICE OFFICER","59065.00"
"POLICE OFFICER","59065.00"
"POLICE OFFICER","59065.00"
"POLICE OFFICER","59065.00"
"POLICE OFFICER","59065.00"
"POLICE OFFICER","59065.00"
"POLICE OFFICER","59065.00"
"POLICE OFFICER","59065.00"
"POLICE OFFICER","59065.00"
"POLICE OFFICER","59065.00"
"POLICE OFFICER","59065.00"
"POLICE OFFICER","59065.00"
"POLICE OFFICER","59065.00"
"POLICE OFFICER","59065.00"
"POLICE OFFICER","59065.00"
"POLICE OFFICER","53790.00"
"POLICE OFFICER","59065.00"
"POLICE OFFICER","59065.00"
"POLICE OFFICER","59065.00"
"POLICE OFFICER","59065.00"
"POLICE OFFICER","59065.00"
"POLICE OFFICER","59065.00"
"POLICE OFFICER","53790.00"
"POLICE OFFICER","59065.00"
"POLICE OFFICER","59065.00"
"POLICE OFFICER","57976.00"
"TRAFFIC ENFORCEMENT AGENT","48128.00"
"POLICE ADMINISTRATIVE AIDE","47100.00"
"POLICE OFFICER","55942.00"
"POLICE ADMINISTRATIVE AIDE","47100.00"
"POLICE ADMINISTRATIVE AIDE","48631.00"
"POLICE ADMINISTRATIVE AIDE","40956.00"
"POLICE ADMINISTRATIVE AIDE","48631.00"
"POLICE ADMINISTRATIVE AIDE","47100.00"
"COMMUNITY ASSISTANT","48631.00"
"POLICE ADMINISTRATIVE AIDE","48631.00"
"POLICE ADMINISTRATIVE AIDE","48631.00"
"POLICE ADMINISTRATIVE AIDE","48631.00"
"POLICE ADMINISTRATIVE AIDE","48631.00"
"POLICE ADMINISTRATIVE AIDE","48631.00"
"POLICE ADMINISTRATIVE AIDE","48631.00"
"POLICE ADMINISTRATIVE AIDE","48631.00"
"POLICE ADMINISTRATIVE AIDE","48631.00"
"POLICE ADMINISTRATIVE AIDE","48631.00"
"POLICE ADMINISTRATIVE AIDE","48631.00"
"POLICE ADMINISTRATIVE AIDE","47100.00"
"COMMUNITY ASSISTANT","48631.00"
"POLICE ADMINISTRATIVE AIDE","48631.00"
"POLICE ADMINISTRATIVE AIDE","48631.00"
"POLICE OFFICER","55942.00"
"POLICE ADMINISTRATIVE AIDE","48631.00"
"POLICE ADMINISTRATIVE AIDE","48631.00"
"POLICE ADMINISTRATIVE AIDE","48631.00"
"POLICE ADMINISTRATIVE AIDE","48631.00"
"POLICE ADMINISTRATIVE AIDE","48631.00"
"POLICE ADMINISTRATIVE AIDE","48631.00"
"COMMUNITY ASSISTANT","48631.00"
"POLICE ADMINISTRATIVE AIDE","48631.00"
"POLICE ADMINISTRATIVE AIDE","48631.00"
"POLICE OFFICER","55942.00"
"COMMUNITY ASSISTANT","48631.00"
"POLICE ADMINISTRATIVE AIDE","42288.00"
"POLICE ADMINISTRATIVE AIDE","48631.00"
"POLICE ADMINISTRATIVE AIDE","48631.00"
"POLICE OFFICER","57976.00"
"TRAFFIC ENFORCEMENT AGENT","48128.00"
"TRAFFIC ENFORCEMENT AGENT","48128.00"
"TRAFFIC ENFORCEMENT AGENT","48128.00"
"TRAFFIC ENFORCEMENT AGENT","48128.00"
"TRAFFIC ENFORCEMENT AGENT","48128.00"
"TRAFFIC ENFORCEMENT AGENT","48128.00"
"POLICE OFFICER","57976.00"
"POLICE OFFICER","55942.00"
"TRAFFIC ENFORCEMENT AGENT","46234.00"
"POLICE OFFICER","55942.00"
"TRAFFIC ENFORCEMENT AGENT","48128.00"
"TRAFFIC ENFORCEMENT AGENT","48128.00"
"TRAFFIC ENFORCEMENT AGENT","48128.00"
"TRAFFIC ENFORCEMENT AGENT","48128.00"
"TRAFFIC ENFORCEMENT AGENT","48128.00"
"POLICE OFFICER","55942.00"
"TRAFFIC ENFORCEMENT AGENT","48128.00"
"TRAFFIC ENFORCEMENT AGENT","47621.00"
"TRAFFIC ENFORCEMENT AGENT","48128.00"
"TRAFFIC ENFORCEMENT AGENT","48128.00"
"TRAFFIC ENFORCEMENT AGENT","48128.00"
"POLICE OFFICER","55942.00"
"TRAFFIC ENFORCEMENT AGENT","47621.00"
"TRAFFIC ENFORCEMENT AGENT","48128.00"
"POLICE OFFICER","55942.00"
"TRAFFIC ENFORCEMENT AGENT","48128.00"
"TRAFFIC ENFORCEMENT AGENT","48128.00"
"TRAFFIC ENFORCEMENT AGENT","47621.00"
"POLICE OFFICER","57976.00"
"TRAFFIC ENFORCEMENT AGENT","48128.00"
"TRAFFIC ENFORCEMENT AGENT","48128.00"
"TRAFFIC ENFORCEMENT AGENT","48128.00"
"TRAFFIC ENFORCEMENT AGENT","48128.00"
"TRAFFIC ENFORCEMENT AGENT","48128.00"
"TRAFFIC ENFORCEMENT AGENT","48128.00"
"TRAFFIC ENFORCEMENT AGENT","48128.00"
"TRAFFIC ENFORCEMENT AGENT","48128.00"
"POLICE COMMUNICATIONS TECHNICIAN","47222.00"
"POLICE OFFICER","55942.00"
"POLICE OFFICER","55942.00"
"CRIME ANALYST","63667.00"
"POLICE OFFICER","55942.00"
"POLICE OFFICER","55942.00"
"CITY CUSTODIAL ASSISTANT","42898.00"
"CITY CUSTODIAL ASSISTANT","42898.00"
"CITY CUSTODIAL ASSISTANT","42898.00"
"INTELLIGENCE RESEARCH SPECIALIST-PD","85466.00"
"POLICE OFFICER","55942.00"
"POLICE OFFICER","57976.00"
"POLICE OFFICER","57976.00"
"POLICE OFFICER","57976.00"
"POLICE OFFICER","57976.00"
"POLICE OFFICER","57976.00"
"POLICE OFFICER","57976.00"
"POLICE OFFICER","57976.00"
"POLICE OFFICER","57976.00"
"POLICE OFFICER","57976.00"
"POLICE OFFICER","57976.00"
"POLICE OFFICER","57976.00"
"POLICE OFFICER","57976.00"
"POLICE OFFICER","57976.00"
"POLICE OFFICER","57976.00"
"POLICE OFFICER","57976.00"
"POLICE OFFICER","57976.00"
"POLICE OFFICER","57976.00"
"POLICE OFFICER","57976.00"
"POLICE OFFICER","57976.00"
"POLICE OFFICER","57976.00"
"POLICE OFFICER","53790.00"
"POLICE OFFICER","57976.00"
"POLICE OFFICER","57976.00"
"POLICE OFFICER","55942.00"
"POLICE OFFICER","57976.00"
"POLICE OFFICER","57976.00"
"POLICE OFFICER","57976.00"
"POLICE OFFICER","57976.00"
"POLICE OFFICER","57976.00"
"POLICE OFFICER","57976.00"
"POLICE OFFICER","57976.00"
"POLICE OFFICER","57976.00"
"POLICE OFFICER","57976.00"
"POLICE OFFICER","57976.00"
"POLICE COMMUNICATIONS TECHNICIAN","45735.00"
"POLICE OFFICER","55942.00"
"CRIME ANALYST","63667.00"
"POLICE COMMUNICATIONS TECHNICIAN","47222.00"
"POLICE OFFICER","57976.00"
"POLICE OFFICER","57976.00"
"POLICE OFFICER","57976.00"
"POLICE OFFICER","57976.00"
"POLICE OFFICER","57976.00"
"POLICE OFFICER","57976.00"
"POLICE OFFICER","57976.00"
"POLICE OFFICER","57976.00"
"POLICE OFFICER","57976.00"
"POLICE OFFICER","57976.00"
"POLICE OFFICER","57976.00"
"POLICE OFFICER","57976.00"
"POLICE OFFICER","57976.00"
"POLICE OFFICER","57976.00"
"POLICE OFFICER","57976.00"
"POLICE OFFICER","57976.00"
"POLICE OFFICER","57976.00"
"POLICE OFFICER","57976.00"
"POLICE OFFICER","57976.00"
"POLICE OFFICER","57976.00"
"POLICE OFFICER","57976.00"
"POLICE OFFICER","57976.00"
"POLICE OFFICER","57976.00"
"POLICE OFFICER","57976.00"
"POLICE OFFICER","57976.00"
"POLICE OFFICER","57976.00"
"POLICE OFFICER","57976.00"
"POLICE OFFICER","57976.00"
"POLICE OFFICER","57976.00"
"POLICE OFFICER","57976.00"
"POLICE OFFICER","57976.00"
"POLICE OFFICER","57976.00"
"POLICE OFFICER","57976.00"
"POLICE OFFICER","55942.00"
"POLICE OFFICER","55942.00"
"AGENCY ATTORNEY","95481.00"
"TRAFFIC ENFORCEMENT AGENT","48128.00"
"POLICE OFFICER","55942.00"
"INVESTIGATOR","55437.00"
"TRAFFIC ENFORCEMENT AGENT","47621.00"
"SCHOOL SAFETY AGENT","39206.00"
"POLICE OFFICER","55942.00"
"POLICE OFFICER","55942.00"
"POLICE OFFICER","55942.00"
"POLICE OFFICER","57976.00"
"POLICE OFFICER","55942.00"
"POLICE OFFICER","55942.00"
"POLICE OFFICER","55942.00"
"POLICE OFFICER","57976.00"
"POLICE OFFICER","55942.00"
"GRAPHIC ARTIST","78868.00"
"CITY RESEARCH SCIENTIST","105156.00"
"CRIMINALIST","64029.00"
"CRIMINALIST","64029.00"
"POLICE OFFICER","57976.00"
"POLICE OFFICER","55942.00"
"TRAFFIC ENFORCEMENT AGENT","48128.00"
"TRAFFIC ENFORCEMENT AGENT","48128.00"
"TRAFFIC ENFORCEMENT AGENT","48128.00"
"POLICE OFFICER","55942.00"
"TRAFFIC ENFORCEMENT AGENT","48128.00"
"TRAFFIC ENFORCEMENT AGENT","48128.00"
"TRAFFIC ENFORCEMENT AGENT","48128.00"
"TRAFFIC ENFORCEMENT AGENT","48128.00"
"TRAFFIC ENFORCEMENT AGENT","48128.00"
"TRAFFIC ENFORCEMENT AGENT","48128.00"
"POLICE OFFICER","55942.00"
"TRAFFIC ENFORCEMENT AGENT","48128.00"
"POLICE OFFICER","55942.00"
"TRAFFIC ENFORCEMENT AGENT","47621.00"
"TRAFFIC ENFORCEMENT AGENT","48128.00"
"TRAFFIC ENFORCEMENT AGENT","48128.00"
"TRAFFIC ENFORCEMENT AGENT","48128.00"
"TRAFFIC ENFORCEMENT AGENT","48128.00"
"SCHOOL SAFETY AGENT","40502.00"
"SCHOOL SAFETY AGENT","40502.00"
"SCHOOL SAFETY AGENT","40502.00"
"SCHOOL SAFETY AGENT","40502.00"
"SCHOOL SAFETY AGENT","40502.00"
"SCHOOL SAFETY AGENT","40502.00"
"SCHOOL SAFETY AGENT","40502.00"
"SCHOOL SAFETY AGENT","40502.00"
"SCHOOL SAFETY AGENT","40502.00"
"SCHOOL SAFETY AGENT","40502.00"
"POLICE OFFICER","55942.00"
"POLICE OFFICER","55942.00"
"SCHOOL SAFETY AGENT","40502.00"
"SCHOOL SAFETY AGENT","40502.00"
"SCHOOL SAFETY AGENT","40502.00"
"SCHOOL SAFETY AGENT","40502.00"
"SCHOOL SAFETY AGENT","40502.00"
"SCHOOL SAFETY AGENT","40502.00"
"SCHOOL SAFETY AGENT","40502.00"
"POLICE OFFICER","55942.00"
"SCHOOL SAFETY AGENT","40502.00"
"SCHOOL SAFETY AGENT","40502.00"
"SCHOOL SAFETY AGENT","40502.00"
"SCHOOL SAFETY AGENT","40502.00"
"SCHOOL SAFETY AGENT","40502.00"
"SCHOOL SAFETY AGENT","40502.00"
"SCHOOL SAFETY AGENT","40502.00"
"INVESTIGATOR","46689.00"
"COMMUNITY COORDINATOR","60889.00"
"INVESTIGATOR","55437.00"
"INVESTIGATOR","55437.00"
"FITNESS INSTRUCTOR","61730.00"
"POLICE OFFICER","55942.00"
"POLICE OFFICER","55942.00"
"PHOTOGRAPHER","56590.00"
"CRIME ANALYST","63667.00"
"INVESTIGATOR","55437.00"
"INVESTIGATOR","55437.00"
"INVESTIGATOR","55437.00"
"PHOTOGRAPHER","56590.00"
"STENOGRAPHIC SPECIALIST","46262.00"
"COMMUNITY COORDINATOR","76677.00"
"AUTOMOTIVE SERVICE WORKER","42172.00"
"PROGRAM PRODUCER","52586.00"
"SCHOOL SAFETY AGENT","40502.00"
"SCHOOL SAFETY AGENT","40502.00"
"POLICE OFFICER","55942.00"
"SCHOOL SAFETY AGENT","39322.00"
"SCHOOL SAFETY AGENT","38177.00"
"SCHOOL SAFETY AGENT","39206.00"
"POLICE OFFICER","55942.00"
"SCHOOL SAFETY AGENT","39206.00"
"SCHOOL SAFETY AGENT","40502.00"
"SCHOOL SAFETY AGENT","40502.00"
"SCHOOL SAFETY AGENT","40502.00"
"POLICE OFFICER","57976.00"
"POLICE OFFICER","57976.00"
"POLICE OFFICER","57976.00"
"POLICE OFFICER","57976.00"
"POLICE OFFICER","57976.00"
"POLICE OFFICER","57976.00"
"POLICE OFFICER","57976.00"
"POLICE OFFICER","57976.00"
"POLICE OFFICER","57976.00"
"POLICE OFFICER","57976.00"
"POLICE OFFICER","57976.00"
"POLICE OFFICER","55942.00"
"POLICE OFFICER","57976.00"
"POLICE OFFICER","55942.00"
"POLICE OFFICER","57976.00"
"POLICE OFFICER","57976.00"
"POLICE OFFICER","57976.00"
"POLICE OFFICER","55942.00"
"POLICE OFFICER","55942.00"
"FINGERPRINT TECHNICIAN TRAINEE","34281.00"
"POLICE COMMUNICATIONS TECHNICIAN","54305.00"
"FINGERPRINT TECHNICIAN TRAINEE","35309.00"
"FINGERPRINT TECHNICIAN TRAINEE","40607.00"
"FINGERPRINT TECHNICIAN TRAINEE","35309.00"
"CASE MANAGEMENT NURSE","106301.00"
"POLICE OFFICER","57976.00"
"POLICE OFFICER","57976.00"
"POLICE OFFICER","57976.00"
"POLICE OFFICER","57976.00"
"POLICE OFFICER","57976.00"
"POLICE OFFICER","57976.00"
"POLICE OFFICER","57976.00"
"POLICE OFFICER","57976.00"
"POLICE OFFICER","57976.00"
"POLICE OFFICER","57976.00"
"POLICE OFFICER","57976.00"
"POLICE OFFICER","57976.00"
"POLICE OFFICER","57976.00"
"POLICE OFFICER","57976.00"
"POLICE OFFICER","57976.00"
"POLICE OFFICER","57976.00"
"POLICE OFFICER","57976.00"
"POLICE OFFICER","57976.00"
"POLICE OFFICER","57976.00"
"POLICE OFFICER","57976.00"
"POLICE OFFICER","55942.00"
"POLICE OFFICER","57976.00"
"POLICE OFFICER","57976.00"
"POLICE OFFICER","55942.00"
"POLICE OFFICER","57976.00"
"POLICE OFFICER","55942.00"
"POLICE OFFICER","57976.00"
"POLICE OFFICER","57976.00"
"POLICE OFFICER","57976.00"
"POLICE OFFICER","57976.00"
"POLICE OFFICER","57976.00"
"POLICE OFFICER","57976.00"
"POLICE OFFICER","57976.00"
"POLICE OFFICER","57976.00"
"POLICE OFFICER","57976.00"
"POLICE OFFICER","55942.00"
"POLICE OFFICER","57976.00"
"POLICE OFFICER","57976.00"
"POLICE OFFICER","57976.00"
"POLICE OFFICER","55942.00"
"POLICE OFFICER","57976.00"
"POLICE OFFICER","57976.00"
"POLICE OFFICER","57976.00"
"POLICE OFFICER","57976.00"
"POLICE OFFICER","57976.00"
"POLICE OFFICER","57976.00"
"POLICE OFFICER","57976.00"
"POLICE OFFICER","57976.00"
"POLICE OFFICER","57976.00"
"POLICE OFFICER","57976.00"
"POLICE OFFICER","57976.00"
"POLICE OFFICER","57976.00"
"POLICE OFFICER","57976.00"
"POLICE OFFICER","57976.00"
"POLICE OFFICER","57976.00"
"POLICE OFFICER","57976.00"
"POLICE OFFICER","57976.00"
"POLICE OFFICER","57976.00"
"POLICE OFFICER","53790.00"
"POLICE OFFICER","57976.00"
"POLICE OFFICER","57976.00"
"POLICE OFFICER","57976.00"
"POLICE OFFICER","57976.00"
"POLICE OFFICER","57976.00"
"POLICE OFFICER","57976.00"
"POLICE OFFICER","57976.00"
"POLICE OFFICER","57976.00"
"POLICE OFFICER","57976.00"
"POLICE OFFICER","57976.00"
"POLICE OFFICER","57976.00"
"POLICE OFFICER","57976.00"
"POLICE OFFICER","57976.00"
"POLICE OFFICER","57976.00"
"POLICE OFFICER","57976.00"
"POLICE OFFICER","57976.00"
"POLICE OFFICER","57976.00"
"POLICE OFFICER","57976.00"
"POLICE OFFICER","57976.00"
"POLICE OFFICER","57976.00"
"POLICE OFFICER","57976.00"
"POLICE OFFICER","57976.00"
"POLICE OFFICER","57976.00"
"POLICE OFFICER","57976.00"
"POLICE OFFICER","55942.00"
"POLICE OFFICER","57976.00"
"POLICE OFFICER","57976.00"
"POLICE OFFICER","53790.00"
"POLICE OFFICER","57976.00"
"POLICE OFFICER","57976.00"
"POLICE OFFICER","57976.00"
"POLICE OFFICER","55942.00"
"POLICE OFFICER","55942.00"
"POLICE OFFICER","57976.00"
"POLICE OFFICER","57976.00"
"POLICE OFFICER","57976.00"
"POLICE OFFICER","57976.00"
"POLICE OFFICER","57976.00"
"POLICE OFFICER","57976.00"
"POLICE OFFICER","57976.00"
"POLICE OFFICER","57976.00"
"POLICE OFFICER","57976.00"
"POLICE OFFICER","57976.00"
"POLICE OFFICER","57976.00"
"POLICE OFFICER","57976.00"
"POLICE OFFICER","57976.00"
"POLICE OFFICER","53790.00"
"POLICE OFFICER","57976.00"
"POLICE OFFICER","57976.00"
"POLICE OFFICER","57976.00"
"POLICE OFFICER","57976.00"
"POLICE OFFICER","57976.00"
"POLICE OFFICER","57976.00"
"POLICE OFFICER","57976.00"
"POLICE OFFICER","57976.00"
"POLICE OFFICER","57976.00"
"POLICE OFFICER","57976.00"
"POLICE OFFICER","57976.00"
"POLICE OFFICER","57976.00"
"POLICE OFFICER","57976.00"
"POLICE OFFICER","53790.00"
"POLICE OFFICER","57976.00"
"POLICE OFFICER","57976.00"
"POLICE OFFICER","57976.00"
"POLICE OFFICER","57976.00"
"INTELLIGENCE RESEARCH SPECIALIST-PD","95693.00"
"AUTOMOTIVE SERVICE WORKER","42172.00"
"PSYCHOLOGIST","95211.00"
"CRIMINALIST","64029.00"
"CITY RESEARCH SCIENTIST","98160.00"
"POLICE OFFICER","57976.00"
"AUTOMOTIVE SERVICE WORKER","49383.00"
"AUTOMOTIVE SERVICE WORKER","36474.00"
"CITY RESEARCH SCIENTIST","84981.00"
"POLICE SURGEON","147723.00"
"INTELLIGENCE RESEARCH SPECIALIST-PD","91398.00"
"CRIMINALIST ASSISTANT DIRECTOR OF LABORATORY","123927.00"
"POLICE OFFICER","55942.00"
"POLICE OFFICER","55942.00"
"POLICE OFFICER","55942.00"
"PSYCHOLOGIST","95211.00"
"CITY CUSTODIAL ASSISTANT","39970.00"
"AUTOMOTIVE SERVICE WORKER","41053.00"
"AUTOMOTIVE SERVICE WORKER","42172.00"
"AUTOMOTIVE SERVICE WORKER","41053.00"
"SCHOOL SAFETY AGENT","39206.00"
"CRIMINALIST","64029.00"
"CRIMINALIST","62014.00"
"AUTO BODY WORKER","58509.00"
"POLICE COMMUNICATIONS TECHNICIAN","47222.00"
"SCHOOL SAFETY AGENT","39206.00"
"POLICE OFFICER","55942.00"
"POLICE COMMUNICATIONS TECHNICIAN","44265.00"
"POLICE COMMUNICATIONS TECHNICIAN","47222.00"
"POLICE COMMUNICATIONS TECHNICIAN","47222.00"
"POLICE COMMUNICATIONS TECHNICIAN","47222.00"
"POLICE COMMUNICATIONS TECHNICIAN","47222.00"
"POLICE COMMUNICATIONS TECHNICIAN","47222.00"
"POLICE COMMUNICATIONS TECHNICIAN","47222.00"
"POLICE COMMUNICATIONS TECHNICIAN","47222.00"
"POLICE COMMUNICATIONS TECHNICIAN","47222.00"
"POLICE COMMUNICATIONS TECHNICIAN","47222.00"
"POLICE COMMUNICATIONS TECHNICIAN","47222.00"
"TRAFFIC ENFORCEMENT AGENT","47621.00"
"POLICE COMMUNICATIONS TECHNICIAN","47222.00"
"POLICE COMMUNICATIONS TECHNICIAN","47222.00"
"POLICE COMMUNICATIONS TECHNICIAN","47222.00"
"POLICE COMMUNICATIONS TECHNICIAN","47222.00"
"POLICE COMMUNICATIONS TECHNICIAN","47222.00"
"POLICE COMMUNICATIONS TECHNICIAN","45704.00"
"POLICE COMMUNICATIONS TECHNICIAN","45704.00"
"POLICE COMMUNICATIONS TECHNICIAN","47222.00"
"POLICE COMMUNICATIONS TECHNICIAN","47222.00"
"POLICE COMMUNICATIONS TECHNICIAN","47222.00"
"POLICE COMMUNICATIONS TECHNICIAN","47222.00"
"POLICE COMMUNICATIONS TECHNICIAN","47222.00"
"POLICE COMMUNICATIONS TECHNICIAN","47222.00"
"POLICE COMMUNICATIONS TECHNICIAN","47222.00"
"POLICE COMMUNICATIONS TECHNICIAN","45704.00"
"POLICE COMMUNICATIONS TECHNICIAN","47222.00"
"POLICE COMMUNICATIONS TECHNICIAN","47222.00"
"POLICE COMMUNICATIONS TECHNICIAN","42976.00"
"POLICE COMMUNICATIONS TECHNICIAN","42976.00"
"POLICE COMMUNICATIONS TECHNICIAN","47222.00"
"POLICE COMMUNICATIONS TECHNICIAN","42976.00"
"POLICE COMMUNICATIONS TECHNICIAN","47222.00"
"POLICE COMMUNICATIONS TECHNICIAN","47222.00"
"POLICE OFFICER","57976.00"
"POLICE OFFICER","57976.00"
"POLICE OFFICER","57976.00"
"POLICE OFFICER","55942.00"
"POLICE OFFICER","57976.00"
"POLICE OFFICER","57976.00"
"POLICE OFFICER","57976.00"
"POLICE OFFICER","57976.00"
"POLICE OFFICER","57976.00"
"POLICE OFFICER","57976.00"
"POLICE OFFICER","57976.00"
"POLICE OFFICER","57976.00"
"POLICE OFFICER","57976.00"
"POLICE OFFICER","57976.00"
"POLICE OFFICER","57976.00"
"POLICE OFFICER","57976.00"
"POLICE OFFICER","57976.00"
"POLICE OFFICER","57976.00"
"POLICE OFFICER","57976.00"
"POLICE OFFICER","57976.00"
"POLICE OFFICER","57976.00"
"POLICE OFFICER","57976.00"
"POLICE OFFICER","57976.00"
"POLICE OFFICER","57976.00"
"POLICE OFFICER","57976.00"
"POLICE OFFICER","57976.00"
"POLICE OFFICER","57976.00"
"POLICE OFFICER","55942.00"
"POLICE OFFICER","57976.00"
"POLICE OFFICER","57976.00"
"POLICE OFFICER","57976.00"
"POLICE OFFICER","57976.00"
"POLICE OFFICER","57976.00"
"POLICE OFFICER","55942.00"
"POLICE OFFICER","57976.00"
"POLICE OFFICER","57976.00"
"POLICE OFFICER","57976.00"
"POLICE OFFICER","57976.00"
"POLICE OFFICER","57976.00"
"POLICE OFFICER","57976.00"
"POLICE OFFICER","57976.00"
"POLICE OFFICER","57976.00"
"POLICE OFFICER","57976.00"
"POLICE OFFICER","57976.00"
"POLICE OFFICER","57976.00"
"POLICE OFFICER","57976.00"
"POLICE OFFICER","57976.00"
"POLICE OFFICER","57976.00"
"POLICE OFFICER","55942.00"
"POLICE OFFICER","57976.00"
"POLICE OFFICER","57976.00"
"POLICE OFFICER","57976.00"
"POLICE OFFICER","57976.00"
"POLICE OFFICER","57976.00"
"POLICE OFFICER","57976.00"
"POLICE OFFICER","57976.00"
"POLICE OFFICER","57976.00"
"POLICE OFFICER","57976.00"
"POLICE OFFICER","57976.00"
"POLICE OFFICER","57976.00"
"POLICE OFFICER","57976.00"
"POLICE OFFICER","57976.00"
"POLICE OFFICER","55942.00"
"POLICE OFFICER","57976.00"
"POLICE OFFICER","57976.00"
"POLICE OFFICER","57976.00"
"POLICE OFFICER","57976.00"
"POLICE OFFICER","55942.00"
"POLICE OFFICER","57976.00"
"POLICE OFFICER","57976.00"
"POLICE OFFICER","57976.00"
"POLICE OFFICER","57976.00"
"POLICE OFFICER","57976.00"
"POLICE OFFICER","57976.00"
"POLICE OFFICER","57976.00"
"POLICE OFFICER","55942.00"
"POLICE OFFICER","57976.00"
"POLICE OFFICER","57976.00"
"POLICE OFFICER","55942.00"
"POLICE OFFICER","55942.00"
"POLICE OFFICER","55942.00"
"POLICE OFFICER","55942.00"
"POLICE OFFICER","55942.00"
"POLICE OFFICER","55942.00"
"POLICE OFFICER","55942.00"
"POLICE OFFICER","55942.00"
"POLICE OFFICER","55942.00"
"POLICE OFFICER","55942.00"
"POLICE OFFICER","55942.00"
"POLICE OFFICER","55942.00"
"POLICE OFFICER","55942.00"
"POLICE OFFICER","55942.00"
"POLICE OFFICER","55942.00"
"POLICE OFFICER","55942.00"
"POLICE OFFICER","55942.00"
"POLICE OFFICER","55942.00"
"POLICE OFFICER","55942.00"
"POLICE OFFICER","55942.00"
"POLICE OFFICER","55942.00"
"POLICE OFFICER","55942.00"
"POLICE OFFICER","55942.00"
"POLICE OFFICER","55942.00"
"POLICE OFFICER","55942.00"
"POLICE OFFICER","55942.00"
"POLICE OFFICER","55942.00"
"POLICE OFFICER","55942.00"
"POLICE OFFICER","55942.00"
"POLICE OFFICER","55942.00"
"POLICE OFFICER","55942.00"
"POLICE OFFICER","55942.00"
"POLICE OFFICER","55942.00"
"POLICE OFFICER","55942.00"
"POLICE OFFICER","55942.00"
"POLICE OFFICER","55942.00"
"POLICE OFFICER","55942.00"
"POLICE OFFICER","55942.00"
"POLICE OFFICER","55942.00"
"POLICE OFFICER","55942.00"
"POLICE OFFICER","55942.00"
"POLICE OFFICER","55942.00"
"POLICE OFFICER","55942.00"
"POLICE OFFICER","55942.00"
"POLICE OFFICER","55942.00"
"POLICE OFFICER","55942.00"
"POLICE OFFICER","55942.00"
"POLICE OFFICER","55942.00"
"POLICE OFFICER","55942.00"
"POLICE OFFICER","55942.00"
"POLICE OFFICER","55942.00"
"POLICE OFFICER","55942.00"
"POLICE OFFICER","55942.00"
"POLICE OFFICER","55942.00"
"POLICE OFFICER","55942.00"
"POLICE OFFICER","55942.00"
"POLICE OFFICER","55942.00"
"POLICE OFFICER","55942.00"
"POLICE OFFICER","55942.00"
"POLICE OFFICER","55942.00"
"POLICE OFFICER","55942.00"
"POLICE OFFICER","55942.00"
"POLICE OFFICER","55942.00"
"POLICE OFFICER","55942.00"
"POLICE OFFICER","55942.00"
"POLICE OFFICER","55942.00"
"POLICE OFFICER","55942.00"
"POLICE OFFICER","55942.00"
"POLICE OFFICER","55942.00"
"POLICE OFFICER","55942.00"
"POLICE OFFICER","55942.00"
"POLICE OFFICER","55942.00"
"POLICE OFFICER","55942.00"
"POLICE OFFICER","55942.00"
"POLICE OFFICER","55942.00"
"POLICE OFFICER","55942.00"
"POLICE OFFICER","55942.00"
"POLICE OFFICER","55942.00"
"POLICE OFFICER","55942.00"
"POLICE OFFICER","55942.00"
"POLICE OFFICER","55942.00"
"POLICE OFFICER","55942.00"
"POLICE OFFICER","55942.00"
"POLICE OFFICER","55942.00"
"POLICE OFFICER","55942.00"
"POLICE OFFICER","55942.00"
"POLICE OFFICER","55942.00"
"POLICE OFFICER","55942.00"
"POLICE OFFICER","55942.00"
"POLICE OFFICER","55942.00"
"POLICE OFFICER","55942.00"
"POLICE OFFICER","55942.00"
"POLICE OFFICER","55942.00"
"POLICE OFFICER","55942.00"
"POLICE OFFICER","55942.00"
"POLICE OFFICER","55942.00"
"POLICE OFFICER","55942.00"
"POLICE OFFICER","55942.00"
"POLICE OFFICER","55942.00"
"POLICE OFFICER","55942.00"
"POLICE OFFICER","55942.00"
"POLICE OFFICER","55942.00"
"POLICE OFFICER","55942.00"
"POLICE OFFICER","55942.00"
"POLICE OFFICER","55942.00"
"POLICE OFFICER","55942.00"
"POLICE OFFICER","55942.00"
"POLICE OFFICER","55942.00"
"POLICE OFFICER","55942.00"
"POLICE OFFICER","55942.00"
"POLICE OFFICER","55942.00"
"POLICE OFFICER","55942.00"
"POLICE OFFICER","55942.00"
"POLICE OFFICER","55942.00"
"POLICE OFFICER","53790.00"
"POLICE OFFICER","55942.00"
"POLICE OFFICER","55942.00"
"POLICE OFFICER","55942.00"
"POLICE OFFICER","55942.00"
"POLICE OFFICER","55942.00"
"POLICE OFFICER","55942.00"
"POLICE OFFICER","55942.00"
"POLICE OFFICER","55942.00"
"POLICE OFFICER","55942.00"
"POLICE OFFICER","55942.00"
"POLICE OFFICER","55942.00"
"POLICE OFFICER","55942.00"
"POLICE OFFICER","55942.00"
"POLICE OFFICER","55942.00"
"POLICE OFFICER","55942.00"
"POLICE OFFICER","55942.00"
"POLICE OFFICER","55942.00"
"POLICE OFFICER","55942.00"
"POLICE OFFICER","55942.00"
"POLICE OFFICER","55942.00"
"POLICE OFFICER","55942.00"
"POLICE OFFICER","55942.00"
"POLICE OFFICER","55942.00"
"POLICE OFFICER","55942.00"
"POLICE OFFICER","55942.00"
"POLICE OFFICER","55942.00"
"POLICE OFFICER","55942.00"
"POLICE OFFICER","55942.00"
"POLICE OFFICER","55942.00"
"POLICE OFFICER","55942.00"
"POLICE OFFICER","55942.00"
"POLICE OFFICER","55942.00"
"POLICE OFFICER","55942.00"
"POLICE OFFICER","55942.00"
"POLICE OFFICER","55942.00"
"POLICE OFFICER","55942.00"
"POLICE OFFICER","55942.00"
"POLICE OFFICER","55942.00"
"POLICE OFFICER","55942.00"
"POLICE OFFICER","55942.00"
"POLICE OFFICER","55942.00"
"POLICE OFFICER","55942.00"
"POLICE OFFICER","55942.00"
"POLICE OFFICER","55942.00"
"POLICE OFFICER","55942.00"
"POLICE OFFICER","55942.00"
"POLICE OFFICER","55942.00"
"POLICE OFFICER","55942.00"
"POLICE OFFICER","55942.00"
"POLICE OFFICER","55942.00"
"POLICE OFFICER","55942.00"
"POLICE OFFICER","55942.00"
"POLICE OFFICER","55942.00"
"POLICE OFFICER","55942.00"
"POLICE OFFICER","55942.00"
"POLICE OFFICER","55942.00"
"POLICE OFFICER","55942.00"
"POLICE OFFICER","55942.00"
"POLICE OFFICER","55942.00"
"POLICE OFFICER","55942.00"
"POLICE OFFICER","55942.00"
"POLICE OFFICER","55942.00"
"POLICE OFFICER","55942.00"
"POLICE OFFICER","55942.00"
"POLICE OFFICER","55942.00"
"POLICE OFFICER","55942.00"
"POLICE OFFICER","55942.00"
"POLICE OFFICER","55942.00"
"POLICE OFFICER","55942.00"
"POLICE OFFICER","55942.00"
"POLICE OFFICER","55942.00"
"POLICE OFFICER","55942.00"
"POLICE OFFICER","55942.00"
"POLICE OFFICER","55942.00"
"POLICE OFFICER","55942.00"
"POLICE OFFICER","55942.00"
"POLICE OFFICER","55942.00"
"POLICE OFFICER","55942.00"
"POLICE OFFICER","55942.00"
"POLICE OFFICER","55942.00"
"POLICE OFFICER","55942.00"
"TRAFFIC ENFORCEMENT AGENT","47621.00"
"TRAFFIC ENFORCEMENT AGENT","47621.00"
"TRAFFIC ENFORCEMENT AGENT","47621.00"
"TRAFFIC ENFORCEMENT AGENT","47621.00"
"TRAFFIC ENFORCEMENT AGENT","47621.00"
"TRAFFIC ENFORCEMENT AGENT","47621.00"
"TRAFFIC ENFORCEMENT AGENT","45811.00"
"TRAFFIC ENFORCEMENT AGENT","47621.00"
"TRAFFIC ENFORCEMENT AGENT","45811.00"
"TRAFFIC ENFORCEMENT AGENT","47621.00"
"TRAFFIC ENFORCEMENT AGENT","47185.00"
"TRAFFIC ENFORCEMENT AGENT","47621.00"
"TRAFFIC ENFORCEMENT AGENT","47621.00"
"TRAFFIC ENFORCEMENT AGENT","47621.00"
"TRAFFIC ENFORCEMENT AGENT","47621.00"
"TRAFFIC ENFORCEMENT AGENT","47621.00"
"TRAFFIC ENFORCEMENT AGENT","45811.00"
"TRAFFIC ENFORCEMENT AGENT","47621.00"
"TRAFFIC ENFORCEMENT AGENT","47621.00"
"TRAFFIC ENFORCEMENT AGENT","47621.00"
"TRAFFIC ENFORCEMENT AGENT","47621.00"
"TRAFFIC ENFORCEMENT AGENT","47621.00"
"POLICE OFFICER","55942.00"
"TRAFFIC ENFORCEMENT AGENT","47621.00"
"TRAFFIC ENFORCEMENT AGENT","47621.00"
"TRAFFIC ENFORCEMENT AGENT","45811.00"
"TRAFFIC ENFORCEMENT AGENT","47621.00"
"TRAFFIC ENFORCEMENT AGENT","47621.00"
"TRAFFIC ENFORCEMENT AGENT","47621.00"
"TRAFFIC ENFORCEMENT AGENT","47621.00"
"TRAFFIC ENFORCEMENT AGENT","47621.00"
"TRAFFIC ENFORCEMENT AGENT","47621.00"
"TRAFFIC ENFORCEMENT AGENT","47621.00"
"TRAFFIC ENFORCEMENT AGENT","47621.00"
"TRAFFIC ENFORCEMENT AGENT","47621.00"
"TRAFFIC ENFORCEMENT AGENT","47621.00"
"TRAFFIC ENFORCEMENT AGENT","47621.00"
"TRAFFIC ENFORCEMENT AGENT","47621.00"
"TRAFFIC ENFORCEMENT AGENT","47621.00"
"POLICE COMMUNICATIONS TECHNICIAN","45704.00"
"SCHOOL SAFETY AGENT","38064.00"
"POLICE COMMUNICATIONS TECHNICIAN","47222.00"
"POLICE OFFICER","55942.00"
"POLICE OFFICER","55942.00"
"POLICE OFFICER","55942.00"
"POLICE OFFICER","55942.00"
"POLICE OFFICER","55942.00"
"POLICE OFFICER","55942.00"
"POLICE OFFICER","55942.00"
"POLICE OFFICER","55942.00"
"POLICE OFFICER","55942.00"
"POLICE OFFICER","55942.00"
"POLICE OFFICER","55942.00"
"POLICE OFFICER","55942.00"
"POLICE OFFICER","55942.00"
"POLICE OFFICER","55942.00"
"POLICE OFFICER","55942.00"
"POLICE OFFICER","55942.00"
"POLICE OFFICER","55942.00"
"POLICE OFFICER","55942.00"
"POLICE OFFICER","55942.00"
"POLICE OFFICER","55942.00"
"POLICE OFFICER","55942.00"
"POLICE OFFICER","55942.00"
"POLICE OFFICER","55942.00"
"POLICE OFFICER","55942.00"
"POLICE OFFICER","55942.00"
"POLICE OFFICER","53790.00"
"POLICE OFFICER","55942.00"
"POLICE OFFICER","55942.00"
"POLICE OFFICER","55942.00"
"POLICE OFFICER","55942.00"
"POLICE OFFICER","55942.00"
"POLICE OFFICER","55942.00"
"POLICE OFFICER","53790.00"
"POLICE OFFICER","55942.00"
"POLICE OFFICER","55942.00"
"POLICE OFFICER","55942.00"
"POLICE OFFICER","55942.00"
"POLICE OFFICER","55942.00"
"POLICE OFFICER","55942.00"
"POLICE OFFICER","55942.00"
"POLICE OFFICER","55942.00"
"POLICE OFFICER","55942.00"
"POLICE OFFICER","55942.00"
"POLICE OFFICER","55942.00"
"POLICE OFFICER","55942.00"
"POLICE OFFICER","55942.00"
"POLICE OFFICER","55942.00"
"POLICE OFFICER","55942.00"
"POLICE OFFICER","55942.00"
"POLICE OFFICER","55942.00"
"POLICE OFFICER","55942.00"
"POLICE OFFICER","55942.00"
"POLICE OFFICER","55942.00"
"POLICE OFFICER","55942.00"
"POLICE OFFICER","55942.00"
"POLICE OFFICER","55942.00"
"POLICE OFFICER","55942.00"
"POLICE OFFICER","55942.00"
"POLICE OFFICER","55942.00"
"POLICE OFFICER","55942.00"
"POLICE OFFICER","55942.00"
"POLICE OFFICER","55942.00"
"POLICE OFFICER","55942.00"
"POLICE OFFICER","55942.00"
"POLICE OFFICER","55942.00"
"POLICE OFFICER","55942.00"
"POLICE OFFICER","55942.00"
"POLICE OFFICER","55942.00"
"POLICE OFFICER","55942.00"
"POLICE OFFICER","55942.00"
"POLICE OFFICER","55942.00"
"POLICE OFFICER","55942.00"
"POLICE OFFICER","55942.00"
"POLICE OFFICER","55942.00"
"POLICE OFFICER","55942.00"
"POLICE OFFICER","55942.00"
"POLICE OFFICER","55942.00"
"POLICE OFFICER","55942.00"
"POLICE OFFICER","55942.00"
"POLICE OFFICER","55942.00"
"POLICE OFFICER","55942.00"
"POLICE OFFICER","55942.00"
"POLICE OFFICER","55942.00"
"POLICE OFFICER","55942.00"
"POLICE OFFICER","55942.00"
"POLICE OFFICER","55942.00"
"POLICE OFFICER","55942.00"
"POLICE OFFICER","55942.00"
"POLICE OFFICER","55942.00"
"POLICE OFFICER","55942.00"
"POLICE OFFICER","55942.00"
"POLICE OFFICER","55942.00"
"POLICE OFFICER","55942.00"
"POLICE OFFICER","55942.00"
"POLICE OFFICER","55942.00"
"POLICE OFFICER","55942.00"
"POLICE OFFICER","55942.00"
"POLICE OFFICER","55942.00"
"POLICE OFFICER","55942.00"
"POLICE OFFICER","55942.00"
"POLICE OFFICER","55942.00"
"POLICE OFFICER","55942.00"
"POLICE OFFICER","55942.00"
"POLICE OFFICER","55942.00"
"POLICE COMMUNICATIONS TECHNICIAN","45704.00"
"POLICE COMMUNICATIONS TECHNICIAN","45704.00"
"TRAFFIC ENFORCEMENT AGENT","47185.00"
"POLICE COMMUNICATIONS TECHNICIAN","47222.00"
"POLICE COMMUNICATIONS TECHNICIAN","44265.00"
"POLICE COMMUNICATIONS TECHNICIAN","44265.00"
"POLICE COMMUNICATIONS TECHNICIAN","47222.00"
"POLICE COMMUNICATIONS TECHNICIAN","47222.00"
"POLICE COMMUNICATIONS TECHNICIAN","45704.00"
"POLICE COMMUNICATIONS TECHNICIAN","47222.00"
"POLICE COMMUNICATIONS TECHNICIAN","47222.00"
"POLICE COMMUNICATIONS TECHNICIAN","47222.00"
"POLICE COMMUNICATIONS TECHNICIAN","47222.00"
"POLICE COMMUNICATIONS TECHNICIAN","44265.00"
"POLICE COMMUNICATIONS TECHNICIAN","47222.00"
"POLICE COMMUNICATIONS TECHNICIAN","47222.00"
"POLICE OFFICER","55942.00"
"POLICE COMMUNICATIONS TECHNICIAN","47222.00"
"POLICE COMMUNICATIONS TECHNICIAN","47222.00"
"POLICE COMMUNICATIONS TECHNICIAN","47222.00"
"POLICE COMMUNICATIONS TECHNICIAN","42976.00"
"POLICE COMMUNICATIONS TECHNICIAN","47222.00"
"POLICE COMMUNICATIONS TECHNICIAN","45704.00"
"POLICE COMMUNICATIONS TECHNICIAN","47222.00"
"POLICE COMMUNICATIONS TECHNICIAN","47222.00"
"POLICE COMMUNICATIONS TECHNICIAN","47222.00"
"POLICE COMMUNICATIONS TECHNICIAN","44265.00"
"POLICE COMMUNICATIONS TECHNICIAN","47222.00"
"POLICE COMMUNICATIONS TECHNICIAN","47222.00"
"POLICE COMMUNICATIONS TECHNICIAN","44265.00"
"POLICE COMMUNICATIONS TECHNICIAN","47222.00"
"POLICE COMMUNICATIONS TECHNICIAN","45704.00"
"POLICE COMMUNICATIONS TECHNICIAN","47222.00"
"POLICE COMMUNICATIONS TECHNICIAN","47222.00"
"POLICE COMMUNICATIONS TECHNICIAN","44265.00"
"POLICE OFFICER","55942.00"
"CITY CUSTODIAL ASSISTANT","39970.00"
"POLICE OFFICER","55942.00"
"POLICE OFFICER","55942.00"
"POLICE OFFICER","55942.00"
"POLICE OFFICER","55942.00"
"POLICE OFFICER","55942.00"
"POLICE COMMUNICATIONS TECHNICIAN","44265.00"
"POLICE OFFICER","55942.00"
"POLICE OFFICER","55942.00"
"POLICE OFFICER","55942.00"
"POLICE OFFICER","55942.00"
"POLICE OFFICER","55942.00"
"POLICE OFFICER","55942.00"
"POLICE OFFICER","55942.00"
"POLICE OFFICER","55942.00"
"POLICE OFFICER","55942.00"
"POLICE OFFICER","55942.00"
"POLICE OFFICER","55942.00"
"POLICE OFFICER","55942.00"
"POLICE OFFICER","55942.00"
"POLICE OFFICER","55942.00"
"POLICE OFFICER","55942.00"
"POLICE OFFICER","55942.00"
"POLICE OFFICER","55942.00"
"POLICE OFFICER","55942.00"
"POLICE OFFICER","55942.00"
"POLICE OFFICER","55942.00"
"POLICE OFFICER","55942.00"
"POLICE OFFICER","53790.00"
"POLICE OFFICER","55942.00"
"POLICE OFFICER","55942.00"
"POLICE OFFICER","53790.00"
"POLICE OFFICER","55942.00"
"POLICE OFFICER","55942.00"
"POLICE OFFICER","55942.00"
"POLICE OFFICER","55942.00"
"POLICE OFFICER","55942.00"
"POLICE OFFICER","55942.00"
"POLICE OFFICER","55942.00"
"POLICE OFFICER","55942.00"
"POLICE OFFICER","55942.00"
"POLICE OFFICER","55942.00"
"POLICE OFFICER","55942.00"
"POLICE OFFICER","55942.00"
"POLICE OFFICER","55942.00"
"POLICE OFFICER","55942.00"
"POLICE OFFICER","55942.00"
"POLICE OFFICER","55942.00"
"POLICE OFFICER","55942.00"
"POLICE OFFICER","55942.00"
"POLICE OFFICER","55942.00"
"POLICE OFFICER","55942.00"
"POLICE OFFICER","55942.00"
"POLICE OFFICER","55942.00"
"POLICE OFFICER","55942.00"
"POLICE OFFICER","55942.00"
"POLICE OFFICER","55942.00"
"POLICE OFFICER","55942.00"
"POLICE OFFICER","55942.00"
"POLICE OFFICER","55942.00"
"POLICE OFFICER","55942.00"
"POLICE OFFICER","55942.00"
"POLICE OFFICER","53790.00"
"POLICE OFFICER","55942.00"
"POLICE OFFICER","55942.00"
"POLICE OFFICER","55942.00"
"POLICE OFFICER","55942.00"
"POLICE OFFICER","55942.00"
"POLICE OFFICER","55942.00"
"POLICE OFFICER","55942.00"
"POLICE OFFICER","55942.00"
"POLICE OFFICER","55942.00"
"POLICE OFFICER","55942.00"
"POLICE OFFICER","55942.00"
"POLICE OFFICER","55942.00"
"POLICE OFFICER","55942.00"
"POLICE OFFICER","55942.00"
"POLICE OFFICER","55942.00"
"POLICE OFFICER","55942.00"
"POLICE OFFICER","55942.00"
"POLICE OFFICER","53790.00"
"POLICE OFFICER","55942.00"
"POLICE OFFICER","55942.00"
"POLICE OFFICER","55942.00"
"POLICE OFFICER","55942.00"
"POLICE OFFICER","55942.00"
"POLICE OFFICER","55942.00"
"POLICE OFFICER","55942.00"
"POLICE OFFICER","55942.00"
"POLICE OFFICER","55942.00"
"POLICE OFFICER","55942.00"
"POLICE OFFICER","55942.00"
"POLICE OFFICER","55942.00"
"POLICE OFFICER","55942.00"
"POLICE OFFICER","55942.00"
"POLICE OFFICER","55942.00"
"POLICE OFFICER","55942.00"
"POLICE OFFICER","55942.00"
"POLICE OFFICER","55942.00"
"POLICE OFFICER","55942.00"
"Executive Program Specialist","129063.00"
"SCHOOL SAFETY AGENT","39206.00"
"SCHOOL SAFETY AGENT","39206.00"
"COMPUTER ASSOCIATE","82149.00"
"CYBER SECURITY ANALYST","74210.00"
"POLICE OFFICER","55942.00"
"POLICE OFFICER","55942.00"
"POLICE OFFICER","55942.00"
"POLICE OFFICER","55942.00"
"POLICE OFFICER","55942.00"
"POLICE OFFICER","55942.00"
"POLICE OFFICER","55942.00"
"POLICE OFFICER","55942.00"
"POLICE OFFICER","55942.00"
"POLICE OFFICER","55942.00"
"POLICE OFFICER","55942.00"
"POLICE OFFICER","55942.00"
"POLICE OFFICER","55942.00"
"POLICE OFFICER","55942.00"
"POLICE OFFICER","55942.00"
"POLICE OFFICER","55942.00"
"POLICE OFFICER","55942.00"
"POLICE OFFICER","55942.00"
"POLICE OFFICER","55942.00"
"POLICE OFFICER","55942.00"
"POLICE OFFICER","55942.00"
"POLICE OFFICER","55942.00"
"POLICE OFFICER","55942.00"
"POLICE OFFICER","55942.00"
"POLICE OFFICER","55942.00"
"POLICE OFFICER","55942.00"
"POLICE OFFICER","55942.00"
"POLICE OFFICER","55942.00"
"POLICE OFFICER","55942.00"
"POLICE OFFICER","55942.00"
"POLICE OFFICER","55942.00"
"POLICE OFFICER","55942.00"
"POLICE OFFICER","55942.00"
"POLICE OFFICER","55942.00"
"POLICE OFFICER","55942.00"
"POLICE OFFICER","55942.00"
"POLICE OFFICER","55942.00"
"POLICE OFFICER","55942.00"
"POLICE OFFICER","55942.00"
"POLICE OFFICER","55942.00"
"POLICE OFFICER","55942.00"
"POLICE OFFICER","55942.00"
"POLICE OFFICER","55942.00"
"POLICE OFFICER","55942.00"
"POLICE OFFICER","55942.00"
"POLICE OFFICER","55942.00"
"POLICE OFFICER","55942.00"
"POLICE OFFICER","55942.00"
"POLICE OFFICER","55942.00"
"POLICE OFFICER","55942.00"
"POLICE OFFICER","55942.00"
"POLICE OFFICER","55942.00"
"POLICE OFFICER","55942.00"
"POLICE OFFICER","55942.00"
"POLICE OFFICER","55942.00"
"POLICE OFFICER","55942.00"
"POLICE OFFICER","55942.00"
"POLICE OFFICER","55942.00"
"POLICE OFFICER","55942.00"
"POLICE OFFICER","55942.00"
"POLICE OFFICER","55942.00"
"POLICE OFFICER","55942.00"
"POLICE OFFICER","55942.00"
"POLICE OFFICER","55942.00"
"POLICE OFFICER","55942.00"
"POLICE OFFICER","55942.00"
"POLICE OFFICER","55942.00"
"POLICE OFFICER","55942.00"
"POLICE OFFICER","55942.00"
"POLICE OFFICER","55942.00"
"POLICE OFFICER","55942.00"
"POLICE OFFICER","55942.00"
"POLICE OFFICER","55942.00"
"POLICE OFFICER","55942.00"
"POLICE OFFICER","55942.00"
"POLICE OFFICER","55942.00"
"POLICE OFFICER","55942.00"
"POLICE OFFICER","55942.00"
"POLICE OFFICER","55942.00"
"POLICE OFFICER","55942.00"
"POLICE OFFICER","55942.00"
"POLICE OFFICER","55942.00"
"POLICE OFFICER","55942.00"
"POLICE OFFICER","55942.00"
"POLICE OFFICER","55942.00"
"POLICE OFFICER","55942.00"
"POLICE OFFICER","55942.00"
"POLICE OFFICER","55942.00"
"POLICE OFFICER","55942.00"
"POLICE OFFICER","55942.00"
"POLICE OFFICER","55942.00"
"POLICE OFFICER","55942.00"
"POLICE OFFICER","55942.00"
"POLICE OFFICER","55942.00"
"POLICE OFFICER","55942.00"
"POLICE OFFICER","55942.00"
"POLICE OFFICER","55942.00"
"POLICE OFFICER","55942.00"
"POLICE OFFICER","55942.00"
"POLICE OFFICER","55942.00"
"POLICE OFFICER","55942.00"
"POLICE OFFICER","55942.00"
"POLICE OFFICER","55942.00"
"POLICE OFFICER","55942.00"
"POLICE OFFICER","55942.00"
"POLICE OFFICER","55942.00"
"POLICE OFFICER","55942.00"
"POLICE OFFICER","55942.00"
"POLICE OFFICER","55942.00"
"POLICE OFFICER","55942.00"
"POLICE OFFICER","55942.00"
"POLICE OFFICER","55942.00"
"POLICE OFFICER","55942.00"
"POLICE OFFICER","55942.00"
"POLICE OFFICER","55942.00"
"POLICE OFFICER","55942.00"
"POLICE OFFICER","55942.00"
"POLICE OFFICER","55942.00"
"POLICE OFFICER","55942.00"
"POLICE OFFICER","55942.00"
"POLICE OFFICER","55942.00"
"POLICE OFFICER","55942.00"
"POLICE OFFICER","55942.00"
"POLICE OFFICER","55942.00"
"POLICE OFFICER","55942.00"
"POLICE OFFICER","55942.00"
"POLICE OFFICER","55942.00"
"POLICE OFFICER","55942.00"
"POLICE OFFICER","55942.00"
"POLICE OFFICER","55942.00"
"POLICE OFFICER","55942.00"
"POLICE OFFICER","55942.00"
"POLICE OFFICER","55942.00"
"POLICE OFFICER","55942.00"
"POLICE OFFICER","55942.00"
"POLICE OFFICER","55942.00"
"POLICE OFFICER","55942.00"
"POLICE OFFICER","55942.00"
"POLICE OFFICER","55942.00"
"POLICE OFFICER","55942.00"
"POLICE OFFICER","55942.00"
"POLICE OFFICER","55942.00"
"POLICE OFFICER","55942.00"
"POLICE OFFICER","55942.00"
"POLICE OFFICER","55942.00"
"POLICE OFFICER","55942.00"
"POLICE OFFICER","55942.00"
"POLICE OFFICER","55942.00"
"POLICE OFFICER","55942.00"
"POLICE OFFICER","55942.00"
"POLICE OFFICER","55942.00"
"POLICE OFFICER","55942.00"
"POLICE OFFICER","55942.00"
"POLICE OFFICER","55942.00"
"POLICE OFFICER","55942.00"
"POLICE OFFICER","55942.00"
"POLICE OFFICER","55942.00"
"POLICE OFFICER","55942.00"
"POLICE OFFICER","55942.00"
"POLICE OFFICER","55942.00"
"POLICE OFFICER","55942.00"
"POLICE OFFICER","55942.00"
"POLICE OFFICER","55942.00"
"POLICE OFFICER","55942.00"
"POLICE OFFICER","55942.00"
"POLICE OFFICER","55942.00"
"POLICE OFFICER","55942.00"
"POLICE OFFICER","55942.00"
"POLICE OFFICER","55942.00"
"POLICE OFFICER","55942.00"
"POLICE OFFICER","55942.00"
"POLICE OFFICER","55942.00"
"POLICE OFFICER","55942.00"
"POLICE OFFICER","55942.00"
"POLICE OFFICER","55942.00"
"POLICE OFFICER","55942.00"
"POLICE OFFICER","55942.00"
"POLICE OFFICER","55942.00"
"POLICE OFFICER","55942.00"
"POLICE OFFICER","55942.00"
"POLICE OFFICER","55942.00"
"POLICE OFFICER","55942.00"
"POLICE OFFICER","55942.00"
"POLICE OFFICER","55942.00"
"POLICE OFFICER","55942.00"
"POLICE OFFICER","55942.00"
"POLICE OFFICER","55942.00"
"POLICE OFFICER","55942.00"
"POLICE OFFICER","55942.00"
"POLICE OFFICER","55942.00"
"POLICE OFFICER","55942.00"
"POLICE OFFICER","55942.00"
"POLICE OFFICER","55942.00"
"POLICE OFFICER","55942.00"
"POLICE OFFICER","55942.00"
"POLICE OFFICER","55942.00"
"POLICE OFFICER","55942.00"
"POLICE OFFICER","55942.00"
"POLICE OFFICER","55942.00"
"POLICE OFFICER","55942.00"
"POLICE OFFICER","55942.00"
"POLICE OFFICER","55942.00"
"POLICE OFFICER","55942.00"
"POLICE OFFICER","55942.00"
"POLICE OFFICER","55942.00"
"POLICE OFFICER","55942.00"
"POLICE OFFICER","55942.00"
"POLICE OFFICER","55942.00"
"POLICE OFFICER","55942.00"
"POLICE OFFICER","55942.00"
"POLICE OFFICER","55942.00"
"CYBER SECURITY ANALYST","91566.00"
"POLICE COMMUNICATIONS TECHNICIAN","45704.00"
"COMMUNITY COORDINATOR","97593.00"
"CITY CUSTODIAL ASSISTANT","39970.00"
"CRIMINALIST","64029.00"
"POLICE OFFICER","55942.00"
"POLICE OFFICER","55942.00"
"POLICE OFFICER","55942.00"
"MOTOR VEHICLE OPERATOR","56194.00"
"ACCOUNTANT","58357.00"
"POLICE OFFICER","55942.00"
"INTELLIGENCE RESEARCH SPECIALIST-PD","74204.00"
"COMPUTER ASSOCIATE","68468.00"
"AUTO BODY WORKER","56956.00"
"AUTO BODY WORKER","56956.00"
"AUTO BODY WORKER","56956.00"
"POLICE OFFICER","55942.00"
"POLICE OFFICER","55942.00"
"POLICE OFFICER","55942.00"
"POLICE OFFICER","55942.00"
"CITY CUSTODIAL ASSISTANT","39970.00"
"CITY CUSTODIAL ASSISTANT","39970.00"
"CITY CUSTODIAL ASSISTANT","39970.00"
"CITY CUSTODIAL ASSISTANT","39970.00"
"INTELLIGENCE RESEARCH SPECIALIST-PD","94438.00"
"POLICE OFFICER","55942.00"
"POLICE OFFICER","55942.00"
"SCHOOL SAFETY AGENT","39206.00"
"COMMUNITY COORDINATOR","62868.00"
"SCHOOL SAFETY AGENT","39206.00"
"POLICE COMMUNICATIONS TECHNICIAN","45704.00"
"POLICE COMMUNICATIONS TECHNICIAN","44265.00"
"POLICE COMMUNICATIONS TECHNICIAN","45704.00"
"POLICE OFFICER","55942.00"
"POLICE OFFICER","55942.00"
"MOTOR VEHICLE OPERATOR","46441.00"
"MEDIA SERVICES TECHNICIAN","48170.00"
"POLICE SURGEON","143661.00"
"POLICE OFFICER","55942.00"
"POLICE OFFICER","55942.00"
"POLICE OFFICER","55942.00"
"POLICE OFFICER","55942.00"
"POLICE OFFICER","55942.00"
"POLICE OFFICER","55942.00"
"POLICE OFFICER","55942.00"
"POLICE OFFICER","55942.00"
"POLICE OFFICER","55942.00"
"POLICE OFFICER","55942.00"
"POLICE OFFICER","55942.00"
"POLICE OFFICER","55942.00"
"POLICE OFFICER","55942.00"
"POLICE OFFICER","55942.00"
"POLICE OFFICER","55942.00"
"POLICE OFFICER","55942.00"
"POLICE OFFICER","55942.00"
"POLICE OFFICER","55942.00"
"POLICE OFFICER","55942.00"
"POLICE OFFICER","55942.00"
"POLICE OFFICER","55942.00"
"POLICE OFFICER","55942.00"
"POLICE OFFICER","55942.00"
"POLICE OFFICER","55942.00"
"POLICE OFFICER","55942.00"
"POLICE OFFICER","55942.00"
"POLICE OFFICER","55942.00"
"POLICE OFFICER","55942.00"
"POLICE OFFICER","55942.00"
"POLICE OFFICER","55942.00"
"POLICE OFFICER","55942.00"
"POLICE OFFICER","55942.00"
"POLICE OFFICER","55942.00"
"POLICE OFFICER","55942.00"
"POLICE OFFICER","55942.00"
"POLICE OFFICER","55942.00"
"POLICE OFFICER","55942.00"
"POLICE OFFICER","55942.00"
"POLICE OFFICER","55942.00"
"POLICE OFFICER","55942.00"
"POLICE OFFICER","55942.00"
"POLICE OFFICER","55942.00"
"POLICE OFFICER","55942.00"
"POLICE OFFICER","55942.00"
"POLICE OFFICER","55942.00"
"POLICE OFFICER","55942.00"
"POLICE OFFICER","55942.00"
"POLICE OFFICER","55942.00"
"POLICE OFFICER","55942.00"
"POLICE OFFICER","55942.00"
"POLICE OFFICER","55942.00"
"POLICE OFFICER","55942.00"
"POLICE OFFICER","55942.00"
"POLICE OFFICER","55942.00"
"POLICE OFFICER","55942.00"
"POLICE OFFICER","55942.00"
"POLICE OFFICER","55942.00"
"POLICE OFFICER","55942.00"
"POLICE OFFICER","55942.00"
"POLICE OFFICER","55942.00"
"POLICE OFFICER","55942.00"
"POLICE OFFICER","55942.00"
"POLICE OFFICER","55942.00"
"POLICE OFFICER","55942.00"
"POLICE OFFICER","55942.00"
"POLICE OFFICER","55942.00"
"POLICE OFFICER","55942.00"
"POLICE OFFICER","55942.00"
"POLICE OFFICER","55942.00"
"POLICE OFFICER","55942.00"
"POLICE OFFICER","55942.00"
"POLICE OFFICER","55942.00"
"POLICE OFFICER","55942.00"
"POLICE OFFICER","55942.00"
"POLICE OFFICER","55942.00"
"POLICE OFFICER","55942.00"
"POLICE OFFICER","55942.00"
"POLICE OFFICER","55942.00"
"POLICE OFFICER","55942.00"
"POLICE OFFICER","55942.00"
"POLICE OFFICER","55942.00"
"POLICE OFFICER","55942.00"
"POLICE OFFICER","55942.00"
"POLICE OFFICER","55942.00"
"POLICE OFFICER","55942.00"
"POLICE OFFICER","55942.00"
"POLICE OFFICER","55942.00"
"POLICE OFFICER","55942.00"
"POLICE OFFICER","55942.00"
"POLICE OFFICER","55942.00"
"POLICE OFFICER","55942.00"
"POLICE OFFICER","55942.00"
"POLICE OFFICER","55942.00"
"POLICE OFFICER","55942.00"
"POLICE OFFICER","55942.00"
"POLICE OFFICER","55942.00"
"POLICE OFFICER","55942.00"
"POLICE OFFICER","55942.00"
"POLICE OFFICER","55942.00"
"POLICE OFFICER","55942.00"
"POLICE OFFICER","55942.00"
"POLICE OFFICER","55942.00"
"POLICE OFFICER","55942.00"
"POLICE OFFICER","55942.00"
"POLICE OFFICER","55942.00"
"POLICE OFFICER","55942.00"
"POLICE OFFICER","55942.00"
"POLICE OFFICER","55942.00"
"POLICE OFFICER","55942.00"
"POLICE OFFICER","55942.00"
"POLICE OFFICER","55942.00"
"POLICE OFFICER","55942.00"
"POLICE OFFICER","55942.00"
"POLICE OFFICER","55942.00"
"POLICE OFFICER","55942.00"
"POLICE OFFICER","55942.00"
"POLICE OFFICER","55942.00"
"POLICE OFFICER","55942.00"
"POLICE OFFICER","55942.00"
"POLICE OFFICER","55942.00"
"POLICE OFFICER","55942.00"
"POLICE OFFICER","55942.00"
"POLICE OFFICER","55942.00"
"POLICE OFFICER","55942.00"
"POLICE OFFICER","55942.00"
"POLICE OFFICER","55942.00"
"POLICE OFFICER","55942.00"
"POLICE OFFICER","55942.00"
"POLICE OFFICER","55942.00"
"POLICE OFFICER","55942.00"
"POLICE OFFICER","55942.00"
"POLICE OFFICER","55942.00"
"POLICE OFFICER","55942.00"
"POLICE OFFICER","55942.00"
"POLICE OFFICER","55942.00"
"POLICE OFFICER","55942.00"
"POLICE OFFICER","55942.00"
"POLICE OFFICER","55942.00"
"POLICE OFFICER","55942.00"
"POLICE OFFICER","55942.00"
"POLICE OFFICER","55942.00"
"POLICE OFFICER","55942.00"
"POLICE OFFICER","55942.00"
"POLICE OFFICER","55942.00"
"POLICE OFFICER","55942.00"
"POLICE OFFICER","55942.00"
"POLICE OFFICER","55942.00"
"POLICE OFFICER","55942.00"
"POLICE OFFICER","55942.00"
"POLICE OFFICER","55942.00"
"POLICE OFFICER","55942.00"
"POLICE OFFICER","55942.00"
"POLICE OFFICER","55942.00"
"POLICE OFFICER","55942.00"
"POLICE OFFICER","55942.00"
"POLICE OFFICER","55942.00"
"POLICE OFFICER","55942.00"
"POLICE OFFICER","55942.00"
"POLICE OFFICER","55942.00"
"POLICE OFFICER","55942.00"
"POLICE OFFICER","55942.00"
"POLICE OFFICER","55942.00"
"POLICE OFFICER","55942.00"
"POLICE OFFICER","55942.00"
"POLICE OFFICER","55942.00"
"POLICE OFFICER","55942.00"
"POLICE OFFICER","55942.00"
"AGENCY ATTORNEY","84498.00"
"CRIMINALIST","64029.00"
"CRIMINALIST","60269.00"
"POLICE COMMUNICATIONS TECHNICIAN","45704.00"
"POLICE COMMUNICATIONS TECHNICIAN","45704.00"
"POLICE COMMUNICATIONS TECHNICIAN","45704.00"
"POLICE COMMUNICATIONS TECHNICIAN","45704.00"
"POLICE COMMUNICATIONS TECHNICIAN","45704.00"
"POLICE COMMUNICATIONS TECHNICIAN","45704.00"
"POLICE COMMUNICATIONS TECHNICIAN","45704.00"
"POLICE COMMUNICATIONS TECHNICIAN","44265.00"
"POLICE COMMUNICATIONS TECHNICIAN","44265.00"
"POLICE COMMUNICATIONS TECHNICIAN","45704.00"
"POLICE OFFICER","55942.00"
"POLICE OFFICER","55942.00"
"POLICE OFFICER","55942.00"
"POLICE OFFICER","55942.00"
"POLICE OFFICER","55942.00"
"POLICE OFFICER","55942.00"
"POLICE OFFICER","55942.00"
"POLICE OFFICER","55942.00"
"POLICE OFFICER","55942.00"
"POLICE OFFICER","55942.00"
"POLICE OFFICER","55942.00"
"SUPERVISING CHIEF SURGEON","285577.00"
"CHAPLAIN","78678.00"
"POLICE OFFICER","109352.00"
"POLICE OFFICER","109352.00"
"ASSOCIATE TRAFFIC ENFORCEMENT AGENT","57856.00"
"TRAFFIC ENFORCEMENT AGENT","53985.00"
"TRAFFIC ENFORCEMENT AGENT","56538.00"
"POLICE OFFICER","109352.00"
"TRAFFIC ENFORCEMENT AGENT","53985.00"
"TRAFFIC ENFORCEMENT AGENT","56538.00"
"ASSOCIATE TRAFFIC ENFORCEMENT AGENT","57856.00"
"ASSOCIATE TRAFFIC ENFORCEMENT AGENT","77442.00"
"POLICE OFFICER","109352.00"
"TRAFFIC ENFORCEMENT AGENT","54891.00"
"P.O. DA DET GR3","115923.00"
"POLICE COMMUNICATIONS TECHNICIAN","44277.00"
"TRAFFIC ENFORCEMENT AGENT","53985.00"
"TRAFFIC ENFORCEMENT AGENT","52162.00"
"TRAFFIC ENFORCEMENT AGENT","53985.00"
"ASSOCIATE TRAFFIC ENFORCEMENT AGENT","65670.00"
"POLICE OFFICER","109352.00"
"POLICE OFFICER","105146.00"
"COMPUTER OPERATIONS MANAGER","74492.00"
"POLICE OFFICER","109352.00"
"POLICE OFFICER","109352.00"
"SENIOR POLICE ADMINISTRATIVE AIDE","58707.00"
"POLICE OFFICER D/A DETECTIVE 2ND GR","130260.00"
"POLICE OFFICER","109352.00"
"POLICE OFFICER","109352.00"
"P.O. DA DET GR3","119980.00"
"POLICE OFFICER D/A DETECTIVE 1ST GR","154751.00"
"P.O. DET SPEC","119980.00"
"LIEUTENANT D/A SPECIAL ASSIGNMENT","159762.00"
"POLICE OFFICER D/A DETECTIVE 1ST GR","154751.00"
"POLICE OFFICER","109352.00"
"SERGEANT-","118056.00"
"POLICE OFFICER","109352.00"
"POLICE OFFICER","109352.00"
"POLICE OFFICER D/A DETECTIVE 1ST GR","149518.00"
"SERGEANT-","118056.00"
"LIEUTENANT","154751.00"
"SERGEANT-","97894.00"
"POLICE OFFICER","109352.00"
"POLICE OFFICER D/A DETECTIVE 1ST GR","154751.00"
"LIEUTENANT","149518.00"
"P.O. DET SPEC","119248.00"
"LIEUTENANT","154751.00"
"SERGEANT-","118056.00"
"POLICE OFFICER D/A DETECTIVE 2ND GR","134819.00"
"POLICE OFFICER D/A DETECTIVE 1ST GR","149518.00"
"POLICE OFFICER D/A DETECTIVE 2ND GR","134819.00"
"P.O. DA DET GR3","119980.00"
"SERGEANT-","118056.00"
"POLICE OFFICER D/A DETECTIVE 1ST GR","154751.00"
"LIEUTENANT D/A COMMANDER OF DETECTIVE SQUAD","156098.00"
"POLICE OFFICER D/A DETECTIVE 2ND GR","121893.00"
"POLICE OFFICER","109352.00"
"SERGEANT-","118056.00"
"POLICE OFFICER D/A DETECTIVE 2ND GR","134819.00"
"POLICE OFFICER D/A DETECTIVE 1ST GR","154751.00"
"POLICE OFFICER","109352.00"
"P.O. DA DET GR3","115923.00"
"P.O. DA DET GR3","119429.00"
"POLICE OFFICER","109352.00"
"LIEUTENANT","142202.00"
"SERGEANT-","118056.00"
"POLICE OFFICER","98155.00"
"POLICE OFFICER D/A DETECTIVE 2ND GR","130260.00"
"SERGEANT-D/A SPECIAL ASSIGNMENT","120442.00"
"POLICE OFFICER","109352.00"
"SERGEANT-D/A SPECIAL ASSIGNMENT","135511.00"
"POLICE OFFICER D/A DETECTIVE 2ND GR","130260.00"
"P.O. DET SPEC","115923.00"
"SERGEANT-D/A SPECIAL ASSIGNMENT","121048.00"
"SERGEANT-","118056.00"
"P.O. DET SPEC","119248.00"
"CAPTAIN","194689.00"
"LIEUTENANT D/A COMMANDER OF DETECTIVE SQUAD","170234.00"
"LIEUTENANT D/A COMMANDER OF DETECTIVE SQUAD","170234.00"
"POLICE OFFICER","105146.00"
"POLICE OFFICER D/A DETECTIVE 2ND GR","130260.00"
"SERGEANT-","118056.00"
"LIEUTENANT D/A COMMANDER OF DETECTIVE SQUAD","164477.00"
"POLICE OFFICER","109352.00"
"POLICE OFFICER","109352.00"
"P.O. DA DET GR3","119980.00"
"POLICE OFFICER D/A DETECTIVE 1ST GR","149518.00"
"CAPTAIN","194689.00"
"LIEUTENANT","154751.00"
"SERGEANT-","118056.00"
"POLICE OFFICER","101590.00"
"SERGEANT-D/A SUPERVISOR DETECTIVE SQUAD","120442.00"
"P.O. DA DET GR3","115923.00"
"SERGEANT-","118056.00"
"SERGEANT-","118056.00"
"SERGEANT-D/A SUPERVISOR DETECTIVE SQUAD","120442.00"
"SERGEANT-","118056.00"
"P.O. DA DET GR3","119980.00"
"POLICE OFFICER","109352.00"
"P.O. DA DET GR3","119314.00"
"SERGEANT-D/A SUPERVISOR DETECTIVE SQUAD","120442.00"
"SERGEANT-D/A SUPERVISOR DETECTIVE SQUAD","135511.00"
"POLICE OFFICER","105146.00"
"P.O. DET SPEC","115279.00"
"P.O. DA DET GR3","119980.00"
"LIEUTENANT D/A COMMANDER OF DETECTIVE SQUAD","152380.00"
"P.O. DA DET GR3","119980.00"
"POLICE OFFICER","109352.00"
"POLICE OFFICER","109352.00"
"CAPTAIN D/A DEPUTY CHIEF","227306.00"
"POLICE OFFICER D/A DETECTIVE 2ND GR","134819.00"
"P.O. DA DET GR3","119980.00"
"POLICE OFFICER D/A DETECTIVE 1ST GR","154751.00"
"SERGEANT-","118056.00"
"LIEUTENANT","149518.00"
"POLICE OFFICER","109352.00"
"P.O. DA DET GR3","119980.00"
"SERGEANT-","118056.00"
"POLICE OFFICER","109352.00"
"CAPTAIN","194689.00"
"POLICE OFFICER","109352.00"
"POLICE OFFICER","109352.00"
"P.O. DET SPEC","119980.00"
"POLICE OFFICER D/A DETECTIVE 1ST GR","154751.00"
"SERGEANT-D/A SUPERVISOR DETECTIVE SQUAD","135511.00"
"SERGEANT-","118056.00"
"POLICE OFFICER D/A DETECTIVE 1ST GR","149518.00"
"POLICE OFFICER","109352.00"
"P.O. DET SPEC","115390.00"
"POLICE OFFICER","109352.00"
"P.O. DA DET GR3","119980.00"
"P.O. DA DET GR3","119980.00"
"P.O. DA DET GR3","119980.00"
"P.O. DET SPEC","108477.00"
"SERGEANT-D/A SPECIAL ASSIGNMENT","135511.00"
"LIEUTENANT","154751.00"
"POLICE OFFICER D/A DETECTIVE 2ND GR","125855.00"
"LIEUTENANT D/A SPECIAL ASSIGNMENT","164477.00"
"LIEUTENANT","154751.00"
"POLICE OFFICER","109352.00"
"POLICE OFFICER D/A DETECTIVE 2ND GR","121893.00"
"POLICE OFFICER D/A DETECTIVE 2ND GR","130260.00"
"POLICE OFFICER","109352.00"
"LIEUTENANT","154751.00"
"LIEUTENANT","144462.00"
"POLICE OFFICER D/A DETECTIVE 2ND GR","134819.00"
"P.O. DET SPEC","119980.00"
"P.O. DA DET GR3","115923.00"
"POLICE OFFICER","109352.00"
"SERGEANT-","118056.00"
"SERGEANT-D/A SUPERVISOR DETECTIVE SQUAD","120744.00"
"P.O. DA DET GR3","105062.00"
"SERGEANT-","118056.00"
"POLICE OFFICER D/A DETECTIVE 1ST GR","149518.00"
"P.O. DET SPEC","115390.00"
"P.O. DET SPEC","119248.00"
"POLICE OFFICER","109352.00"
"LIEUTENANT","154751.00"
"CAPTAIN","157537.00"
"LIEUTENANT","142202.00"
"CUSTODIAN","69812.00"
"SCHOOL SAFETY AGENT","56508.00"
"P.O. DA DET GR3","119980.00"
"POLICE OFFICER","98155.00"
"LIEUTENANT","142202.00"
"CAPTAIN D/A DEPUTY INSPECTOR","204936.00"
"POLICE OFFICER D/A DETECTIVE 2ND GR","134819.00"
"SERGEANT-D/A SPECIAL ASSIGNMENT","121048.00"
"POLICE OFFICER D/A DETECTIVE 2ND GR","134819.00"
"SERGEANT-D/A SUPERVISOR DETECTIVE SQUAD","121048.00"
"P.O. DET SPEC","119980.00"
"POLICE OFFICER","109352.00"
"SERGEANT-","118056.00"
"POLICE OFFICER D/A DETECTIVE 2ND GR","134819.00"
"POLICE OFFICER D/A DETECTIVE 1ST GR","154751.00"
"LIEUTENANT","154751.00"
"SERGEANT-D/A SUPERVISOR DETECTIVE SQUAD","135511.00"
"SERGEANT-","118056.00"
"LIEUTENANT","149518.00"
"P.O. DA DET GR3","119980.00"
"SERGEANT-D/A SPECIAL ASSIGNMENT","135511.00"
"P.O. DET SPEC","119980.00"
"POLICE OFFICER D/A DETECTIVE 2ND GR","134819.00"
"SERGEANT-D/A SUPERVISOR DETECTIVE SQUAD","135511.00"
"SERGEANT-D/A SUPERVISOR DETECTIVE SQUAD","135511.00"
"SERGEANT-D/A SUPERVISOR DETECTIVE SQUAD","121048.00"
"P.O. DA DET GR3","119980.00"
"P.O. DET SPEC","115923.00"
"LIEUTENANT","154751.00"
"LIEUTENANT D/A SPECIAL ASSIGNMENT","164477.00"
"P.O. DET SPEC","115390.00"
"SERGEANT-","118056.00"
"POLICE OFFICER D/A DETECTIVE 2ND GR","134819.00"
"POLICE OFFICER","109352.00"
"P.O. DET SPEC","119248.00"
"SERGEANT-D/A SUPERVISOR DETECTIVE SQUAD","135511.00"
"CAPTAIN D/A DEPUTY INSPECTOR","204936.00"
"SERGEANT-D/A SPECIAL ASSIGNMENT","121048.00"
"POLICE OFFICER","109352.00"
"POLICE OFFICER","109352.00"
"P.O. DA DET GR3","115923.00"
"POLICE OFFICER D/A DETECTIVE 1ST GR","149518.00"
"SERGEANT-","118056.00"
"SERGEANT-","118056.00"
"LIEUTENANT D/A SPECIAL ASSIGNMENT","170234.00"
"POLICE OFFICER","109352.00"
"POLICE OFFICER D/A DETECTIVE 2ND GR","125855.00"
"P.O. DA DET GR3","119980.00"
"LIEUTENANT","154751.00"
"POLICE OFFICER D/A DETECTIVE 2ND GR","121893.00"
"SERGEANT-D/A SPECIAL ASSIGNMENT","135511.00"
"P.O. DA DET GR3","115923.00"
"POLICE OFFICER","109352.00"
"POLICE OFFICER D/A DETECTIVE 1ST GR","154751.00"
"P.O. DET SPEC","105062.00"
"SERGEANT-D/A SUPERVISOR DETECTIVE SQUAD","135511.00"
"SERGEANT-D/A SUPERVISOR DETECTIVE SQUAD","120744.00"
"POLICE OFFICER D/A DETECTIVE 2ND GR","134819.00"
"SERGEANT-","118056.00"
"P.O. DA DET GR3","119980.00"
"SERGEANT-D/A SUPERVISOR DETECTIVE SQUAD","135511.00"
"SERGEANT-D/A SPECIAL ASSIGNMENT","135511.00"
"POLICE OFFICER D/A DETECTIVE 2ND GR","130260.00"
"LIEUTENANT","139915.00"
"SERGEANT-","118056.00"
"P.O. DA DET GR3","119980.00"
"POLICE OFFICER","109352.00"
"POLICE OFFICER","109352.00"
"POLICE OFFICER","109352.00"
"POLICE OFFICER","109352.00"
"POLICE OFFICER D/A DETECTIVE 2ND GR","134819.00"
"POLICE OFFICER","109352.00"
"POLICE OFFICER D/A DETECTIVE 2ND GR","125855.00"
"P.O. DA DET GR3","115923.00"
"POLICE OFFICER","109352.00"
"CAPTAIN D/A INSPECTOR","215791.00"
"POLICE OFFICER","109352.00"
"POLICE OFFICER D/A DETECTIVE 2ND GR","130260.00"
"P.O. DA DET GR3","115923.00"
"SERGEANT-","118056.00"
"LIEUTENANT","154751.00"
"POLICE OFFICER","101590.00"
"POLICE OFFICER D/A DETECTIVE 2ND GR","134819.00"
"POLICE OFFICER","101590.00"
"POLICE OFFICER D/A DETECTIVE 2ND GR","134819.00"
"P.O. DA DET GR3","115215.00"
"POLICE OFFICER","109352.00"
"SERGEANT-D/A SUPERVISOR DETECTIVE SQUAD","135511.00"
"POLICE OFFICER D/A DETECTIVE 1ST GR","154751.00"
"SERGEANT-","118056.00"
"POLICE OFFICER D/A DETECTIVE 1ST GR","149518.00"
"POLICE OFFICER D/A DETECTIVE 1ST GR","154751.00"
"SERGEANT-","118056.00"
"LIEUTENANT","141943.00"
"ADMINISTRATIVE STAFF ANALYST","285577.00"
"CUSTODIAN","50324.00"
"SERGEANT-","118056.00"
"SERGEANT-","118056.00"
"POLICE OFFICER","109352.00"
"P.O. DA DET GR3","119980.00"
"LIEUTENANT D/A SPECIAL ASSIGNMENT","157713.00"
"CAPTAIN","160722.00"
"POLICE OFFICER","105146.00"
"SERGEANT-","118056.00"
"SERGEANT-D/A SPECIAL ASSIGNMENT","135511.00"
"P.O. DET SPEC","119248.00"
"LIEUTENANT D/A COMMANDER OF DETECTIVE SQUAD","170234.00"
"POLICE OFFICER","109352.00"
"POLICE OFFICER","109352.00"
"SERGEANT-","118056.00"
"CAPTAIN","145665.00"
"SERGEANT-","118056.00"
"SERGEANT-D/A SUPERVISOR DETECTIVE SQUAD","120744.00"
"POLICE OFFICER D/A DETECTIVE 2ND GR","134819.00"
"POLICE OFFICER","109352.00"
"P.O. DA DET GR3","119980.00"
"COMPUTER SPECIALIST","133616.00"
"SERGEANT-","118056.00"
"P.O. DA DET GR3","115923.00"
"POLICE OFFICER","109352.00"
"POLICE OFFICER D/A DETECTIVE 2ND GR","130260.00"
"POLICE OFFICER","105146.00"
"LIEUTENANT","154751.00"
"LIEUTENANT","154751.00"
"P.O. DA DET GR3","119980.00"
"SCHOOL SAFETY AGENT","56508.00"
"POLICE OFFICER","109352.00"
"CAPTAIN","160722.00"
"SERGEANT-","118056.00"
"POLICE OFFICER","109352.00"
"POLICE OFFICER","109352.00"
"POLICE OFFICER","109352.00"
"POLICE OFFICER","109352.00"
"P.O. DA DET GR3","115923.00"
"POLICE OFFICER","109352.00"
"P.O. DA DET GR3","115923.00"
"LIEUTENANT","149518.00"
"POLICE OFFICER","109352.00"
"POLICE OFFICER","109352.00"
"POLICE OFFICER","109352.00"
"ADMINISTRATIVE STAFF ANALYST","114180.00"
"POLICE OFFICER","109352.00"
"POLICE OFFICER","109352.00"
"ASSOCIATE TRAFFIC ENFORCEMENT AGENT","57817.00"
"POLICE OFFICER","109352.00"
"SCHOOL SAFETY AGENT","56508.00"
"POLICE OFFICER","109352.00"
"P.O. DA DET GR3","119980.00"
"POLICE OFFICER D/A DETECTIVE 2ND GR","134819.00"
"POLICE OFFICER","109352.00"
"P.O. DA DET GR3","119980.00"
"POLICE OFFICER D/A DETECTIVE 2ND GR","134819.00"
"LIEUTENANT","142202.00"
"POLICE OFFICER","105146.00"
"POLICE OFFICER","109352.00"
"P.O. DA DET GR3","115923.00"
"SERGEANT-","97894.00"
"P.O. DET SPEC","119429.00"
"POLICE OFFICER","59065.00"
"SERGEANT-","97894.00"
"P.O. DA DET GR3","115923.00"
"POLICE COMMUNICATIONS TECHNICIAN","45717.00"
"POLICE OFFICER","105146.00"
"MOTOR VEHICLE OPERATOR","58199.00"
"MOTOR VEHICLE SUPERVISOR","72466.00"
"POLICE OFFICER","109352.00"
"POLICE OFFICER","109352.00"
"LIEUTENANT D/A COMMANDER OF DETECTIVE SQUAD","164477.00"
"POLICE OFFICER D/A DETECTIVE 2ND GR","134819.00"
"SERGEANT-D/A SPECIAL ASSIGNMENT","120744.00"
"LIEUTENANT","142202.00"
"P.O. DET SPEC","115923.00"
"SERGEANT-D/A SUPERVISOR DETECTIVE SQUAD","135511.00"
"POLICE OFFICER","109352.00"
"POLICE OFFICER D/A DETECTIVE 2ND GR","134819.00"
"SERGEANT-D/A SPECIAL ASSIGNMENT","121048.00"
"ASSOCIATE TRAFFIC ENFORCEMENT AGENT","57817.00"
"POLICE OFFICER D/A DETECTIVE 1ST GR","154751.00"
"POLICE OFFICER","98155.00"
"SCHOOL SAFETY AGENT","56508.00"
"CAPTAIN","157515.00"
"POLICE OFFICER","109352.00"
"CAPTAIN D/A INSPECTOR","215791.00"
"P.O. DA DET GR3","119314.00"
"SCHOOL SAFETY AGENT","56508.00"
"POLICE ADMINISTRATIVE AIDE","48631.00"
"POLICE OFFICER","109352.00"
"SERGEANT-D/A SUPERVISOR DETECTIVE SQUAD","135511.00"
"SERGEANT-","105606.00"
"CAPTAIN","157537.00"
"CAPTAIN","160722.00"
"POLICE OFFICER D/A DETECTIVE 1ST GR","154751.00"
"SERGEANT-","118056.00"
"POLICE OFFICER","109352.00"
"CAPTAIN","194689.00"
"POLICE OFFICER","109352.00"
"SCHOOL SAFETY AGENT","56508.00"
"LIEUTENANT D/A SPECIAL ASSIGNMENT","170234.00"
"LIEUTENANT","141943.00"
"POLICE OFFICER","109352.00"
"SERGEANT-","97894.00"
"EVIDENCE AND PROPERTY CONTROL SPECIALIST","65349.00"
"CRIMINALIST","96558.00"
"TRAFFIC ENFORCEMENT AGENT","52413.00"
"P.O. DET SPEC","119248.00"
"STAFF ANALYST","80856.00"
"P.O. DA DET GR3","119980.00"
"P.O. DA DET GR3","119248.00"
"SCHOOL SAFETY AGENT","56508.00"
"POLICE OFFICER","85292.00"
"SERGEANT-D/A SPECIAL ASSIGNMENT","120442.00"
"SERGEANT-","118056.00"
"SENIOR POLICE ADMINISTRATIVE AIDE","58707.00"
"P.O. DA DET GR3","119980.00"
"CAPTAIN","194689.00"
"CITY CUSTODIAL ASSISTANT","43079.00"
"TRAFFIC ENFORCEMENT AGENT","48128.00"
"SCHOOL SAFETY AGENT","56508.00"
"SCHOOL CROSSING GUARD","44584.00"
"EXECUTIVE AGENCY COUNSEL","203177.00"
"COUNSEL TO THE POLICE COMMISSIONER","285577.00"
"POLICE OFFICER","109352.00"
"POLICE OFFICER","109352.00"
"CITY CUSTODIAL ASSISTANT","46356.00"
"SCHOOL SAFETY AGENT","56508.00"
"LIEUTENANT","154751.00"
"CAPTAIN D/A INSPECTOR","215791.00"
"POLICE OFFICER","109352.00"
"POLICE OFFICER","109352.00"
"SERGEANT-","118056.00"
"SCHOOL SAFETY AGENT","56508.00"
"CUSTODIAN","46385.00"
"CITY CUSTODIAL ASSISTANT","45223.00"
"POLICE OFFICER","109352.00"
"SCHOOL CROSSING GUARD","44584.00"
"SERGEANT-","118056.00"
"SERGEANT-","118056.00"
"SCHOOL SAFETY AGENT","51713.00"
"SCHOOL SAFETY AGENT","51713.00"
"SCHOOL SAFETY AGENT","56508.00"
"POLICE COMMUNICATIONS TECHNICIAN","62040.00"
"SCHOOL SAFETY AGENT","56508.00"
"SCHOOL SAFETY AGENT","56508.00"
"SCHOOL SAFETY AGENT","56508.00"
"SCHOOL SAFETY AGENT","56508.00"
"SCHOOL SAFETY AGENT","56508.00"
"SCHOOL SAFETY AGENT","51713.00"
"SCHOOL SAFETY AGENT","56508.00"
"SCHOOL SAFETY AGENT","56508.00"
"SCHOOL SAFETY AGENT","53264.00"
"SCHOOL SAFETY AGENT","56508.00"
"SCHOOL SAFETY AGENT","51713.00"
"SCHOOL SAFETY AGENT","56508.00"
"SCHOOL SAFETY AGENT","56508.00"
"SCHOOL SAFETY AGENT","56508.00"
"SCHOOL SAFETY AGENT","56508.00"
"POLICE OFFICER D/A DETECTIVE 1ST GR","154751.00"
"COMMUNITY COORDINATOR","72324.00"
"SCHOOL SAFETY AGENT","56508.00"
"SCHOOL SAFETY AGENT","56508.00"
"SCHOOL SAFETY AGENT","56508.00"
"PRINCIPAL ADMINISTRATIVE ASSOCIATE -  NON SUPVR","73541.00"
"SCHOOL SAFETY AGENT","56508.00"
"SCHOOL SAFETY AGENT","56508.00"
"SCHOOL SAFETY AGENT","56508.00"
"SCHOOL SAFETY AGENT","56508.00"
"EVIDENCE AND PROPERTY CONTROL SPECIALIST","65393.00"
"SCHOOL SAFETY AGENT","48745.00"
"SUPERVISOR OF SCHOOL SECURITY","81237.00"
"SCHOOL SAFETY AGENT","56508.00"
"SCHOOL SAFETY AGENT","56508.00"
"SCHOOL SAFETY AGENT","56508.00"
"SCHOOL SAFETY AGENT","56508.00"
"SCHOOL SAFETY AGENT","56508.00"
"LIEUTENANT","141684.00"
"SCHOOL SAFETY AGENT","56508.00"
"SCHOOL SAFETY AGENT","56508.00"
"SCHOOL SAFETY AGENT","56508.00"
"SCHOOL SAFETY AGENT","56508.00"
"SCHOOL SAFETY AGENT","56508.00"
"SCHOOL SAFETY AGENT","56508.00"
"SCHOOL SAFETY AGENT","56508.00"
"SCHOOL SAFETY AGENT","56508.00"
"SCHOOL SAFETY AGENT","56508.00"
"SCHOOL SAFETY AGENT","54862.00"
"SCHOOL SAFETY AGENT","51713.00"
"SCHOOL SAFETY AGENT","56508.00"
"SCHOOL SAFETY AGENT","56508.00"
"POLICE ADMINISTRATIVE AIDE","48863.00"
"SCHOOL SAFETY AGENT","53264.00"
"POLICE OFFICER","109352.00"
"SCHOOL SAFETY AGENT","56508.00"
"SCHOOL SAFETY AGENT","56508.00"
"SUPERVISOR OF SCHOOL SECURITY","81237.00"
"SCHOOL SAFETY AGENT","56508.00"
"SCHOOL SAFETY AGENT","56508.00"
"SUPERVISOR OF SCHOOL SECURITY","81237.00"
"SCHOOL SAFETY AGENT","56508.00"
"POLICE OFFICER","109352.00"
"SCHOOL SAFETY AGENT","51713.00"
"SCHOOL SAFETY AGENT","56508.00"
"SCHOOL SAFETY AGENT","56508.00"
"SUPERVISOR OF SCHOOL SECURITY","81237.00"
"SENIOR POLICE ADMINISTRATIVE AIDE","62629.00"
"P.O. DA DET GR3","119429.00"
"TRAFFIC ENFORCEMENT AGENT","52162.00"
"POLICE OFFICER","109352.00"
"POLICE OFFICER","109352.00"
"TRAFFIC ENFORCEMENT AGENT","50242.00"
"TRAFFIC ENFORCEMENT AGENT","55339.00"
"ASSOCIATE TRAFFIC ENFORCEMENT AGENT","57856.00"
"SERGEANT-D/A SUPERVISOR DETECTIVE SQUAD","120744.00"
"POLICE OFFICER","109352.00"
"TRAFFIC ENFORCEMENT AGENT","53985.00"
"TRAFFIC ENFORCEMENT AGENT","56538.00"
"ASSOCIATE TRAFFIC ENFORCEMENT AGENT","54535.00"
"POLICE ADMINISTRATIVE AIDE","48631.00"
"ASSOCIATE TRAFFIC ENFORCEMENT AGENT","57856.00"
"POLICE OFFICER","109352.00"
"ASSOCIATE TRAFFIC ENFORCEMENT AGENT","52947.00"
"TRAFFIC ENFORCEMENT AGENT","53985.00"
"TRAFFIC ENFORCEMENT AGENT","53985.00"
"TRAFFIC ENFORCEMENT AGENT","53985.00"
"TRAFFIC ENFORCEMENT AGENT","47621.00"
"ASSOCIATE TRAFFIC ENFORCEMENT AGENT","57856.00"
"ASSOCIATE TRAFFIC ENFORCEMENT AGENT","57844.00"
"POLICE OFFICER","109352.00"
"SERGEANT-","118056.00"
"TRAFFIC ENFORCEMENT AGENT","51749.00"
"ASSOCIATE TRAFFIC ENFORCEMENT AGENT","65670.00"
"TRAFFIC ENFORCEMENT AGENT","53985.00"
"ASSOCIATE TRAFFIC ENFORCEMENT AGENT","77450.00"
"TRAFFIC ENFORCEMENT AGENT","53985.00"
"TRAFFIC ENFORCEMENT AGENT","56073.00"
"ASSOCIATE TRAFFIC ENFORCEMENT AGENT","57844.00"
"TRAFFIC ENFORCEMENT AGENT","55339.00"
"SERGEANT-","118056.00"
"TRAFFIC ENFORCEMENT AGENT","56073.00"
"LIEUTENANT D/A SPECIAL ASSIGNMENT","157713.00"
"POLICE OFFICER","105146.00"
"POLICE OFFICER","109352.00"
"BOOKKEEPER","66937.00"
"ASSOCIATE TRAFFIC ENFORCEMENT AGENT","57856.00"
"TRAFFIC ENFORCEMENT AGENT","54900.00"
"COMPUTER SPECIALIST","109699.00"
"TRAFFIC ENFORCEMENT AGENT","53985.00"
"AUTO BODY WORKER","73560.00"
"CAPTAIN D/A INSPECTOR","215791.00"
"SERGEANT-","118056.00"
"EVIDENCE AND PROPERTY CONTROL SPECIALIST","65365.00"
"SCHOOL SAFETY AGENT","56508.00"
"CRIMINALIST ASSISTANT DIRECTOR OF LABORATORY","158023.00"
"PRINCIPAL FINGERPRINT TECHNICIAN","60582.00"
"POLICE COMMUNICATIONS TECHNICIAN","62063.00"
"POLICE COMMUNICATIONS TECHNICIAN","62040.00"
"POLICE COMMUNICATIONS TECHNICIAN","62063.00"
"TELEPHONE SERVICE TECHNICIAN","98998.00"
"POLICE COMMUNICATIONS TECHNICIAN","62040.00"
"SUPERVISING POLICE COMMUNICATIONS TECHNICIAN","79862.00"
"POLICE COMMUNICATIONS TECHNICIAN","61985.00"
"POLICE COMMUNICATIONS TECHNICIAN","62063.00"
"SUPERVISING POLICE COMMUNICATIONS TECHNICIAN","79884.00"
"POLICE COMMUNICATIONS TECHNICIAN","62063.00"
"POLICE OFFICER","109352.00"
"INVESTIGATOR TRAINEE","52521.00"
"P.O. DA DET GR3","119980.00"
"POLICE OFFICER","109352.00"
"SERGEANT-D/A SPECIAL ASSIGNMENT","121048.00"
"POLICE OFFICER","109352.00"
"ADMIN CONTRACT SPECIALIST","163318.00"
"SCHOOL SAFETY AGENT","56508.00"
"ASSOCIATE INVESTIGATOR","68263.00"
"POLICE OFFICER","109352.00"
"PARKING CONTROL SPECIALIST","53068.00"
"SCHOOL SAFETY AGENT","40502.00"
"SCHOOL SAFETY AGENT","56508.00"
"LIEUTENANT","154751.00"
"SUPERVISOR OF MECHANICS","183925.00"
"POLICE OFFICER","105146.00"
"POLICE OFFICER","109352.00"
"POLICE OFFICER D/A DETECTIVE 1ST GR","154751.00"
"POLICE ADMINISTRATIVE AIDE","50382.00"
"POLICE OFFICER D/A DETECTIVE 2ND GR","134819.00"
"TRAFFIC ENFORCEMENT AGENT","56510.00"
"ASSOCIATE TRAFFIC ENFORCEMENT AGENT","57856.00"
"POLICE OFFICER","109352.00"
"POLICE OFFICER","109352.00"
"TRAFFIC ENFORCEMENT AGENT","53985.00"
"TRAFFIC ENFORCEMENT AGENT","57338.00"
"TRAFFIC ENFORCEMENT AGENT","55339.00"
"ASSOCIATE TRAFFIC ENFORCEMENT AGENT","57856.00"
"SERGEANT-","118056.00"
"SERGEANT-D/A SUPERVISOR DETECTIVE SQUAD","135511.00"
"POLICE OFFICER D/A DETECTIVE 2ND GR","130260.00"
"POLICE OFFICER D/A DETECTIVE 2ND GR","130260.00"
"POLICE OFFICER D/A DETECTIVE 2ND GR","130260.00"
"CAPTAIN D/A DEPUTY INSPECTOR","204936.00"
"POLICE OFFICER","105146.00"
"SERGEANT-","118056.00"
"P.O. DA DET GR3","115923.00"
"P.O. DA DET GR3","119429.00"
"POLICE OFFICER","105146.00"
"P.O. DA DET GR3","119980.00"
"P.O. DET SPEC","119980.00"
"POLICE OFFICER D/A DETECTIVE 2ND GR","134819.00"
"POLICE OFFICER D/A DETECTIVE 1ST GR","149518.00"
"LIEUTENANT D/A COMMANDER OF DETECTIVE SQUAD","170234.00"
"POLICE OFFICER","109352.00"
"POLICE OFFICER D/A DETECTIVE 1ST GR","154751.00"
"CAPTAIN D/A DEPUTY CHIEF","227306.00"
"POLICE OFFICER","105146.00"
"CAPTAIN","194689.00"
"P.O. DA DET GR3","119980.00"
"SERGEANT-","118056.00"
"POLICE OFFICER","109352.00"
"POLICE OFFICER","105146.00"
"SERGEANT-D/A SPECIAL ASSIGNMENT","135511.00"
"POLICE OFFICER D/A DETECTIVE 2ND GR","130260.00"
"POLICE OFFICER","105146.00"
"POLICE OFFICER","109352.00"
"SERGEANT-","118056.00"
"SERGEANT-","118056.00"
"POLICE OFFICER","109352.00"
"SERGEANT-","118056.00"
"POLICE OFFICER D/A DETECTIVE 2ND GR","134819.00"
"CAPTAIN","157537.00"
"P.O. DA DET GR3","115923.00"
"POLICE OFFICER D/A DETECTIVE 2ND GR","134819.00"
"LIEUTENANT","154751.00"
"P.O. DET SPEC","119980.00"
"POLICE OFFICER","98155.00"
"SERGEANT-","118056.00"
"LIEUTENANT D/A SPECIAL ASSIGNMENT","156098.00"
"POLICE OFFICER","109352.00"
"LIEUTENANT","154751.00"
"POLICE OFFICER","105146.00"
"POLICE OFFICER","109352.00"
"POLICE OFFICER","105146.00"
"LIEUTENANT","154751.00"
"P.O. DA DET GR3","115923.00"
"POLICE OFFICER","105146.00"
"POLICE OFFICER","105146.00"
"POLICE OFFICER","105146.00"
"POLICE OFFICER","105146.00"
"SERGEANT-","118056.00"
"SERGEANT-D/A SUPERVISOR DETECTIVE SQUAD","135511.00"
"POLICE OFFICER D/A DETECTIVE 2ND GR","134819.00"
"POLICE OFFICER","109352.00"
"POLICE OFFICER","109352.00"
"SERGEANT-D/A SUPERVISOR DETECTIVE SQUAD","135511.00"
"SERGEANT-","118056.00"
"POLICE OFFICER","105146.00"
"LIEUTENANT","142202.00"
"POLICE OFFICER D/A DETECTIVE 2ND GR","130260.00"
"P.O. DA DET GR3","115923.00"
"SERGEANT-","118056.00"
"POLICE OFFICER","105146.00"
"POLICE OFFICER","105146.00"
"POLICE OFFICER","105146.00"
"POLICE OFFICER D/A DETECTIVE 2ND GR","130260.00"
"POLICE OFFICER","109352.00"
"P.O. DET SPEC","119980.00"
"P.O. DA DET GR3","115923.00"
"P.O. DET SPEC","119248.00"
"POLICE OFFICER D/A DETECTIVE 2ND GR","134819.00"
"LIEUTENANT","154751.00"
"CAPTAIN D/A DEPUTY INSPECTOR","204936.00"
"P.O. DA DET GR3","119980.00"
"P.O. DA DET GR3","115923.00"
"SERGEANT-D/A SUPERVISOR DETECTIVE SQUAD","135511.00"
"POLICE OFFICER D/A DETECTIVE 1ST GR","154751.00"
"P.O. DET SPEC","115923.00"
"P.O. DA DET GR3","119980.00"
"LIEUTENANT D/A SPECIAL ASSIGNMENT","164477.00"
"POLICE OFFICER","105146.00"
"POLICE OFFICER","109352.00"
"CAPTAIN","194689.00"
"SERGEANT-D/A SUPERVISOR DETECTIVE SQUAD","121048.00"
"SERGEANT-","118056.00"
"SERGEANT-","118056.00"
"POLICE OFFICER","105146.00"
"SERGEANT-D/A SUPERVISOR DETECTIVE SQUAD","135511.00"
"LIEUTENANT","149518.00"
"SERGEANT-","118056.00"
"POLICE OFFICER","105146.00"
"CAPTAIN","157537.00"
"CAPTAIN D/A INSPECTOR","215791.00"
"LIEUTENANT","136750.00"
"LIEUTENANT","144462.00"
"SERGEANT-D/A SPECIAL ASSIGNMENT","135511.00"
"POLICE OFFICER","105146.00"
"POLICE OFFICER","105146.00"
"LIEUTENANT","149518.00"
"LIEUTENANT","149518.00"
"SERGEANT-","118056.00"
"POLICE OFFICER","105146.00"
"SERGEANT-","118056.00"
"POLICE OFFICER","105146.00"
"CAPTAIN D/A DEPUTY CHIEF","227306.00"
"SERGEANT-","118056.00"
"POLICE OFFICER","109352.00"
"POLICE OFFICER","109352.00"
"SERGEANT-D/A SPECIAL ASSIGNMENT","120744.00"
"P.O. DA DET GR3","119980.00"
"CAPTAIN","188105.00"
"SERGEANT-","118056.00"
"POLICE OFFICER","109352.00"
"POLICE ADMINISTRATIVE AIDE","48631.00"
"POLICE OFFICER","109352.00"
"SERGEANT-","118056.00"
"LIEUTENANT","154751.00"
"SERGEANT-","118056.00"
"POLICE OFFICER","105146.00"
"POLICE OFFICER","105146.00"
"POLICE OFFICER","105146.00"
"LIEUTENANT","154751.00"
"CAPTAIN","194689.00"
"POLICE OFFICER D/A DETECTIVE 2ND GR","134819.00"
"POLICE OFFICER","105146.00"
"POLICE OFFICER","105146.00"
"POLICE OFFICER","105146.00"
"LIEUTENANT","154751.00"
"POLICE OFFICER","105146.00"
"SERGEANT-D/A SUPERVISOR DETECTIVE SQUAD","120744.00"
"POLICE OFFICER","105146.00"
"SERGEANT-D/A SUPERVISOR DETECTIVE SQUAD","120744.00"
"POLICE OFFICER D/A DETECTIVE 2ND GR","130260.00"
"ADMINISTRATIVE ACCOUNTANT","107241.00"
"SERGEANT-","118056.00"
"P.O. DET SPEC","119980.00"
"SERGEANT-","118056.00"
"LIEUTENANT","154751.00"
"POLICE OFFICER","105146.00"
"P.O. DA DET GR3","119429.00"
"P.O. DA DET GR3","115923.00"
"P.O. DA DET GR3","115923.00"
"P.O. DA DET GR3","115923.00"
"SCHOOL SAFETY AGENT","56508.00"
"SCHOOL SAFETY AGENT","56508.00"
"POLICE OFFICER","109352.00"
"LIEUTENANT D/A SPECIAL ASSIGNMENT","157713.00"
"LIEUTENANT","154751.00"
"POLICE OFFICER","105146.00"
"SERGEANT-","118056.00"
"SERGEANT-","118056.00"
"POLICE OFFICER D/A DETECTIVE 1ST GR","149518.00"
"P.O. DA DET GR3","119980.00"
"POLICE OFFICER","109352.00"
"POLICE OFFICER","105146.00"
"POLICE OFFICER","109352.00"
"POLICE OFFICER","109352.00"
"P.O. DA DET GR3","119980.00"
"POLICE OFFICER","105146.00"
"POLICE OFFICER","109352.00"
"POLICE OFFICER D/A DETECTIVE 2ND GR","134819.00"
"POLICE OFFICER","109352.00"
"POLICE OFFICER","109352.00"
"P.O. DA DET GR3","119980.00"
"SCHOOL SAFETY AGENT","56508.00"
"SCHOOL SAFETY AGENT","56508.00"
"P.O. DA DET GR3","115923.00"
"P.O. DA DET GR3","119980.00"
"POLICE OFFICER","109352.00"
"SCHOOL SAFETY AGENT","56508.00"
"SCHOOL SAFETY AGENT","56508.00"
"POLICE COMMUNICATIONS TECHNICIAN","61883.00"
"POLICE ADMINISTRATIVE AIDE","51567.00"
"POLICE COMMUNICATIONS TECHNICIAN","61883.00"
"P.O. DA DET GR3","119980.00"
"P.O. DET SPEC","119248.00"
"P.O. DA DET GR3","119980.00"
"SERGEANT-","118056.00"
"POLICE OFFICER D/A DETECTIVE 1ST GR","154751.00"
"SERGEANT-D/A SUPERVISOR DETECTIVE SQUAD","135511.00"
"POLICE OFFICER D/A DETECTIVE 1ST GR","154751.00"
"POLICE OFFICER","109352.00"
"SERGEANT-D/A SUPERVISOR DETECTIVE SQUAD","121048.00"
"SERGEANT-D/A SUPERVISOR DETECTIVE SQUAD","120744.00"
"SERGEANT-","97894.00"
"SERGEANT-D/A SUPERVISOR DETECTIVE SQUAD","121048.00"
"SERGEANT-","118056.00"
"POLICE OFFICER","109352.00"
"LIEUTENANT","154751.00"
"POLICE OFFICER","109352.00"
"P.O. DA DET GR3","119980.00"
"LIEUTENANT","154751.00"
"SERGEANT-D/A SUPERVISOR DETECTIVE SQUAD","135511.00"
"POLICE OFFICER","109352.00"
"POLICE OFFICER D/A DETECTIVE 2ND GR","134819.00"
"POLICE OFFICER","109352.00"
"LIEUTENANT","154751.00"
"POLICE OFFICER","109352.00"
"POLICE OFFICER","109352.00"
"SERGEANT-D/A SPECIAL ASSIGNMENT","120744.00"
"POLICE OFFICER","109352.00"
"POLICE OFFICER","109352.00"
"BOOKKEEPER","66952.00"
"SCHOOL SAFETY AGENT","56508.00"
"POLICE OFFICER","109352.00"
"CRIMINALIST","96114.00"
"POLICE COMMUNICATIONS TECHNICIAN","47222.00"
"P.O. DA DET GR3","119429.00"
"SCHOOL SAFETY AGENT","56508.00"
"SCHOOL SAFETY AGENT","56508.00"
"TRAFFIC ENFORCEMENT AGENT","60129.00"
"SCHOOL CROSSING GUARD","44584.00"
"SCHOOL CROSSING GUARD","44559.00"
"SCHOOL SAFETY AGENT","56508.00"
"PRINCIPAL ADMINISTRATIVE ASSOCIATE -  NON SUPVR","77183.00"
"PRINCIPAL ADMINISTRATIVE ASSOCIATE -  NON SUPVR","87849.00"
"*AGENCY ATTORNEY","141421.00"
"EXECUTIVE AGENCY COUNSEL","180688.00"
"POLICE COMMUNICATIONS TECHNICIAN","61985.00"
"SUPERVISING POLICE COMMUNICATIONS TECHNICIAN","79705.00"
"POLICE COMMUNICATIONS TECHNICIAN","61985.00"
"POLICE COMMUNICATIONS TECHNICIAN","61985.00"
"POLICE COMMUNICATIONS TECHNICIAN","61958.00"
"POLICE OFFICER","109352.00"
"LIEUTENANT","141684.00"
"POLICE OFFICER","109352.00"
"SCHOOL SAFETY AGENT","56508.00"
"PRINCIPAL ADMINISTRATIVE ASSOCIATE -  NON SUPVR","76072.00"
"POLICE COMMUNICATIONS TECHNICIAN","47222.00"
"SCHOOL SAFETY AGENT","54862.00"
"SCHOOL SAFETY AGENT","56508.00"
"SCHOOL SAFETY AGENT","53264.00"
"PRINCIPAL ADMINISTRATIVE ASSOCIATE -  NON SUPVR","62100.00"
"SCHOOL SAFETY AGENT","56508.00"
"POLICE OFFICER","109352.00"
"SCHOOL SAFETY AGENT","56508.00"
"SCHOOL SAFETY AGENT","56508.00"
"SCHOOL SAFETY AGENT","56508.00"
"SCHOOL SAFETY AGENT","54862.00"
"SCHOOL SAFETY AGENT","56508.00"
"SCHOOL SAFETY AGENT","56508.00"
"SERGEANT-","118056.00"
"POLICE OFFICER","109352.00"
"POLICE ADMINISTRATIVE AIDE","48682.00"
"SCHOOL SAFETY AGENT","56508.00"
"SCHOOL SAFETY AGENT","56508.00"
"SCHOOL SAFETY AGENT","56508.00"
"SCHOOL SAFETY AGENT","56508.00"
"SCHOOL SAFETY AGENT","56508.00"
"SCHOOL SAFETY AGENT","56508.00"
"SCHOOL SAFETY AGENT","56508.00"
"SCHOOL SAFETY AGENT","56508.00"
"SCHOOL SAFETY AGENT","56508.00"
"SCHOOL SAFETY AGENT","56508.00"
"POLICE OFFICER","109352.00"
"SCHOOL SAFETY AGENT","56508.00"
"SCHOOL SAFETY AGENT","56508.00"
"P.O. DA DET GR3","119980.00"
"SCHOOL SAFETY AGENT","56508.00"
"SCHOOL SAFETY AGENT","51713.00"
"SCHOOL SAFETY AGENT","56508.00"
"SCHOOL SAFETY AGENT","56508.00"
"SCHOOL SAFETY AGENT","56508.00"
"P.O. DA DET GR3","119980.00"
"SCHOOL SAFETY AGENT","56508.00"
"SCHOOL SAFETY AGENT","56508.00"
"SCHOOL SAFETY AGENT","56508.00"
"SCHOOL SAFETY AGENT","56508.00"
"SCHOOL SAFETY AGENT","56508.00"
"SCHOOL SAFETY AGENT","56508.00"
"SCHOOL SAFETY AGENT","56508.00"
"SENIOR POLICE ADMINISTRATIVE AIDE","66060.00"
"SCHOOL SAFETY AGENT","56508.00"
"SCHOOL SAFETY AGENT","56508.00"
"SCHOOL SAFETY AGENT","53264.00"
"SUPERVISOR OF SCHOOL SECURITY","81237.00"
"SCHOOL SAFETY AGENT","56508.00"
"SCHOOL SAFETY AGENT","56508.00"
"SCHOOL SAFETY AGENT","56508.00"
"SCHOOL SAFETY AGENT","56508.00"
"SCHOOL SAFETY AGENT","56508.00"
"SCHOOL SAFETY AGENT","54862.00"
"SCHOOL SAFETY AGENT","56508.00"
"P.O. DA DET GR3","119980.00"
"SCHOOL SAFETY AGENT","56508.00"
"POLICE OFFICER D/A DETECTIVE 2ND GR","134819.00"
"SCHOOL SAFETY AGENT","56508.00"
"SCHOOL SAFETY AGENT","56508.00"
"LIEUTENANT","141943.00"
"SERGEANT-","118056.00"
"POLICE OFFICER D/A DETECTIVE 2ND GR","130260.00"
"SCHOOL SAFETY AGENT","51713.00"
"CRIMINALIST ASSISTANT DIRECTOR OF LABORATORY","157799.00"
"P.O. DA DET GR3","119980.00"
"POLICE OFFICER D/A DETECTIVE 2ND GR","134819.00"
"SERGEANT-","118056.00"
"ADMINISTRATIVE STAFF ANALYST","128120.00"
"SCHOOL SAFETY AGENT","56508.00"
"SCHOOL SAFETY AGENT","56508.00"
"SCHOOL SAFETY AGENT","56508.00"
"ADMINISTRATIVE MANAGEMENT AUDITOR","119859.00"
"CAPTAIN","194689.00"
"POLICE OFFICER","109352.00"
"P.O. DA DET GR3","119980.00"
"ADMINISTRATIVE STAFF ANALYST","285577.00"
"STOCK WORKER","58667.00"
"POLICE OFFICER","109352.00"
"SERGEANT-","118056.00"
"CRIMINALIST","120180.00"
"EVIDENCE AND PROPERTY CONTROL SPECIALIST","65382.00"
"POLICE OFFICER","109352.00"
"PRINCIPAL ADMINISTRATIVE ASSOCIATE -  NON SUPVR","68172.00"
"POLICE ADMINISTRATIVE AIDE","51193.00"
"POLICE OFFICER","60363.00"
"SCHOOL SAFETY AGENT","56508.00"
"LIEUTENANT","142202.00"
"ADMINISTRATIVE ACCOUNTANT","98052.00"
"EVIDENCE AND PROPERTY CONTROL SPECIALIST","71704.00"
"LIEUTENANT","154751.00"
"POLICE COMMUNICATIONS TECHNICIAN","61985.00"
"SERGEANT-","97894.00"
"POLICE OFFICER","109352.00"
"SERGEANT-","118056.00"
"POLICE OFFICER","109352.00"
"POLICE OFFICER","109352.00"
"POLICE OFFICER","109352.00"
"POLICE OFFICER","109352.00"
"POLICE OFFICER","109352.00"
"POLICE OFFICER","109352.00"
"LIEUTENANT","154751.00"
"P.O. DA DET GR3","119980.00"
"LIEUTENANT D/A SPECIAL ASSIGNMENT","164477.00"
"P.O. DET SPEC","115923.00"
"SERGEANT-","118056.00"
"SERGEANT-","118056.00"
"P.O. DET SPEC","119980.00"
"SERGEANT-","118056.00"
"P.O. DET SPEC","115923.00"
"POLICE OFFICER","109352.00"
"SERGEANT-","118056.00"
"POLICE OFFICER D/A DETECTIVE 2ND GR","130260.00"
"P.O. DA DET GR3","115923.00"
"POLICE OFFICER","109352.00"
"POLICE OFFICER","109352.00"
"POLICE OFFICER","109352.00"
"POLICE OFFICER","105146.00"
"SERGEANT-","96477.00"
"POLICE OFFICER D/A DETECTIVE 2ND GR","134819.00"
"SERGEANT-","118056.00"
"POLICE OFFICER","109352.00"
"POLICE OFFICER","109352.00"
"POLICE OFFICER","109352.00"
"POLICE OFFICER","109352.00"
"P.O. DET SPEC","119980.00"
"P.O. DA DET GR3","119980.00"
"P.O. DA DET GR3","119980.00"
"POLICE OFFICER","109352.00"
"POLICE OFFICER","109352.00"
"P.O. DET SPEC","115923.00"
"LIEUTENANT","154751.00"
"CAPTAIN","160722.00"
"POLICE OFFICER D/A DETECTIVE 2ND GR","134819.00"
"POLICE OFFICER","109352.00"
"POLICE OFFICER","109352.00"
"LIEUTENANT","149518.00"
"POLICE OFFICER","109352.00"
"POLICE OFFICER","109352.00"
"POLICE OFFICER","109352.00"
"SERGEANT-D/A SUPERVISOR DETECTIVE SQUAD","120442.00"
"SERGEANT-","118056.00"
"POLICE OFFICER","109352.00"
"CAPTAIN","160722.00"
"CAPTAIN D/A DEPUTY INSPECTOR","204936.00"
"POLICE OFFICER","109352.00"
"SERGEANT-","118056.00"
"POLICE OFFICER","109352.00"
"SERGEANT-D/A SUPERVISOR DETECTIVE SQUAD","135511.00"
"SERGEANT-","118056.00"
"SERGEANT-","118056.00"
"POLICE OFFICER D/A DETECTIVE 2ND GR","130260.00"
"SERGEANT-D/A SUPERVISOR DETECTIVE SQUAD","121048.00"
"SERGEANT-D/A SUPERVISOR DETECTIVE SQUAD","121048.00"
"POLICE OFFICER","109352.00"
"POLICE OFFICER","109352.00"
"POLICE OFFICER D/A DETECTIVE 2ND GR","130260.00"
"POLICE OFFICER","109352.00"
"LIEUTENANT","149518.00"
"POLICE OFFICER D/A DETECTIVE 2ND GR","130260.00"
"LIEUTENANT","154751.00"
"POLICE OFFICER","109352.00"
"POLICE OFFICER","109352.00"
"POLICE OFFICER","109352.00"
"P.O. DET SPEC","115923.00"
"POLICE OFFICER D/A DETECTIVE 2ND GR","130260.00"
"LIEUTENANT D/A COMMANDER OF DETECTIVE SQUAD","159762.00"
"POLICE OFFICER","109352.00"
"POLICE OFFICER","109352.00"
"LIEUTENANT","142202.00"
"SERGEANT-","118056.00"
"LIEUTENANT","154751.00"
"SERGEANT-","118056.00"
"POLICE OFFICER D/A DETECTIVE 1ST GR","154751.00"
"POLICE OFFICER D/A DETECTIVE 2ND GR","130260.00"
"LIEUTENANT","154751.00"
"LIEUTENANT","154751.00"
"CAPTAIN D/A DEPUTY CHIEF","227306.00"
"P.O. DET SPEC","115923.00"
"POLICE OFFICER","109352.00"
"POLICE OFFICER","109352.00"
"P.O. DET SPEC","115923.00"
"P.O. DA DET GR3","115215.00"
"P.O. DET SPEC","119980.00"
"SERGEANT-D/A SPECIAL ASSIGNMENT","120442.00"
"P.O. DA DET GR3","115923.00"
"P.O. DA DET GR3","119980.00"
"POLICE OFFICER D/A DETECTIVE 2ND GR","134819.00"
"POLICE OFFICER","109352.00"
"LIEUTENANT","154751.00"
"POLICE OFFICER","109352.00"
"POLICE OFFICER","109352.00"
"LIEUTENANT","154751.00"
"P.O. DA DET GR3","119980.00"
"SERGEANT-","118056.00"
"P.O. DET SPEC","119980.00"
"CAPTAIN","194689.00"
"SERGEANT-","118056.00"
"P.O. DET SPEC","115390.00"
"P.O. DET SPEC","119980.00"
"SERGEANT-","118056.00"
"POLICE OFFICER","109352.00"
"LIEUTENANT","154751.00"
"POLICE OFFICER","109352.00"
"P.O. DA DET GR3","115923.00"
"LIEUTENANT","154751.00"
"POLICE OFFICER","109352.00"
"POLICE OFFICER","109352.00"
"POLICE OFFICER","109352.00"
"LIEUTENANT","149518.00"
"POLICE OFFICER","109352.00"
"SERGEANT-","118056.00"
"SERGEANT-","118056.00"
"POLICE OFFICER","109352.00"
"P.O. DA DET GR3","119980.00"
"POLICE OFFICER","109352.00"
"SERGEANT-D/A SUPERVISOR DETECTIVE SQUAD","135511.00"
"CAPTAIN D/A DEPUTY INSPECTOR","204936.00"
"P.O. DA DET GR3","119980.00"
"P.O. DET SPEC","115215.00"
"SERGEANT-","118056.00"
"CAPTAIN","157515.00"
"CAPTAIN D/A DEPUTY INSPECTOR","204936.00"
"P.O. DET SPEC","115215.00"
"P.O. DA DET GR3","119980.00"
"LIEUTENANT D/A COMMANDER OF DETECTIVE SQUAD","159762.00"
"POLICE OFFICER","109352.00"
"POLICE OFFICER","109352.00"
"POLICE OFFICER","109352.00"
"CAPTAIN","194689.00"
"POLICE OFFICER","109352.00"
"SERGEANT-D/A SPECIAL ASSIGNMENT","121048.00"
"POLICE OFFICER D/A DETECTIVE 2ND GR","130260.00"
"LIEUTENANT D/A COMMANDER OF DETECTIVE SQUAD","170234.00"
"LIEUTENANT","154751.00"
"SERGEANT-","96477.00"
"SERGEANT-D/A SUPERVISOR DETECTIVE SQUAD","135511.00"
"CAPTAIN","157515.00"
"LIEUTENANT","141684.00"
"SERGEANT-","118056.00"
"POLICE OFFICER","109352.00"
"LIEUTENANT","149518.00"
"P.O. DET SPEC","115923.00"
"P.O. DET SPEC","115390.00"
"CAPTAIN","194689.00"
"POLICE OFFICER","109352.00"
"SERGEANT-","118056.00"
"POLICE OFFICER","109352.00"
"SERGEANT-D/A SUPERVISOR DETECTIVE SQUAD","135511.00"
"SERGEANT-D/A SUPERVISOR DETECTIVE SQUAD","120744.00"
"CAPTAIN","194689.00"
"LIEUTENANT","154751.00"
"POLICE OFFICER","109352.00"
"LIEUTENANT","142202.00"
"P.O. DET SPEC","115923.00"
"CAPTAIN","157515.00"
"P.O. DA DET GR3","115923.00"
"POLICE OFFICER D/A DETECTIVE 2ND GR","134819.00"
"CAPTAIN","194689.00"
"POLICE OFFICER","109352.00"
"POLICE OFFICER","109352.00"
"P.O. DET SPEC","115390.00"
"LIEUTENANT","154751.00"
"P.O. DA DET GR3","115923.00"
"SERGEANT-","118056.00"
"LIEUTENANT","154751.00"
"POLICE OFFICER D/A DETECTIVE 2ND GR","134819.00"
"SERGEANT-","118056.00"
"POLICE OFFICER","109352.00"
"SERGEANT-","118056.00"
"SERGEANT-","118056.00"
"POLICE OFFICER","109352.00"
"CAPTAIN D/A DEPUTY INSPECTOR","204936.00"
"POLICE OFFICER","109352.00"
"SERGEANT-","97894.00"
"SERGEANT-D/A SPECIAL ASSIGNMENT","135511.00"
"POLICE OFFICER","109352.00"
"POLICE OFFICER","109352.00"
"POLICE OFFICER","109352.00"
"POLICE OFFICER","109352.00"
"POLICE OFFICER","109352.00"
"P.O. DET SPEC","115923.00"
"LIEUTENANT","142202.00"
"POLICE OFFICER","109352.00"
"SERGEANT-","118056.00"
"P.O. DA DET GR3","119980.00"
"POLICE OFFICER","109352.00"
"POLICE OFFICER","109352.00"
"P.O. DA DET GR3","115923.00"
"LIEUTENANT D/A SPECIAL ASSIGNMENT","152380.00"
"POLICE OFFICER","109352.00"
"POLICE OFFICER","109352.00"
"SERGEANT-","118056.00"
"SERGEANT-","118056.00"
"SERGEANT-","118056.00"
"POLICE OFFICER","109352.00"
"SERGEANT-","118056.00"
"SERGEANT-","118056.00"
"SERGEANT-","97894.00"
"CAPTAIN D/A INSPECTOR","215791.00"
"LIEUTENANT","154751.00"
"P.O. DA DET GR3","115923.00"
"P.O. DET SPEC","119429.00"
"SERGEANT-","118056.00"
"POLICE OFFICER","109352.00"
"LIEUTENANT","142202.00"
"SERGEANT-","118056.00"
"CAPTAIN D/A DEPUTY INSPECTOR","204936.00"
"P.O. DA DET GR3","119980.00"
"P.O. DET SPEC","119314.00"
"POLICE OFFICER","109352.00"
"POLICE OFFICER","109352.00"
"P.O. DET SPEC","115923.00"
"POLICE OFFICER D/A DETECTIVE 1ST GR","154751.00"
"SERGEANT-","118056.00"
"SERGEANT-D/A SUPERVISOR DETECTIVE SQUAD","120744.00"
"POLICE OFFICER","109352.00"
"P.O. DA DET GR3","119980.00"
"SERGEANT-D/A SPECIAL ASSIGNMENT","135511.00"
"P.O. DA DET GR3","119980.00"
"SERGEANT-","118056.00"
"P.O. DET SPEC","115923.00"
"POLICE OFFICER","109352.00"
"POLICE OFFICER","109352.00"
"SERGEANT-","118056.00"
"POLICE OFFICER","109352.00"
"POLICE OFFICER","109352.00"
"POLICE OFFICER","109352.00"
"P.O. DA DET GR3","119980.00"
"LIEUTENANT","142202.00"
"POLICE OFFICER D/A DETECTIVE 1ST GR","154751.00"
"P.O. DA DET GR3","115923.00"
"POLICE OFFICER","109352.00"
"POLICE OFFICER D/A DETECTIVE 2ND GR","134819.00"
"POLICE OFFICER","105146.00"
"POLICE OFFICER","109352.00"
"POLICE OFFICER","109352.00"
"SERGEANT-D/A SUPERVISOR DETECTIVE SQUAD","135511.00"
"POLICE OFFICER","109352.00"
"POLICE OFFICER","109352.00"
"POLICE OFFICER","109352.00"
"SERGEANT-D/A SUPERVISOR DETECTIVE SQUAD","121048.00"
"SERGEANT-D/A SPECIAL ASSIGNMENT","121048.00"
"P.O. DA DET GR3","119980.00"
"SERGEANT-","118056.00"
"P.O. DET SPEC","119248.00"
"LIEUTENANT","154751.00"
"POLICE OFFICER","109352.00"
"POLICE OFFICER","109352.00"
"P.O. DA DET GR3","119980.00"
"AGENCY ATTORNEY","140284.00"
"SERGEANT-","118056.00"
"POLICE OFFICER","109352.00"
"TRAFFIC ENFORCEMENT AGENT","53985.00"
"TRAFFIC ENFORCEMENT AGENT","53985.00"
"TRAFFIC ENFORCEMENT AGENT","53985.00"
"ASSOCIATE TRAFFIC ENFORCEMENT AGENT","54498.00"
"POLICE OFFICER","109352.00"
"ASSOCIATE TRAFFIC ENFORCEMENT AGENT","57817.00"
"ASSOCIATE TRAFFIC ENFORCEMENT AGENT","57817.00"
"TRAFFIC ENFORCEMENT AGENT","54875.00"
"TRAFFIC ENFORCEMENT AGENT","53985.00"
"TRAFFIC ENFORCEMENT AGENT","55339.00"
"TRAFFIC ENFORCEMENT AGENT","53985.00"
"TRAFFIC ENFORCEMENT AGENT","53985.00"
"POLICE OFFICER","109352.00"
"SENIOR POLICE ADMINISTRATIVE AIDE","58784.00"
"POLICE OFFICER","109352.00"
"POLICE OFFICER","109352.00"
"TRAFFIC ENFORCEMENT AGENT","53985.00"
"POLICE OFFICER","109352.00"
"SCHOOL SAFETY AGENT","56508.00"
"TRAFFIC ENFORCEMENT AGENT","53985.00"
"TRAFFIC ENFORCEMENT AGENT","53985.00"
"TRAFFIC ENFORCEMENT AGENT","49205.00"
"POLICE OFFICER","109352.00"
"POLICE OFFICER","109352.00"
"POLICE OFFICER","109352.00"
"POLICE OFFICER","109352.00"
"POLICE OFFICER","109352.00"
"POLICE OFFICER","109352.00"
"SENIOR POLICE ADMINISTRATIVE AIDE","58784.00"
"POLICE ADMINISTRATIVE AIDE","55067.00"
"SERGEANT-","118056.00"
"POLICE OFFICER","109352.00"
"PRINCIPAL ADMINISTRATIVE ASSOCIATE -  NON SUPVR","69114.00"
"MANAGEMENT AUDITOR","79761.00"
"ASSOCIATE INVESTIGATOR","68338.00"
"SENIOR POLICE ADMINISTRATIVE AIDE","64195.00"
"ASSOCIATE INVESTIGATOR","80388.00"
"PRINCIPAL ADMINISTRATIVE ASSOCIATE -  NON SUPVR","71081.00"
"PRINCIPAL ADMINISTRATIVE ASSOCIATE -  NON SUPVR","64282.00"
"MANAGEMENT AUDITOR","74855.00"
"POLICE OFFICER","109352.00"
"SENIOR POLICE ADMINISTRATIVE AIDE","59868.00"
"SENIOR POLICE ADMINISTRATIVE AIDE","58784.00"
"POLICE ADMINISTRATIVE AIDE","54123.00"
"SENIOR POLICE ADMINISTRATIVE AIDE","58784.00"
"SENIOR POLICE ADMINISTRATIVE AIDE","58784.00"
"POLICE ADMINISTRATIVE AIDE","51502.00"
"POLICE ADMINISTRATIVE AIDE","52801.00"
"SENIOR POLICE ADMINISTRATIVE AIDE","58758.00"
"INVESTIGATOR","62283.00"
"SENIOR POLICE ADMINISTRATIVE AIDE","58784.00"
"PRINCIPAL ADMINISTRATIVE ASSOCIATE -  NON SUPVR","69327.00"
"SENIOR POLICE ADMINISTRATIVE AIDE","58784.00"
"POLICE ADMINISTRATIVE AIDE","54186.00"
"EXECUTIVE AGENCY COUNSEL","182310.00"
"DEPUTY CHIEF SURGEON","167667.00"
"P.O. DA DET GR3","119980.00"
"SERGEANT-","97894.00"
"AUTO BODY WORKER","73520.00"
"LIEUTENANT","141943.00"
"ADMINISTRATIVE STAFF ANALYST","139470.00"
"POLICE OFFICER","109352.00"
"POLICE OFFICER","109352.00"
"SERGEANT-","105606.00"
"POLICE OFFICER","109352.00"
"POLICE ADMINISTRATIVE AIDE","48631.00"
"P.O. DET SPEC","119980.00"
"POLICE OFFICER","109352.00"
"SENIOR POLICE ADMINISTRATIVE AIDE","58707.00"
"P.O. DA DET GR3","119980.00"
"SCHOOL CROSSING GUARD","44533.00"
"POLICE OFFICER","109352.00"
"SERGEANT-","118056.00"
"POLICE OFFICER","109352.00"
"P.O. DA DET GR3","119980.00"
"SERGEANT-","118056.00"
"POLICE OFFICER","109352.00"
"POLICE OFFICER","109352.00"
"LIEUTENANT","141943.00"
"P.O. DET SPEC","119429.00"
"LIEUTENANT","154751.00"
"POLICE OFFICER","109352.00"
"SERGEANT-","118056.00"
"SERGEANT-","118056.00"
"POLICE OFFICER","109352.00"
"POLICE OFFICER","109352.00"
"POLICE OFFICER D/A DETECTIVE 2ND GR","134819.00"
"P.O. DA DET GR3","119980.00"
"POLICE OFFICER","109352.00"
"P.O. DA DET GR3","119980.00"
"CAPTAIN","194689.00"
"P.O. DA DET GR3","119980.00"
"POLICE OFFICER","109352.00"
"LIEUTENANT","154751.00"
"POLICE OFFICER","109352.00"
"POLICE OFFICER","105146.00"
"POLICE OFFICER","109352.00"
"P.O. DET SPEC","119980.00"
"POLICE OFFICER","109352.00"
"LIEUTENANT","154751.00"
"POLICE OFFICER","109352.00"
"POLICE OFFICER D/A DETECTIVE 1ST GR","154751.00"
"SERGEANT-","118056.00"
"SERGEANT-D/A SUPERVISOR DETECTIVE SQUAD","121048.00"
"SERGEANT-","118056.00"
"POLICE OFFICER","109352.00"
"POLICE OFFICER D/A DETECTIVE 2ND GR","134819.00"
"SERGEANT-","118056.00"
"SERGEANT-D/A SUPERVISOR DETECTIVE SQUAD","120744.00"
"POLICE OFFICER","109352.00"
"P.O. DA DET GR3","108477.00"
"POLICE OFFICER D/A DETECTIVE 1ST GR","154751.00"
"P.O. DET SPEC","119980.00"
"SERGEANT-D/A SUPERVISOR DETECTIVE SQUAD","120744.00"
"P.O. DA DET GR3","119314.00"
"LIEUTENANT","154751.00"
"SERGEANT-","97894.00"
"POLICE OFFICER","109352.00"
"LIEUTENANT","154751.00"
"POLICE OFFICER D/A DETECTIVE 2ND GR","134819.00"
"P.O. DA DET GR3","119980.00"
"POLICE OFFICER","109352.00"
"POLICE OFFICER D/A DETECTIVE 2ND GR","134819.00"
"SERGEANT-","118056.00"
"POLICE OFFICER D/A DETECTIVE 2ND GR","134819.00"
"POLICE OFFICER","109352.00"
"POLICE OFFICER D/A DETECTIVE 2ND GR","134819.00"
"SERGEANT-","118056.00"
"POLICE OFFICER","109352.00"
"POLICE OFFICER","109352.00"
"P.O. DA DET GR3","119980.00"
"SERGEANT-","97894.00"
"POLICE OFFICER D/A DETECTIVE 2ND GR","134819.00"
"POLICE OFFICER","109352.00"
"POLICE OFFICER D/A DETECTIVE 2ND GR","134819.00"
"P.O. DET SPEC","119980.00"
"POLICE OFFICER","109352.00"
"POLICE OFFICER","109352.00"
"POLICE OFFICER D/A DETECTIVE 2ND GR","134819.00"
"POLICE OFFICER","109352.00"
"SERGEANT-","118056.00"
"P.O. DA DET GR3","119980.00"
"POLICE OFFICER D/A DETECTIVE 2ND GR","134819.00"
"P.O. DA DET GR3","119980.00"
"POLICE OFFICER","109352.00"
"POLICE OFFICER","109352.00"
"CAPTAIN D/A DEPUTY INSPECTOR","204936.00"
"SERGEANT-D/A SPECIAL ASSIGNMENT","120744.00"
"LIEUTENANT","154751.00"
"POLICE OFFICER D/A DETECTIVE 2ND GR","134819.00"
"POLICE OFFICER","109352.00"
"CAPTAIN D/A DEPUTY INSPECTOR","204936.00"
"P.O. DET SPEC","119980.00"
"LIEUTENANT","142202.00"
"LIEUTENANT","154751.00"
"POLICE OFFICER","109352.00"
"P.O. DA DET GR3","119980.00"
"CAPTAIN","194689.00"
"SERGEANT-","118056.00"
"LIEUTENANT D/A COMMANDER OF DETECTIVE SQUAD","157713.00"
"LIEUTENANT","154751.00"
"POLICE OFFICER D/A DETECTIVE 2ND GR","130260.00"
"P.O. DA DET GR3","119980.00"
"SERGEANT-","118056.00"
"POLICE OFFICER","109352.00"
"P.O. DET SPEC","119248.00"
"POLICE OFFICER","109352.00"
"POLICE OFFICER","109352.00"
"POLICE OFFICER","109352.00"
"LIEUTENANT","154751.00"
"P.O. DET SPEC","119980.00"
"P.O. DET SPEC","119980.00"
"POLICE OFFICER","109352.00"
"SERGEANT-","118056.00"
"POLICE OFFICER","109352.00"
"P.O. DA DET GR3","115923.00"
"SERGEANT-D/A SPECIAL ASSIGNMENT","135511.00"
"POLICE OFFICER","109352.00"
"LIEUTENANT","154751.00"
"POLICE OFFICER D/A DETECTIVE 2ND GR","134819.00"
"POLICE OFFICER","109352.00"
"POLICE OFFICER","109352.00"
"P.O. DA DET GR3","119980.00"
"POLICE OFFICER","109352.00"
"POLICE OFFICER","109352.00"
"POLICE OFFICER","109352.00"
"SERGEANT-","118056.00"
"P.O. DA DET GR3","119980.00"
"POLICE OFFICER","109352.00"
"P.O. DET SPEC","119314.00"
"POLICE OFFICER","109352.00"
"CAPTAIN","157537.00"
"POLICE OFFICER","109352.00"
"LIEUTENANT","154751.00"
"POLICE OFFICER","109352.00"
"P.O. DA DET GR3","115923.00"
"P.O. DET SPEC","119980.00"
"POLICE OFFICER D/A DETECTIVE 2ND GR","134819.00"
"SERGEANT-","118056.00"
"SERGEANT-","118056.00"
"POLICE OFFICER D/A DETECTIVE 2ND GR","134819.00"
"P.O. DET SPEC","119980.00"
"POLICE OFFICER","109352.00"
"P.O. DA DET GR3","119980.00"
"LIEUTENANT","142202.00"
"P.O. DET SPEC","119314.00"
"POLICE OFFICER","109352.00"
"P.O. DA DET GR3","119980.00"
"P.O. DA DET GR3","119980.00"
"POLICE OFFICER","109352.00"
"POLICE OFFICER","109352.00"
"P.O. DET SPEC","119980.00"
"POLICE OFFICER D/A DETECTIVE 2ND GR","134819.00"
"POLICE OFFICER","109352.00"
"POLICE OFFICER","109352.00"
"POLICE OFFICER","109352.00"
"SERGEANT-","118056.00"
"POLICE OFFICER","109352.00"
"P.O. DA DET GR3","119980.00"
"SERGEANT-","118056.00"
"SERGEANT-","118056.00"
"POLICE OFFICER","109352.00"
"LIEUTENANT","154751.00"
"LIEUTENANT","141684.00"
"P.O. DA DET GR3","119980.00"
"SERGEANT-","118056.00"
"CAPTAIN","160722.00"
"SERGEANT-","118056.00"
"P.O. DET SPEC","119980.00"
"P.O. DA DET GR3","119980.00"
"SERGEANT-D/A SPECIAL ASSIGNMENT","120744.00"
"POLICE OFFICER","109352.00"
"P.O. DA DET GR3","119980.00"
"P.O. DA DET GR3","115923.00"
"SERGEANT-","118056.00"
"POLICE OFFICER","109352.00"
"SERGEANT-","118056.00"
"P.O. DA DET GR3","119980.00"
"POLICE OFFICER","109352.00"
"SERGEANT-","118056.00"
"P.O. DA DET GR3","119980.00"
"LIEUTENANT","154751.00"
"P.O. DA DET GR3","119980.00"
"CAPTAIN","160722.00"
"POLICE OFFICER D/A DETECTIVE 2ND GR","134819.00"
"POLICE OFFICER","109352.00"
"CAPTAIN D/A DEPUTY INSPECTOR","204936.00"
"P.O. DA DET GR3","119980.00"
"P.O. DA DET GR3","119980.00"
"POLICE OFFICER D/A DETECTIVE 2ND GR","134819.00"
"POLICE OFFICER","109352.00"
"POLICE OFFICER D/A DETECTIVE 2ND GR","134819.00"
"POLICE OFFICER","109352.00"
"SERGEANT-","118056.00"
"SERGEANT-","118056.00"
"CAPTAIN","194689.00"
"P.O. DA DET GR3","119980.00"
"P.O. DET SPEC","119980.00"
"POLICE OFFICER","109352.00"
"LIEUTENANT","154751.00"
"POLICE OFFICER","109352.00"
"POLICE OFFICER","109352.00"
"SERGEANT-D/A SUPERVISOR DETECTIVE SQUAD","121048.00"
"POLICE OFFICER","109352.00"
"POLICE OFFICER","109352.00"
"POLICE OFFICER","109352.00"
"POLICE OFFICER","109352.00"
"P.O. DET SPEC","119980.00"
"POLICE OFFICER","109352.00"
"P.O. DET SPEC","119980.00"
"SERGEANT-","118056.00"
"SERGEANT-","118056.00"
"LIEUTENANT","142202.00"
"POLICE OFFICER D/A DETECTIVE 2ND GR","134819.00"
"POLICE OFFICER","109352.00"
"LIEUTENANT","154751.00"
"POLICE OFFICER","109352.00"
"P.O. DA DET GR3","119980.00"
"POLICE OFFICER","109352.00"
"POLICE OFFICER D/A DETECTIVE 2ND GR","134819.00"
"POLICE OFFICER","105146.00"
"P.O. DA DET GR3","119980.00"
"P.O. DA DET GR3","119980.00"
"P.O. DET SPEC","119248.00"
"LIEUTENANT","154751.00"
"LIEUTENANT","154751.00"
"SERGEANT-D/A SUPERVISOR DETECTIVE SQUAD","120744.00"
"P.O. DA DET GR3","119980.00"
"POLICE OFFICER","109352.00"
"P.O. DA DET GR3","119980.00"
"P.O. DA DET GR3","119429.00"
"POLICE OFFICER","109352.00"
"POLICE OFFICER","109352.00"
"POLICE OFFICER","109352.00"
"P.O. DA DET GR3","119980.00"
"POLICE OFFICER","109352.00"
"POLICE OFFICER","109352.00"
"P.O. DET SPEC","119980.00"
"POLICE OFFICER","109352.00"
"POLICE OFFICER","109352.00"
"CAPTAIN","160722.00"
"POLICE OFFICER","109352.00"
"LIEUTENANT","154751.00"
"LIEUTENANT D/A COMMANDER OF DETECTIVE SQUAD","170234.00"
"POLICE OFFICER","109352.00"
"POLICE OFFICER D/A DETECTIVE 2ND GR","134819.00"
"POLICE OFFICER","109352.00"
"POLICE OFFICER","109352.00"
"POLICE OFFICER","109352.00"
"SERGEANT-","118056.00"
"P.O. DA DET GR3","119980.00"
"P.O. DET SPEC","119980.00"
"POLICE OFFICER","109352.00"
"SERGEANT-","118056.00"
"P.O. DA DET GR3","119980.00"
"P.O. DA DET GR3","119980.00"
"P.O. DET SPEC","119429.00"
"POLICE OFFICER D/A DETECTIVE 2ND GR","134819.00"
"SERGEANT-D/A SUPERVISOR DETECTIVE SQUAD","121048.00"
"POLICE OFFICER D/A DETECTIVE 1ST GR","154751.00"
"CAPTAIN","194689.00"
"POLICE OFFICER","109352.00"
"CAPTAIN","160722.00"
"SERGEANT-","118056.00"
"POLICE OFFICER","109352.00"
"P.O. DA DET GR3","115923.00"
"POLICE OFFICER","109352.00"
"CAPTAIN","160722.00"
"LIEUTENANT","141684.00"
"LIEUTENANT","154751.00"
"POLICE OFFICER","109352.00"
"P.O. DA DET GR3","119980.00"
"SERGEANT-","118056.00"
"LIEUTENANT","154751.00"
"POLICE OFFICER","109352.00"
"SERGEANT-","97894.00"
"P.O. DA DET GR3","119980.00"
"CAPTAIN","157537.00"
"POLICE OFFICER","109352.00"
"CAPTAIN","160722.00"
"POLICE OFFICER","109352.00"
"INTELLIGENCE RESEARCH SPECIALIST-PD","94438.00"
"SCHOOL SAFETY AGENT","56508.00"
"P.O. DA DET GR3","119314.00"
"P.O. DA DET GR3","119980.00"
"P.O. DA DET GR3","119980.00"
"P.O. DET SPEC","119980.00"
"SERGEANT-","118056.00"
"SERGEANT-","118056.00"
"SERGEANT-","118056.00"
"SERGEANT-","118056.00"
"LIEUTENANT","154751.00"
"P.O. DET SPEC","115390.00"
"POLICE OFFICER","109352.00"
"POLICE OFFICER","109352.00"
"LIEUTENANT D/A SPECIAL ASSIGNMENT","156098.00"
"POLICE OFFICER","109352.00"
"LIEUTENANT","154751.00"
"LIEUTENANT","154751.00"
"SERGEANT-","118056.00"
"LIEUTENANT","154751.00"
"POLICE OFFICER","109352.00"
"P.O. DA DET GR3","119429.00"
"P.O. DA DET GR3","119980.00"
"P.O. DA DET GR3","119980.00"
"POLICE OFFICER","109352.00"
"POLICE OFFICER","109352.00"
"POLICE OFFICER","109352.00"
"POLICE OFFICER","109352.00"
"P.O. DET SPEC","119248.00"
"CAPTAIN D/A INSPECTOR","215791.00"
"P.O. DET SPEC","115923.00"
"POLICE OFFICER","109352.00"
"SERGEANT-","118056.00"
"POLICE OFFICER","109352.00"
"SERGEANT-","118056.00"
"P.O. DET SPEC","119980.00"
"POLICE OFFICER","109352.00"
"SERGEANT-","118056.00"
"CAPTAIN D/A DEPUTY INSPECTOR","204936.00"
"POLICE OFFICER","109352.00"
"P.O. DA DET GR3","119980.00"
"POLICE OFFICER","109352.00"
"POLICE OFFICER","109352.00"
"LIEUTENANT","142202.00"
"SERGEANT-D/A SUPERVISOR DETECTIVE SQUAD","121048.00"
"LIEUTENANT D/A SPECIAL ASSIGNMENT","170234.00"
"POLICE OFFICER","109352.00"
"POLICE OFFICER","109352.00"
"SERGEANT-D/A SPECIAL ASSIGNMENT","120744.00"
"LIEUTENANT","141943.00"
"POLICE OFFICER","109352.00"
"POLICE OFFICER","109352.00"
"SERGEANT-","97894.00"
"P.O. DA DET GR3","119980.00"
"P.O. DA DET GR3","119980.00"
"POLICE OFFICER","109352.00"
"POLICE OFFICER","109352.00"
"SERGEANT-D/A SUPERVISOR DETECTIVE SQUAD","120744.00"
"POLICE OFFICER","109352.00"
"P.O. DA DET GR3","119980.00"
"SERGEANT-","118056.00"
"POLICE OFFICER","109352.00"
"P.O. DET SPEC","119314.00"
"SERGEANT-","118056.00"
"P.O. DET SPEC","119980.00"
"SERGEANT-","118056.00"
"P.O. DA DET GR3","119980.00"
"SERGEANT-","118056.00"
"POLICE OFFICER","109352.00"
"P.O. DA DET GR3","119314.00"
"POLICE OFFICER","109352.00"
"POLICE OFFICER","109352.00"
"P.O. DET SPEC","119314.00"
"POLICE OFFICER","109352.00"
"SERGEANT-","118056.00"
"CAPTAIN","194689.00"
"POLICE OFFICER","109352.00"
"POLICE OFFICER","109352.00"
"POLICE OFFICER","109352.00"
"SERGEANT-","118056.00"
"P.O. DA DET GR3","119980.00"
"CAPTAIN","160722.00"
"SERGEANT-","118056.00"
"SERGEANT-","118056.00"
"LIEUTENANT","142202.00"
"POLICE OFFICER","109352.00"
"COMMUNITY COORDINATOR","79087.24"
"COMMUNITY COORDINATOR","65935.00"
"COMMUNITY COORDINATOR","72298.00"
"ASSISTANT TO THE PRESIDENT","131918.00"
"COMPUTER SYSTEMS MANAGER","124040.00"
"COMMUNITY COORDINATOR","75198.00"
"COMMUNITY COORDINATOR","90664.00"
"COMMUNITY COORDINATOR","85078.00"
"COMMUNITY ASSOCIATE","58945.00"
"COMMUNITY PLANNING BOARD COORDINATOR","70801.00"
"CHAUFFEUR ATTENDANT","74472.00"
"CHAUFFEUR ATTENDANT","72461.00"
"ASSISTANT TO THE PRESIDENT","123900.00"
"COMMUNITY COORDINATOR","87763.00"
"COMMUNITY COORDINATOR","72298.00"
"COMMUNITY PLANNING BOARD COORDINATOR","65935.00"
"COMMUNITY COORDINATOR","79761.00"
"COMMUNITY PLANNING BOARD COORDINATOR","63809.00"
"COMMUNITY COORDINATOR","90086.00"
"COMMUNITY COORDINATOR","72298.00"
"COMMUNITY ASSOCIATE","63809.00"
"COMMUNITY COORDINATOR","72298.00"
"COMMUNITY COORDINATOR","77438.00"
"COMMUNITY COORDINATOR","78697.00"
"ASSISTANT TO THE PRESIDENT","118738.00"
"PUBLIC RELATIONS OFFICER","113792.00"
"COMMUNITY COORDINATOR","82400.00"
"ASSISTANT TO THE PRESIDENT","150200.00"
"EXECUTIVE ASSISTANT","180518.00"
"DIRECTOR OF COMMUNITY PLANNING BOARDS","133595.00"
"COMMUNITY PLANNING BOARD COORDINATOR","63809.00"
"ASSOCIATE PUBLIC INFORMATION SPECIALIST","81599.00"
"COMMUNITY COORDINATOR","72832.00"
"PUBLIC INFORMATION OFFICER","136681.00"
"ASSISTANT TO THE PRESIDENT","101541.00"
"PRINCIPAL ADMINISTRATIVE ASSOCIATE -  NON SUPVR","80046.00"
"ASSISTANT TO THE PRESIDENT","119344.00"
"HOUSING CONSULTANT","129063.00"
"ASSISTANT TO THE PRESIDENT","121654.00"
"AGENCY CHIEF CONTRACTING OFFICER","142733.00"
"ASSISTANT TO THE PRESIDENT","150200.00"
"DEPUTY BOROUGH PRESIDENT","180518.00"
"GENERAL COUNSEL","143569.00"
"ASSISTANT TO THE PRESIDENT","125237.00"
"BOROUGH PRESIDENT","179200.00"
"PRINCIPAL ADMINISTRATIVE ASSOCIATE -  NON SUPVR","61128.00"
"ADMINISTRATIVE STAFF ANALYST","153248.00"
"COMMUNITY COORDINATOR","100959.00"
"COMMUNITY COORDINATOR","73638.00"
"COMMUNITY COORDINATOR","90070.00"
"COMMUNITY COORDINATOR","80315.00"
"COMMUNITY COORDINATOR","74816.00"
"COMMUNITY COORDINATOR","85078.00"
"COMMUNITY COORDINATOR","89992.00"
"COMMUNITY ASSOCIATE","43248.00"
"COMMUNITY ASSOCIATE","43248.00"
"DECEDENT PROPERTY AGENT","64804.00"
"COMMUNITY ASSOCIATE","53764.00"
"PUBLIC ADMINISTRATOR","209340.00"
"COMMUNITY ASSOCIATE","49736.00"
"COMMUNITY COORDINATOR","91991.00"
"PUBLIC ADMINISTRATOR","189810.00"
"COMMUNITY ASSOCIATE","49560.00"
"COMMUNITY COORDINATOR","72275.00"
"COMMUNITY ASSOCIATE","52110.00"
"COMMUNITY ASSOCIATE","44545.00"
"COMMUNITY ASSOCIATE","46463.00"
"PUBLIC ADMINISTRATOR","209340.00"
"COMMUNITY ASSOCIATE","52110.00"
"COMMUNITY ASSOCIATE","52110.00"
"DEPUTY PUBLIC ADMINISTATOR","139560.00"
"COMMUNITY COORDINATOR","69178.00"
"COMMUNITY ASSOCIATE","51622.00"
"COMMUNITY COORDINATOR","73380.00"
"COMMUNITY ASSOCIATE","51677.00"
"COMMUNITY COORDINATOR","72298.00"
"COMMUNITY ASSOCIATE","54237.00"
"DECEDENT PROPERTY AGENT","67546.00"
"DECEDENT PROPERTY AGENT","63209.00"
"DECEDENT PROPERTY AGENT","59386.00"
"DEPUTY PUBLIC ADMINISTATOR","139560.00"
"ACCOUNTANT","79762.00"
"PRINCIPAL ADMINISTRATIVE ASSOCIATE -  NON SUPVR","78210.00"
"DECEDENT PROPERTY AGENT","58044.00"
"CLERICAL ASSOCIATE MOST MAYORAL AG","54490.00"
"CLERICAL ASSOCIATE MOST MAYORAL AG","52018.00"
"CLERICAL ASSOCIATE MOST MAYORAL AG","54490.00"
"ACCOUNTANT","76423.00"
"PUBLIC ADMINISTRATOR","209340.00"
"DECEDENT PROPERTY AGENT","55950.00"
"BOOKKEEPER","44911.00"
"DECEDENT PROPERTY AGENT","61861.00"
"DECEDENT PROPERTY AGENT","61861.00"
"SECRETARY","54886.00"
"DECEDENT PROPERTY AGENT","61861.00"
"DECEDENT PROPERTY AGENT","61861.00"
"PUBLIC ADMINISTRATOR","209340.00"
"DEPUTY PUBLIC ADMINISTATOR","139560.00"
"SECRETARY TO PUBLIC ADMINISTRATOR","83820.00"
"DEPUTY PUBLIC ADMINISTATOR","139560.00"
"COMMUNITY COORDINATOR","84143.00"
"SECRETARY TO PUBLIC ADMINISTRATOR","91605.00"
"PUBLIC ADMINISTRATOR","209340.00"
"OFFICE ASSISTANT","58104.00"
"ASSISTANT TO THE PUBLIC ADVOCATE","58104.00"
"ASSISTANT TO THE PUBLIC ADVOCATE","63916.00"
"ASSISTANT TO THE PUBLIC ADVOCATE","61800.00"
"OFFICE MANAGER","74118.00"
"ASSISTANT TO THE PUBLIC ADVOCATE","58104.00"
"ASSISTANT TO THE PUBLIC ADVOCATE","61904.00"
"ASSISTANT TO THE PUBLIC ADVOCATE","60101.00"
"OFFICE ASSISTANT","65409.00"
"ASSISTANT TO THE PUBLIC ADVOCATE","63916.00"
"OFFICE MANAGER","142745.00"
"ASSISTANT TO THE PUBLIC ADVOCATE","58104.00"
"OFFICE MANAGER","76862.00"
"ASSISTANT TO THE PUBLIC ADVOCATE","74443.00"
"ASSISTANT TO THE PUBLIC ADVOCATE","61904.00"
"OFFICE MANAGER","134984.00"
"LEGISLATIVE INFORMATION OFFICER","126285.00"
"FIRST ASSISTANT TO THE PUBLIC ADVOCATE","177782.00"
"LEGISLATIVE INFORMATION OFFICER","116491.00"
"ASSISTANT TO THE PUBLIC ADVOCATE","63916.00"
"ASSISTANT TO THE PUBLIC ADVOCATE","63916.00"
"ASSISTANT TO THE PUBLIC ADVOCATE","60101.00"
"LEGISLATIVE INFORMATION OFFICER","130735.00"
"OFFICE MANAGER","76862.00"
"ASSISTANT TO THE PUBLIC ADVOCATE","63581.00"
"LEGISLATIVE INFORMATION OFFICER","108277.00"
"ASSISTANT TO THE PUBLIC ADVOCATE","63916.00"
"ASSISTANT TO THE PUBLIC ADVOCATE","63581.00"
"OFFICE MANAGER","88216.00"
"LEGISLATIVE INFORMATION OFFICER","126285.00"
"LEGISLATIVE ATTORNEY","92104.53"
"OFFICE ASSISTANT","63809.00"
"EXECUTIVE ASSISTANT AND COUNSEL TO THE PUBLIC ADVOCATE","120784.00"
"PUBLIC ADVOCATE","184800.00"
"EXECUTIVE ASSISTANT AND COUNSEL TO THE PUBLIC ADVOCATE","90615.00"
"ASSISTANT TO THE PUBLIC ADVOCATE","55000.00"
"ASSISTANT TO THE PUBLIC ADVOCATE","58104.00"
"DIRECTOR OF THE OMBUDSMAN PROGRAM","139319.00"
"FIRST ASSISTANT TO THE PUBLIC ADVOCATE","171916.00"
"OFFICE MANAGER","110497.00"
"DIRECTOR OF COMMUNICATIONS","131640.00"
"ASSISTANT TO THE PUBLIC ADVOCATE","63916.00"
"DIRECTOR OF THE OMBUDSMAN PROGRAM","119986.00"
"SPECIAL ASSISTANT","63916.00"
"ASSISTANT TO THE PUBLIC ADVOCATE","61580.00"
"ASSISTANT TO THE PUBLIC ADVOCATE","63916.00"
"ASSISTANT TO THE PUBLIC ADVOCATE","63916.00"
"ASSISTANT TO THE PUBLIC ADVOCATE","65405.00"
"ASSISTANT TO THE PUBLIC ADVOCATE","65564.00"
"COUNSEL TO THE PUBLIC ADVOCATE","189139.00"
"DIRECTOR OF COMMUNICATIONS","115294.00"
"ASSISTANT TO THE PUBLIC ADVOCATE","65564.00"
"LEGISLATIVE INFORMATION OFFICER","118460.00"
"ASSISTANT TO THE PUBLIC ADVOCATE","63916.00"
"ASSISTANT TO THE PUBLIC ADVOCATE","76677.00"
"ASSISTANT TO THE PUBLIC ADVOCATE","60101.00"
"ASSISTANT TO THE PUBLIC ADVOCATE","61889.00"
"OFFICE MANAGER","93460.00"
"ASSISTANT TO THE PUBLIC ADVOCATE","61904.00"
"ASSISTANT TO THE PUBLIC ADVOCATE","63500.00"
"ASSISTANT TO THE PUBLIC ADVOCATE","61889.00"
"ASSISTANT TO THE PUBLIC ADVOCATE","76677.00"
"DISTRICT MANAGER","138093.00"
"COMMUNITY ASSISTANT","43460.00"
"DISTRICT MANAGER","140037.00"
"COMMUNITY COORDINATOR","90689.00"
"DISTRICT MANAGER","110998.00"
"COMMUNITY ASSISTANT","47774.00"
"COMMUNITY ASSISTANT","42092.00"
"DISTRICT MANAGER","136388.00"
"DISTRICT MANAGER","153934.00"
"DISTRICT MANAGER","110601.00"
"COMMUNITY COORDINATOR","85698.00"
"COMMUNITY COORDINATOR","87763.00"
"DISTRICT MANAGER","135694.00"
"COMMUNITY COORDINATOR","74629.00"
"COMMUNITY ASSISTANT","42333.00"
"DISTRICT MANAGER","144006.00"
"COMMUNITY COORDINATOR","79527.00"
"DISTRICT MANAGER","128803.00"
"COMMUNITY COORDINATOR","97795.00"
"DISTRICT MANAGER","116908.00"
"COMMUNITY ASSOCIATE","68890.00"
"COMMUNITY COORDINATOR","69235.00"
"DISTRICT MANAGER","113575.00"
"DISTRICT MANAGER","123517.00"
"COMMUNITY SERVICE AIDE","34118.00"
"COMMUNITY ASSISTANT","42194.00"
"DISTRICT MANAGER","121949.00"
"COMMUNITY COORDINATOR","72298.00"
"COMMUNITY ASSOCIATE","51227.00"
"DISTRICT MANAGER","173804.00"
"COMMUNITY ASSOCIATE","24482.00"
"COMMUNITY ASSOCIATE","74756.00"
"COMMUNITY ASSISTANT","42194.00"
"DISTRICT MANAGER","115113.00"
"COMMUNITY COORDINATOR","74443.00"
"DISTRICT MANAGER","133885.00"
"DISTRICT MANAGER","154077.00"
"COMMUNITY COORDINATOR","71935.00"
"COMMUNITY COORDINATOR","83484.00"
"DISTRICT MANAGER","118956.00"
"CITY ASSESSOR","136101.00"
"ASSISTANT COUNSEL","191994.00"
"SPECIAL ASSISTANT","192643.00"
"PRESIDENT","216400.00"
"CITY ASSESSOR","124494.00"
"PRINCIPAL ADMINISTRATIVE ASSOCIATE -  NON SUPVR","78136.30"
"EXECUTIVE AGENCY COUNSEL","174198.00"
"*CERTIFIED DATABASE ADMINISTRATOR","126965.10"
"SECRETARY OF THE TAX COMMISSION","72193.00"
"CLERICAL ASSOCIATE MOST MAYORAL AG","57113.00"
"ADM MANAGER-NON-MGRL","108276.00"
"ADM MANAGER-NON-MGRL","107465.00"
"COMMISSIONER","216400.00"
"EXECUTIVE AGENCY COUNSEL","168715.00"
"SECRETARY","73002.00"
"CITY ASSESSOR","120996.00"
"CERTIFIED IT ADMINISTRATOR","142994.40"
"PRINCIPAL ADMINISTRATIVE ASSOCIATE -  NON SUPVR","81947.00"
"CITY ASSESSOR","120996.00"
"AGENCY ATTORNEY","141455.00"
"CITY ASSESSOR","108678.00"
"CITY ASSESSOR","120996.00"
"CITY ASSESSOR","93708.00"
"CITY ASSESSOR","108678.00"
"CITY ASSESSOR","108678.00"
"CITY ASSESSOR","120996.00"
"CITY ASSESSOR","120996.00"
"CITY ASSESSOR","93708.00"
"COMPUTER SYSTEMS MANAGER","227670.00"
"CITY ASSESSOR","108678.00"
"CITY ASSESSOR","93708.00"
"CERTIFIED IT DEVELOPER","137650.00"
"COMMISSIONER","216400.00"
"ADM MANAGER-NON-MGRL","93935.00"
"ADMINISTRATIVE STAFF ANALYST","178306.00"
"ADMINISTRATIVE ASSESSOR","199295.00"
"CITY ASSESSOR","124494.00"
"CITY ASSESSOR","131817.00"
"COMPUTER ASSOCIATE","99737.00"
"PRESIDENT","227786.00"
"ADM MANAGER-NON-MGRL","94375.00"
"TAXI AND LIMOUSINE INSPECTOR","65375.00"
"TAXI AND LIMOUSINE INSPECTOR","65311.00"
"CLERICAL ASSOCIATE MOST MAYORAL AG","42789.00"
"EXECUTIVE AGENCY COUNSEL","208500.00"
"ADMINISTRATIVE STAFF ANALYST","154875.00"
"ADMINISTRATIIVE TAXI & LIMOUSINE INSPECTOR","105825.00"
"ADMINISTRATIIVE TAXI & LIMOUSINE INSPECTOR","105825.00"
"TAXI AND LIMOUSINE INSPECTOR","65375.00"
"PRINCIPAL ADMINISTRATIVE ASSOCIATE -  NON SUPVR","74701.00"
"CLERICAL ASSOCIATE MOST MAYORAL AG","67632.00"
"ASSOCIATE TAXI & LIMOUSINE INSPECTOR","73877.00"
"CASHIER","48818.00"
"TAXI AND LIMOUSINE INSPECTOR","65311.00"
"ASSOCIATE TAXI & LIMOUSINE INSPECTOR","72200.00"
"EXECUTIVE AGENCY COUNSEL","228581.00"
"TAXI AND LIMOUSINE INSPECTOR","49892.00"
"COMPUTER SPECIALIST","106426.00"
"ADMINISTRATIIVE TAXI & LIMOUSINE INSPECTOR","136679.00"
"COMPUTER OPERATIONS MANAGER","133639.00"
"PRINCIPAL ADMINISTRATIVE ASSOCIATE -  NON SUPVR","61500.00"
"ADMINISTRATIIVE TAXI & LIMOUSINE INSPECTOR","105825.00"
"CLERICAL ASSOCIATE MOST MAYORAL AG","51996.00"
"CLERICAL ASSOCIATE MOST MAYORAL AG","69002.00"
"CLERICAL ASSOCIATE MOST MAYORAL AG","44444.00"
"OPERATIONS COMMUNICATIONS SPECIALIST","53577.00"
"ADMINISTRATIVE MANAGER","184917.00"
"AGENCY ATTORNEY","84498.00"
"ADMINISTRATIIVE TAXI & LIMOUSINE INSPECTOR","105825.00"
"COMPUTER SPECIALIST","112583.00"
"CLERICAL ASSOCIATE MOST MAYORAL AG","46103.00"
"ADM MANAGER-NON-MGRL","109064.00"
"COMMUNITY ASSOCIATE","54049.00"
"ADM MANAGER-NON-MGRL","90351.00"
"ADMINISTRATIIVE TAXI & LIMOUSINE INSPECTOR","164661.00"
"COMPUTER SYSTEMS MANAGER","156958.00"
"ASSOCIATE TAXI & LIMOUSINE INSPECTOR","73877.00"
"ADMINISTRATIVE STAFF ANALYST","237694.00"
"ASSOCIATE TAXI & LIMOUSINE INSPECTOR","73860.00"
"TAXI AND LIMOUSINE INSPECTOR","65311.00"
"CASHIER","48793.00"
"ADMINISTRATIVE PROCUREMENT ANALYST-NON-MGRL","132613.00"
"PRINCIPAL ADMINISTRATIVE ASSOCIATE -  NON SUPVR","90924.00"
"CLERICAL ASSOCIATE MOST MAYORAL AG","55325.00"
"ASSOCIATE TAXI & LIMOUSINE INSPECTOR","73860.00"
"COMMUNITY ASSOCIATE","64558.00"
"TAXI AND LIMOUSINE INSPECTOR","65359.00"
"ACCOUNTANT","101718.00"
"CLERICAL ASSOCIATE MOST MAYORAL AG","53609.00"
"ADM MANAGER-NON-MGRL","114929.00"
"COMPUTER OPERATIONS MANAGER","179460.00"
"COMMUNITY ASSOCIATE","65348.00"
"ASSISTANT COMMISSIONER","196175.00"
"CLERICAL ASSOCIATE MOST MAYORAL AG","66327.00"
"ADM MANAGER-NON-MGRL","148567.00"
"COMMUNITY ASSOCIATE","55349.00"
"ASSOCIATE TAXI & LIMOUSINE INSPECTOR","73843.00"
"COMPUTER SYSTEMS MANAGER","189790.00"
"CUSTOMER INFORMATION REPRESENTATIVE MA L 1549","45409.00"
"COMMUNITY ASSOCIATE","51227.00"
"TAXI AND LIMOUSINE INSPECTOR","52931.00"
"PRINCIPAL ADMINISTRATIVE ASSOCIATE -  NON SUPVR","95579.00"
"NEW YORK CITY PUBLIC SERVICE FELLOW","48956.00"
"CITY RESEARCH SCIENTIST","116018.00"
"PRINCIPAL ADMINISTRATIVE ASSOCIATE -  NON SUPVR","94411.00"
"CLERICAL ASSOCIATE MOST MAYORAL AG","53714.00"
"ADMINISTRATIVE STAFF ANALYST","121928.00"
"PRINCIPAL ADMINISTRATIVE ASSOCIATE -  NON SUPVR","69524.00"
"COMMUNITY COORDINATOR","78082.00"
"ASSOCIATE TAXI & LIMOUSINE INSPECTOR","73812.00"
"ADMINISTRATIIVE TAXI & LIMOUSINE INSPECTOR","105825.00"
"ASSOCIATE TAXI & LIMOUSINE INSPECTOR","83503.00"
"ASSOCIATE TAXI & LIMOUSINE INSPECTOR","73860.00"
"CLERICAL ASSOCIATE MOST MAYORAL AG","58270.00"
"PRINCIPAL ADMINISTRATIVE ASSOCIATE -  NON SUPVR","64414.00"
"CLERICAL ASSOCIATE MOST MAYORAL AG","68944.00"
"PRINCIPAL ADMINISTRATIVE ASSOCIATE -  NON SUPVR","90399.00"
"COMMUNITY ASSOCIATE","70682.00"
"TAXI AND LIMOUSINE INSPECTOR","65311.00"
"ASSOCIATE TAXI & LIMOUSINE INSPECTOR","83503.00"
"CLERICAL ASSOCIATE MOST MAYORAL AG","68539.00"
"PRINCIPAL ADMINISTRATIVE ASSOCIATE -  NON SUPVR","92280.00"
"CLERICAL ASSOCIATE MOST MAYORAL AG","38175.00"
"AGENCY ATTORNEY","95450.00"
"ASSOCIATE TAXI & LIMOUSINE INSPECTOR","73812.00"
"OPERATIONS COMMUNICATIONS SPECIALIST","55362.00"
"AGENCY ATTORNEY","73477.00"
"CLERICAL ASSOCIATE MOST MAYORAL AG","60246.00"
"ASSOCIATE INVESTIGATOR","84745.00"
"PRINCIPAL ADMINISTRATIVE ASSOCIATE -  NON SUPVR","89305.00"
"ASSOCIATE TAXI & LIMOUSINE INSPECTOR","83503.00"
"ADMINISTRATIVE CITY PLANNER","162878.00"
"TAXI AND LIMOUSINE INSPECTOR","60453.00"
"ADM MANAGER-NON-MGRL","94986.00"
"COMMUNITY ASSOCIATE","51227.00"
"COMPUTER SERVICE TECHNICIAN","57474.00"
"CLERICAL ASSOCIATE MOST MAYORAL AG","72298.00"
"PRINCIPAL ADMINISTRATIVE ASSOCIATE -  NON SUPVR","68672.00"
"OPERATIONS COMMUNICATIONS SPECIALIST","53577.00"
"PRINCIPAL ADMINISTRATIVE ASSOCIATE -  NON SUPVR","61376.00"
"TAXI AND LIMOUSINE INSPECTOR","60453.00"
"ADMINISTRATIVE STAFF ANALYST","130188.00"
"ADMINISTRATIVE STAFF ANALYST","118903.00"
"CHIEF OF STAFF","198240.00"
"TAXI AND LIMOUSINE INSPECTOR","65311.00"
"TAXI AND LIMOUSINE INSPECTOR","65311.00"
"ASSOCIATE TAXI & LIMOUSINE INSPECTOR","73812.00"
"CUSTOMER INFORMATION REPRESENTATIVE MA L 1549","120307.00"
"COMMUNITY ASSOCIATE","51227.00"
"COMPUTER SPECIALIST","121735.00"
"COMMUNITY ASSOCIATE","51227.00"
"PRINCIPAL ADMINISTRATIVE ASSOCIATE -  NON SUPVR","72123.00"
"AGENCY ATTORNEY","112788.00"
"TAXI AND LIMOUSINE INSPECTOR","65311.00"
"ASSOCIATE TAXI & LIMOUSINE INSPECTOR","73812.00"
"TAXI AND LIMOUSINE INSPECTOR","65311.00"
"PRINCIPAL ADMINISTRATIVE ASSOCIATE -  NON SUPVR","61376.00"
"TAXI AND LIMOUSINE INSPECTOR","49892.00"
"COMMUNITY ASSOCIATE","49615.00"
"COMMUNITY ASSOCIATE","53277.00"
"TAXI AND LIMOUSINE INSPECTOR","60453.00"
"SUPERVISOR OF STOCK WORKERS","71625.00"
"CLERICAL ASSOCIATE MOST MAYORAL AG","63186.00"
"ADMINISTRATIIVE TAXI & LIMOUSINE INSPECTOR","136123.00"
"EXECUTIVE AGENCY COUNSEL","142718.00"
"CLERICAL ASSOCIATE MOST MAYORAL AG","56364.00"
"ACCOUNTANT","89208.00"
"COMMUNITY ASSOCIATE","51227.00"
"CLERICAL ASSOCIATE MOST MAYORAL AG","63809.00"
"COMMUNITY ASSOCIATE","51227.00"
"CLERICAL ASSOCIATE MOST MAYORAL AG","48631.00"
"TAXI AND LIMOUSINE INSPECTOR","62532.00"
"COMMUNITY COORDINATOR","97593.00"
"PRINCIPAL ADMINISTRATIVE ASSOCIATE -  NON SUPVR","75971.00"
"TAXI AND LIMOUSINE INSPECTOR","58692.00"
"OPERATIONS COMMUNICATIONS SPECIALIST","46589.00"
"AGENCY ATTORNEY INTERNE","70228.00"
"CUSTOMER INFORMATION REPRESENTATIVE MA L 1549","50468.00"
"SENIOR IT ARCHITECT","144000.00"
"TAXI AND LIMOUSINE INSPECTOR","60453.00"
"AGENCY ATTORNEY","106404.00"
"ADMINISTRATIVE MANAGEMENT AUDITOR","155325.00"
"ADMINISTRATIIVE TAXI & LIMOUSINE INSPECTOR","132613.00"
"STAFF ANALYST","71368.00"
"TAXI AND LIMOUSINE INSPECTOR","65311.00"
"TAXI AND LIMOUSINE INSPECTOR","65311.00"
"TAXI AND LIMOUSINE INSPECTOR","65311.00"
"TAXI AND LIMOUSINE INSPECTOR","65311.00"
"TAXI AND LIMOUSINE INSPECTOR","65311.00"
"ADMIN COMMUNITY RELATIONS SPECIALIST","78590.00"
"COMMUNITY COORDINATOR","78573.00"
"TAXI AND LIMOUSINE INSPECTOR","65311.00"
"TAXI AND LIMOUSINE INSPECTOR","58692.00"
"ADMINISTRATIVE STAFF ANALYST","157738.00"
"CUSTOMER INFORMATION REPRESENTATIVE MA L 1549","51008.00"
"TAXI AND LIMOUSINE INSPECTOR","63409.00"
"OPERATIONS COMMUNICATIONS SPECIALIST","51891.00"
"TAXI AND LIMOUSINE INSPECTOR","58692.00"
"CUSTOMER INFORMATION REPRESENTATIVE MA L 1549","51008.00"
"CLERICAL ASSOCIATE MOST MAYORAL AG","53479.00"
"CLERICAL ASSOCIATE MOST MAYORAL AG","62899.00"
"PRINCIPAL ADMINISTRATIVE ASSOCIATE -  NON SUPVR","61376.00"
"CLERICAL ASSOCIATE MOST MAYORAL AG","53930.00"
"AGENCY ATTORNEY","109073.00"
"IT PROJECT SPECIALIST","131510.00"
"CUSTOMER INFORMATION REPRESENTATIVE MA L 1549","55698.00"
"COMMUNITY ASSOCIATE","51227.00"
"TAXI AND LIMOUSINE INSPECTOR","52931.00"
"CITY RESEARCH SCIENTIST","87743.00"
"TAXI AND LIMOUSINE INSPECTOR","51389.00"
"ADMINISTRATIVE PUBLIC INFORMATION SPECIALIST","175338.00"
"TAXI AND LIMOUSINE INSPECTOR","63409.00"
"TAXI AND LIMOUSINE INSPECTOR","65311.00"
"TAXI AND LIMOUSINE INSPECTOR","60711.00"
"TAXI AND LIMOUSINE INSPECTOR","65311.00"
"CITY TAX AUDITOR","83951.00"
"TAXI AND LIMOUSINE INSPECTOR","60453.00"
"EXECUTIVE AGENCY COUNSEL","129063.00"
"PRINCIPAL ADMINISTRATIVE ASSOCIATE -  NON SUPVR","61376.00"
"COMMUNITY COORDINATOR","72298.00"
"TAXI AND LIMOUSINE INSPECTOR","55012.00"
"CONFIDENTIAL STRATEGY PLANNER","87157.00"
"COMMUNITY COORDINATOR","72298.00"
"ASSOCIATE STAFF ANALYST","94882.00"
"COMMUNITY COORDINATOR","78083.00"
"CONFIDENTIAL STRATEGY PLANNER","117153.00"
"TAXI AND LIMOUSINE INSPECTOR","63409.00"
"TAXI AND LIMOUSINE INSPECTOR","49892.00"
"COMMUNITY ASSOCIATE","52946.00"
"CLERICAL ASSOCIATE MOST MAYORAL AG","55091.00"
"TAXI AND LIMOUSINE INSPECTOR","65311.00"
"COMPUTER SYSTEMS MANAGER","155781.00"
"COMPUTER OPERATIONS MANAGER","109538.00"
"OPERATIONS COMMUNICATIONS SPECIALIST","46589.00"
"TAXI AND LIMOUSINE INSPECTOR","51854.00"
"COMMUNITY ASSOCIATE","49615.00"
"COMPUTER ASSOCIATE","86102.00"
"ADM MANAGER-NON-MGRL","78590.00"
"TAXI AND LIMOUSINE INSPECTOR","65311.00"
"PRINCIPAL ADMINISTRATIVE ASSOCIATE -  NON SUPVR","77012.00"
"COMPUTER SYSTEMS MANAGER","145222.00"
"ASSOCIATE TAXI & LIMOUSINE INSPECTOR","73812.00"
"ASSOCIATE TAXI & LIMOUSINE INSPECTOR","73812.00"
"ASSOCIATE TAXI & LIMOUSINE INSPECTOR","73812.00"
"TAXI AND LIMOUSINE INSPECTOR","65311.00"
"COMPUTER SPECIALIST","141609.00"
"TAXI AND LIMOUSINE INSPECTOR","52931.00"
"CLERICAL ASSOCIATE MOST MAYORAL AG","60292.00"
"COMMUNITY ASSOCIATE","53265.00"
"TAXI AND LIMOUSINE INSPECTOR","65311.00"
"PRINCIPAL ADMINISTRATIVE ASSOCIATE -  NON SUPVR","75000.00"
"COMMUNITY ASSOCIATE","51227.00"
"CLERICAL ASSOCIATE MOST MAYORAL AG","38174.00"
"ADM MANAGER-NON-MGRL","99297.00"
"ASSOCIATE TAXI & LIMOUSINE INSPECTOR","73812.00"
"CYBER SECURITY ANALYST","98584.00"
"CLERICAL ASSOCIATE MOST MAYORAL AG","57840.00"
"TAXI AND LIMOUSINE INSPECTOR","56827.00"
"TAXI AND LIMOUSINE INSPECTOR","62532.00"
"TAXI AND LIMOUSINE INSPECTOR","62532.00"
"TAXI AND LIMOUSINE INSPECTOR","62532.00"
"TAXI AND LIMOUSINE INSPECTOR","62532.00"
"TAXI AND LIMOUSINE INSPECTOR","62532.00"
"TAXI AND LIMOUSINE INSPECTOR","62532.00"
"TAXI AND LIMOUSINE INSPECTOR","62532.00"
"TAXI AND LIMOUSINE INSPECTOR","59245.00"
"COMPUTER AIDE-NON-SPVR","59162.00"
"TAXI AND LIMOUSINE INSPECTOR","62532.00"
"TAXI AND LIMOUSINE INSPECTOR","60711.00"
"TAXI AND LIMOUSINE INSPECTOR","52931.00"
"CITY RESEARCH SCIENTIST","108977.00"
"TAXI AND LIMOUSINE INSPECTOR","62532.00"
"CUSTOMER INFORMATION REPRESENTATIVE MA L 1549","46885.00"
"COMPUTER SPECIALIST","122300.00"
"COMMUNITY COORDINATOR","79527.00"
"TAXI AND LIMOUSINE INSPECTOR","60453.00"
"TAXI AND LIMOUSINE INSPECTOR","60453.00"
"TAXI AND LIMOUSINE INSPECTOR","58692.00"
"TAXI AND LIMOUSINE INSPECTOR","59245.00"
"TAXI AND LIMOUSINE INSPECTOR","60453.00"
"TAXI AND LIMOUSINE INSPECTOR","60453.00"
"TAXI AND LIMOUSINE INSPECTOR","60453.00"
"COMMUNITY ASSISTANT","43460.00"
"COMMUNITY COORDINATOR","84724.00"
"TAXI AND LIMOUSINE INSPECTOR","60453.00"
"TAXI AND LIMOUSINE INSPECTOR","58692.00"
"TAXI AND LIMOUSINE INSPECTOR","60453.00"
"AGENCY ATTORNEY","112247.00"
"AGENCY ATTORNEY","95450.00"
"CUSTOMER INFORMATION REPRESENTATIVE MA L 1549","43477.00"
"CUSTOMER INFORMATION REPRESENTATIVE MA L 1549","50634.00"
"TAXI AND LIMOUSINE INSPECTOR","55012.00"
"TAXI AND LIMOUSINE INSPECTOR","60453.00"
"TAXI AND LIMOUSINE INSPECTOR","60453.00"
"TAXI AND LIMOUSINE INSPECTOR","60453.00"
"TAXI AND LIMOUSINE INSPECTOR","60453.00"
"CLERICAL ASSOCIATE MOST MAYORAL AG","66955.00"
"AGENCY ATTORNEY","95450.00"
"TAXI AND LIMOUSINE INSPECTOR","57519.00"
"ASSOCIATE TAXI & LIMOUSINE INSPECTOR","72200.00"
"STAFF ANALYST","69631.00"
"TAXI AND LIMOUSINE INSPECTOR","65311.00"
"IT PROJECT SPECIALIST","165200.00"
"ADMINISTRATIVE STAFF ANALYST","117113.00"
"ADM MANAGER-NON-MGRL","115000.00"
"PRINCIPAL ADMINISTRATIVE ASSOCIATE -  NON SUPVR","80000.00"
"ACCOUNTANT","105583.00"
"AGENCY ATTORNEY","106404.00"
"TAXI AND LIMOUSINE INSPECTOR","65311.00"
"AGENCY ATTORNEY","92446.00"
"TAXI AND LIMOUSINE INSPECTOR","53410.00"
"TAXI AND LIMOUSINE INSPECTOR","65311.00"
"COMPUTER AIDE-NON-SPVR","58236.00"
"CLERICAL ASSOCIATE MOST MAYORAL AG","51960.00"
"COMMUNITY COORDINATOR","72298.00"
"COMMUNITY COORDINATOR","84509.00"
"COMMUNITY ASSOCIATE","51227.00"
"COMMUNITY ASSOCIATE","51253.00"
"COMMUNITY COORDINATOR","78743.00"
"EXECUTIVE AGENCY COUNSEL","187056.00"
"PRINCIPAL ADMINISTRATIVE ASSOCIATE -  NON SUPVR","76001.00"
"TAXI AND LIMOUSINE INSPECTOR","62532.00"
"PRINCIPAL ADMINISTRATIVE ASSOCIATE -  NON SUPVR","71629.00"
"ADMINISTRATIVE STAFF ANALYST","127926.00"
"AGENCY ATTORNEY INTERNE","72510.00"
"TAXI AND LIMOUSINE INSPECTOR","59245.00"
"TAXI AND LIMOUSINE INSPECTOR","59245.00"
"ADMINISTRATIIVE TAXI & LIMOUSINE INSPECTOR","127830.00"
"CLERICAL ASSOCIATE MOST MAYORAL AG","36973.00"
"CASHIER","48631.00"
"TAXI AND LIMOUSINE INSPECTOR","52931.00"
"ASSOCIATE PUBLIC INFORMATION SPECIALIST","53342.00"
"AGENCY ATTORNEY","88644.00"
"AGENCY ATTORNEY INTERNE","72510.00"
"AGENCY ATTORNEY","106404.00"
"COMMUNITY COORDINATOR","72298.00"
"TAXI AND LIMOUSINE INSPECTOR","49892.00"
"AGENCY ATTORNEY INTERNE","72510.00"
"GRAPHIC ARTIST","111665.00"
"AGENCY ATTORNEY","95450.00"
"CYBER SECURITY ANALYST","106348.00"
"TAXI AND LIMOUSINE INSPECTOR","52931.00"
"TAXI AND LIMOUSINE INSPECTOR","51854.00"
"TAXI AND LIMOUSINE INSPECTOR","52931.00"
"TAXI AND LIMOUSINE INSPECTOR","53410.00"
"TAXI AND LIMOUSINE INSPECTOR","55012.00"
"AGENCY ATTORNEY","81838.00"
"CHAIRMAN","286627.00"
"COMMUNITY COORDINATOR","72298.00"
"AGENCY ATTORNEY INTERNE","80763.00"
"QUALITY ASSURANCE SPECIALIST","62768.00"
"AGENCY ATTORNEY INTERNE","72510.00"
"CHIEF OF STAFF","208220.00"
"CYBER SECURITY ANALYST","57726.00"
"OPERATIONS COMMUNICATIONS SPECIALIST","46589.00"
"NEW YORK CITY PUBLIC SERVICE FELLOW","48956.00"
"COMMUNITY COORDINATOR","71761.00"
"CITY RESEARCH SCIENTIST","120492.00"
"CUSTOMER INFORMATION REPRESENTATIVE MA L 1549","43477.00"
"AGENCY ATTORNEY","73476.00"
"CLERICAL ASSOCIATE MOST MAYORAL AG","42539.00"
"COMMUNITY COORDINATOR","79761.00"
"CITY RESEARCH SCIENTIST","98160.00"
"AGENCY ATTORNEY INTERNE","72510.00"
"COMMUNITY COORDINATOR","87205.00"
"CLERICAL ASSOCIATE MOST MAYORAL AG","38174.00"
"NEW YORK CITY PUBLIC SERVICE FELLOW","47741.00"
"AGENCY ATTORNEY INTERNE","72510.00"
"AGENCY ATTORNEY INTERNE","72510.00"
"AGENCY ATTORNEY INTERNE","72510.00"
"AGENCY ATTORNEY INTERNE","72510.00"
"COMPUTER SPECIALIST","109518.00"
"CITY RESEARCH SCIENTIST","106348.00"
"AGENCY ATTORNEY INTERNE","72510.00"
"AGENCY ATTORNEY INTERNE","72510.00"
"AGENCY ATTORNEY","103055.00"
"COMMUNITY ASSOCIATE","46504.00"
"AGENCY ATTORNEY","73476.00"
"NEW YORK CITY PUBLIC SERVICE FELLOW","53862.00"
"CITY RESEARCH SCIENTIST","112883.00"
"CYBER SECURITY ANALYST","63079.00"
"CLERICAL ASSOCIATE MOST MAYORAL AG","51921.00"
"TAXI AND LIMOUSINE INSPECTOR","51389.00"
"TAXI AND LIMOUSINE INSPECTOR","52931.00"
"TAXI AND LIMOUSINE INSPECTOR","52931.00"
"TAXI AND LIMOUSINE INSPECTOR","52931.00"
"TAXI AND LIMOUSINE INSPECTOR","52931.00"
"TAXI AND LIMOUSINE INSPECTOR","51389.00"
"TAXI AND LIMOUSINE INSPECTOR","49892.00"
"TAXI AND LIMOUSINE INSPECTOR","49892.00"
"TAXI AND LIMOUSINE INSPECTOR","49892.00"
"TAXI AND LIMOUSINE INSPECTOR","52931.00"
"TAXI AND LIMOUSINE INSPECTOR","52931.00"
"TAXI AND LIMOUSINE INSPECTOR","51389.00"
"COMMUNITY COORDINATOR","78501.00"
"ADMINISTRATIVE SUPERVISOR OF BUILDING MAINTENANCE","136290.00"
"CASHIER","42288.00"
"AGENCY ATTORNEY INTERNE","72510.00"
"NEW YORK CITY PUBLIC SERVICE FELLOW","48956.00"
"NEW YORK CITY PUBLIC SERVICE FELLOW","53862.00"
"NEW YORK CITY PUBLIC SERVICE FELLOW","53862.00"
"TAXI AND LIMOUSINE INSPECTOR","52931.00"
"TAXI AND LIMOUSINE INSPECTOR","52931.00"
"TAXI AND LIMOUSINE INSPECTOR","52931.00"
"NEW YORK CITY PUBLIC SERVICE FELLOW","53862.00"
"TAXI AND LIMOUSINE INSPECTOR","52931.00"
"COMMUNITY COORDINATOR","84670.00"
"DEPUTY COMMISSIONER","225575.00"
"COMMUNITY COORDINATOR","72298.00"
"CLERICAL ASSOCIATE MOST MAYORAL AG","72298.00"
"COMMUNITY ASSOCIATE","51227.00"
"ADMINISTRATIIVE TAXI & LIMOUSINE INSPECTOR","130000.00"
"TAXI AND LIMOUSINE INSPECTOR","65342.00"
"CLERICAL ASSOCIATE MOST MAYORAL AG","66846.00"
"CLERICAL ASSOCIATE MOST MAYORAL AG","58039.00"
"COMMUNITY ASSOCIATE","60387.00"
"ADMINISTRATIIVE TAXI & LIMOUSINE INSPECTOR","105825.00"
"ASSOCIATE TAXI & LIMOUSINE INSPECTOR","73812.00"
"TAXI AND LIMOUSINE INSPECTOR","65342.00"
"PRINCIPAL ADMINISTRATIVE ASSOCIATE -  NON SUPVR","72793.00"
"ASSOCIATE TAXI & LIMOUSINE INSPECTOR","83503.00"
"TAXI AND LIMOUSINE INSPECTOR","65311.00"
"ASSOCIATE TAXI & LIMOUSINE INSPECTOR","83503.00"
"ASSOCIATE TAXI & LIMOUSINE INSPECTOR","73812.00"
"TAXI AND LIMOUSINE INSPECTOR","65311.00"
"ADMINISTRATIVE STAFF ANALYST","137386.00"
"AGENCY ATTORNEY","95450.00"
"COMMUNITY ASSOCIATE","55325.00"
"COMMUNITY COORDINATOR","72298.00"
"ASSOCIATE TAXI & LIMOUSINE INSPECTOR","73812.00"
"ASSOCIATE TAXI & LIMOUSINE INSPECTOR","73812.00"
"TAXI AND LIMOUSINE INSPECTOR","61562.00"
"EXECUTIVE AGENCY COUNSEL","215184.00"
"COMPUTER SYSTEMS MANAGER","167534.00"
"TAXI AND LIMOUSINE INSPECTOR","61562.00"
"TAXI AND LIMOUSINE INSPECTOR","65311.00"
"ASSOCIATE TAXI & LIMOUSINE INSPECTOR","73812.00"
"TAXI AND LIMOUSINE INSPECTOR","65311.00"
"STRATEGIC INITIATIVE SPECIALIST","152848.00"
"COMMUNITY ASSOCIATE","51227.00"
"COMPUTER SYSTEMS MANAGER","168528.00"
"SUPERVISOR OF STOCK WORKERS","70022.00"
"COMMUNITY ASSOCIATE","61020.00"
"TAXI AND LIMOUSINE INSPECTOR","56827.00"
"ASSOCIATE TAXI & LIMOUSINE INSPECTOR","73812.00"
"TAXI AND LIMOUSINE INSPECTOR","65311.00"
"EXECUTIVE AGENCY COUNSEL","228799.00"
"ASSOCIATE TAXI & LIMOUSINE INSPECTOR","73877.00"
"ASSOCIATE TAXI & LIMOUSINE INSPECTOR","83503.00"
"ASSOCIATE TAXI & LIMOUSINE INSPECTOR","72200.00"
"ASSOCIATE TAXI & LIMOUSINE INSPECTOR","73877.00"
"ADMINISTRATIIVE TAXI & LIMOUSINE INSPECTOR","137650.00"
"ASSOCIATE TAXI & LIMOUSINE INSPECTOR","86882.00"
"AGENCY ATTORNEY","136593.00"
"ADMINISTRATIVE STAFF ANALYST","124100.00"
"COMMUNITY ASSOCIATE","51227.00"
"CLERICAL ASSOCIATE MOST MAYORAL AG","52949.00"
"TAXI AND LIMOUSINE INSPECTOR","59245.00"
"COMMUNITY ASSOCIATE","57421.00"
"COMMUNITY ASSOCIATE","56142.00"
"ADMINISTRATIVE MANAGER","160038.00"
"ASSOCIATE TAXI & LIMOUSINE INSPECTOR","88435.00"
"ASSOCIATE TAXI & LIMOUSINE INSPECTOR","83503.00"
"TAXI AND LIMOUSINE INSPECTOR","63441.00"
"ASSOCIATE TAXI & LIMOUSINE INSPECTOR","73877.00"
"CLERICAL ASSOCIATE MOST MAYORAL AG","58531.00"
"COMMUNITY COORDINATOR","86379.00"
"PRINCIPAL ADMINISTRATIVE ASSOCIATE -  NON SUPVR","101083.00"
"ASSOCIATE TAXI & LIMOUSINE INSPECTOR","83503.00"
"COMPUTER SYSTEMS MANAGER","168157.00"
"COMPUTER OPERATIONS MANAGER","175141.00"
"ADMINISTRATIVE STAFF ANALYST","208871.00"
"ASSOCIATE TAXI & LIMOUSINE INSPECTOR","83503.00"
"ADM MANAGER-NON-MGRL","93822.00"
"ADM MANAGER-NON-MGRL","140043.00"
"TAXI AND LIMOUSINE INSPECTOR","65375.00"
"ADMINISTRATIVE COMMUNITY RELATIONS SPECIALIST","163458.00"
"PRINCIPAL ADMINISTRATIVE ASSOCIATE -  NON SUPVR","75971.00"
"PRINCIPAL ADMINISTRATIVE ASSOCIATE -  NON SUPVR","61500.00"
"STAFF ANALYST","69631.00"
"ASSOCIATE TAXI & LIMOUSINE INSPECTOR","86933.00"
"COMMUNITY ASSOCIATE","51400.00"
"TAXI AND LIMOUSINE INSPECTOR","65375.00"
"EXECUTIVE AGENCY COUNSEL","157422.00"
"ADMINISTRATIIVE TAXI & LIMOUSINE INSPECTOR","105825.00"
"ADMINISTRATIIVE TAXI & LIMOUSINE INSPECTOR","102494.00"
"ADMINISTRATIIVE TAXI & LIMOUSINE INSPECTOR","105825.00"
"ASSOCIATE TAXI & LIMOUSINE INSPECTOR","88281.00"
"TAXI AND LIMOUSINE INSPECTOR","65359.00"
"ASSOCIATE TAXI & LIMOUSINE INSPECTOR","83503.00"
"COMMUNITY ASSOCIATE","60440.00"
"ASSOCIATE TAXI & LIMOUSINE INSPECTOR","88114.00"
"ADM MANAGER-NON-MGRL","91800.00"
"PRINCIPAL ADMINISTRATIVE ASSOCIATE -  NON SUPVR","93841.00"
"ADMINISTRATIIVE TAXI & LIMOUSINE INSPECTOR","191511.00"
"ASSOCIATE TAXI & LIMOUSINE INSPECTOR","73812.00"
"COMPUTER SYSTEMS MANAGER","272160.00"
"ADM MANAGER-NON-MGRL","85968.00"
"ADMIN COMMUNITY RELATIONS SPECIALIST","107984.00"
"EXECUTIVE AGENCY COUNSEL","190398.00"
"TAXI AND LIMOUSINE INSPECTOR","65311.00"
"ASSOCIATE TAXI & LIMOUSINE INSPECTOR","73877.00"
"ASSOCIATE TAXI & LIMOUSINE INSPECTOR","73812.00"
"ADMINISTRATIVE RETIREMENT BENEFITS SPECIALIST","103250.00"
"CUSTOMER INFORMATION REPRESENTATIVE MA L 1549","95010.00"
"COMPUTER SPECIALIST","157679.00"
"ADMINISTRATIVE MANAGER","154206.00"
"OFFICE MACHINE AIDE","56356.00"
"ASSOCIATE RETIREMENT BENEFITS EXAMINER","72478.00"
"ADM MANAGER-NON-MGRL","112267.00"
"ASSOCIATE RETIREMENT BENEFITS EXAMINER","91062.00"
"COMPUTER SPECIALIST","159307.00"
"ADMINISTRATIVE RETIREMENT BENEFITS SPECIALIST","124922.00"
"ASSOCIATE RETIREMENT BENEFITS EXAMINER","84900.00"
"ACTUARIAL SPECIALIST LEVEL I","129012.00"
"COMPUTER SPECIALIST","109544.00"
"ADMINISTRATIVE MANAGER","117270.00"
"COMPUTER SYSTEMS MANAGER","238057.00"
"COMPUTER SYSTEMS MANAGER","208859.00"
"COMPUTER SYSTEMS MANAGER","217703.00"
"COMPUTER SYSTEMS MANAGER","203104.00"
"COMPUTER SYSTEMS MANAGER","195438.00"
"COMPUTER SYSTEMS MANAGER","203904.00"
"COMPUTER SYSTEMS MANAGER","250034.00"
"ADMINISTRATIVE MANAGER","190516.00"
"COMPUTER SYSTEMS MANAGER","203904.00"
"COMPUTER SYSTEMS MANAGER","213623.00"
"COMPUTER SYSTEMS MANAGER","214942.00"
"COMPUTER SYSTEMS MANAGER","164772.00"
"AGENCY ATTORNEY","136671.00"
"PRINCIPAL ADMINISTRATIVE ASSOCIATE -  NON SUPVR","100196.00"
"COMPUTER SYSTEMS MANAGER","239540.00"
"COMPUTER SYSTEMS MANAGER","239027.00"
"ADM MANAGER-NON-MGRL","97723.00"
"COMPUTER SPECIALIST","118020.00"
"ASSOCIATE RETIREMENT BENEFITS EXAMINER","63246.00"
"ASSOCIATE RETIREMENT BENEFITS EXAMINER","69660.00"
"ACCOUNTANT","68332.00"
"COMPUTER SPECIALIST","121917.00"
"COMPUTER SPECIALIST","114219.00"
"PRINCIPAL ADMINISTRATIVE ASSOCIATE -  NON SUPVR","74761.00"
"ASSOCIATE RETIREMENT BENEFITS EXAMINER","74111.00"
"ASSOCIATE RETIREMENT BENEFITS EXAMINER","87493.00"
"GRAPHIC ARTIST","65234.00"
"COMPUTER ASSOCIATE","103033.00"
"ADMINISTRATIVE STAFF ANALYST","199273.00"
"BOOKKEEPER","58040.00"
"MANAGEMENT AUDITOR","96185.00"
"ACCOUNTANT","76098.00"
"ASSOCIATE RETIREMENT BENEFITS EXAMINER","85909.00"
"ASSOCIATE RETIREMENT BENEFITS EXAMINER","85133.00"
"ASSOCIATE RETIREMENT BENEFITS EXAMINER","71895.00"
"ASSOCIATE RETIREMENT BENEFITS EXAMINER","64122.00"
"PRINCIPAL ADMINISTRATIVE ASSOCIATE -  NON SUPVR","96675.00"
"ADMINISTRATIVE STAFF ANALYST","118552.00"
"PRINCIPAL ADMINISTRATIVE ASSOCIATE -  NON SUPVR","67121.00"
"COMPUTER SYSTEMS MANAGER","163739.00"
"ASSOCIATE STAFF ANALYST","92206.00"
"ASSOCIATE RETIREMENT BENEFITS EXAMINER","66442.00"
"ASSISTANT RETIREMENT BENEFITS EXAMINER","56788.00"
"ADMINISTRATIVE STAFF ANALYST","144850.00"
"ASSOCIATE RETIREMENT BENEFITS EXAMINER","63367.00"
"COMPUTER ASSOCIATE","74584.00"
"ASSOCIATE STAFF ANALYST","94919.00"
"ADMINISTRATIVE STAFF ANALYST","111188.00"
"COMPUTER SYSTEMS MANAGER","138511.00"
"ADMINISTRATIVE MANAGER","196429.00"
"ASSOCIATE RETIREMENT BENEFITS EXAMINER","75850.00"
"EXECUTIVE AGENCY COUNSEL","189155.00"
"ASSOCIATE RETIREMENT BENEFITS EXAMINER","69171.00"
"ASSOCIATE RETIREMENT BENEFITS EXAMINER","64039.00"
"CUSTOMER INFORMATION REPRESENTATIVE MA L 1549","61441.00"
"COMPUTER SPECIALIST","103529.00"
"ADMINISTRATIVE STAFF ANALYST","105000.00"
"COMPUTER SYSTEMS MANAGER","166235.00"
"ASSOCIATE RETIREMENT BENEFITS EXAMINER","95448.00"
"ASSOCIATE RETIREMENT BENEFITS EXAMINER","76213.00"
"PRINCIPAL ADMINISTRATIVE ASSOCIATE -  NON SUPVR","80675.00"
"CUSTOMER INFORMATION REPRESENTATIVE MA L 1549","63367.00"
"ACCOUNTANT","73413.00"
"COMPUTER SYSTEMS MANAGER","178135.00"
"COMPUTER SYSTEMS MANAGER","202930.00"
"COMPUTER OPERATIONS MANAGER","164060.00"
"ASSOCIATE RETIREMENT BENEFITS EXAMINER","64356.00"
"ASSOCIATE RETIREMENT BENEFITS EXAMINER","64929.00"
"ADMINISTRATIVE MANAGEMENT AUDITOR","171656.00"
"INVESTMENT ANALYST","102574.00"
"ADMINISTRATIVE RETIREMENT BENEFITS SPECIALIST","180945.00"
"CUSTOMER INFORMATION REPRESENTATIVE MA L 1549","84494.00"
"PRINCIPAL ADMINISTRATIVE ASSOCIATE -  NON SUPVR","68702.00"
"COMPUTER SYSTEMS MANAGER","116029.00"
"COMPUTER ASSOCIATE","68519.00"
"ACCOUNTANT","69818.00"
"CUSTOMER INFORMATION REPRESENTATIVE MA L 1549","72529.00"
"ADMINISTRATIVE MANAGER","156366.00"
"ADMINISTRATIVE RETIREMENT BENEFITS SPECIALIST","106348.00"
"COMPUTER SPECIALIST","114141.00"
"ASSOCIATE RETIREMENT BENEFITS EXAMINER","95439.00"
"PARALEGAL AIDE","69405.00"
"ASSOCIATE RETIREMENT BENEFITS EXAMINER","82176.00"
"ASSISTANT RETIREMENT BENEFITS EXAMINER","53174.00"
"ASSOCIATE RETIREMENT BENEFITS EXAMINER","70542.00"
"COMPUTER ASSOCIATE","82600.00"
"STAFF ANALYST","79320.00"
"ASSOCIATE RETIREMENT BENEFITS EXAMINER","66234.00"
"PRINCIPAL ADMINISTRATIVE ASSOCIATE -  NON SUPVR","87550.00"
"ADMINISTRATIVE STAFF ANALYST","115246.00"
"BOOKKEEPER","57299.00"
"ASSOCIATE RETIREMENT BENEFITS EXAMINER","72796.00"
"ADMINISTRATIVE STAFF ANALYST","158349.00"
"STAFF ANALYST","69631.00"
"ADMINISTRATIVE MANAGER","115885.00"
"SUPERVISOR OF OFFICE MACHINE OPERATIONS","54409.00"
"ASSOCIATE RETIREMENT BENEFITS EXAMINER","69650.00"
"MANAGEMENT AUDITOR","93792.00"
"ASSOCIATE RETIREMENT BENEFITS EXAMINER","81990.00"
"ASSOCIATE STAFF ANALYST","91613.00"
"ADM MANAGER-NON-MGRL","80403.00"
"ASSOCIATE RETIREMENT BENEFITS EXAMINER","75912.00"
"ADMINISTRATIVE MANAGER","154875.00"
"COMPUTER SYSTEMS MANAGER","198000.00"
"ADM MANAGER-NON-MGRL","105778.00"
"COMPUTER SPECIALIST","137825.00"
"COMPUTER ASSOCIATE","98339.00"
"ASSOCIATE RETIREMENT BENEFITS EXAMINER","74322.00"
"COMPUTER SYSTEMS MANAGER","224418.00"
"ASSOCIATE RETIREMENT BENEFITS EXAMINER","63367.00"
"MANAGEMENT AUDITOR","93792.00"
"PRINCIPAL ADMINISTRATIVE ASSOCIATE -  NON SUPVR","68959.00"
"CYBER SECURITY ANALYST","74443.00"
"ADMINISTRATIVE RETIREMENT BENEFITS SPECIALIST","116870.00"
"SUPERVISOR OF STOCK WORKERS","59371.00"
"ASSOCIATE RETIREMENT BENEFITS EXAMINER","76546.00"
"ASSOCIATE RETIREMENT BENEFITS EXAMINER","74340.00"
"ASSOCIATE RETIREMENT BENEFITS EXAMINER","77438.00"
"ADMINISTRATIVE STAFF ANALYST","123600.00"
"ADM MANAGER-NON-MGRL","89355.00"
"ASSOCIATE RETIREMENT BENEFITS EXAMINER","81620.00"
"ADMINISTRATIVE RETIREMENT BENEFITS SPECIALIST","102476.00"
"PRINCIPAL ADMINISTRATIVE ASSOCIATE -  NON SUPVR","61376.00"
"COMPUTER SPECIALIST","155374.00"
"ADMINISTRATIVE RETIREMENT BENEFITS SPECIALIST","119073.00"
"ASSISTANT RETIREMENT BENEFITS EXAMINER","56788.00"
"ADMINISTRATIVE RETIREMENT BENEFITS SPECIALIST","102476.00"
"ADMINISTRATIVE ACCOUNTANT","144940.00"
"ADMINISTRATIVE RETIREMENT BENEFITS SPECIALIST","144550.00"
"COMPUTER SPECIALIST","123208.00"
"COMPUTER SYSTEMS MANAGER","213499.00"
"ASSOCIATE RETIREMENT BENEFITS EXAMINER","82852.00"
"ADMINISTRATIVE STAFF ANALYST","125026.00"
"COMPUTER SYSTEMS MANAGER","127830.00"
"COMPUTER SYSTEMS MANAGER","239540.00"
"CUSTOMER INFORMATION REPRESENTATIVE MA L 1549","85439.00"
"ASSOCIATE RETIREMENT BENEFITS EXAMINER","70357.00"
"COMPUTER SPECIALIST","144590.00"
"ADMINISTRATIVE MANAGEMENT AUDITOR","205598.00"
"COMPUTER SYSTEMS MANAGER","143935.00"
"ADMINISTRATIVE RETIREMENT BENEFITS SPECIALIST","131603.00"
"CUSTOMER INFORMATION REPRESENTATIVE MA L 1549","63367.00"
"ADMINISTRATIVE PUBLIC INFORMATION SPECIALIST","117871.00"
"CLERICAL ASSOCIATE MOST MAYORAL AG","61653.00"
"CUSTOMER INFORMATION REPRESENTATIVE MA L 1549","63367.00"
"PRINCIPAL ADMINISTRATIVE ASSOCIATE -  NON SUPVR","77211.00"
"ADMINISTRATIVE RETIREMENTS BENEFITS SPECIALIST","77699.00"
"ADMINISTRATIVE COMMUNITY RELATIONS SPECIALIST","120773.00"
"ACCOUNTANT","81207.00"
"ASSOCIATE RETIREMENT BENEFITS EXAMINER","78832.00"
"TELECOMMUNICATIONS ASSOCIATE","58350.00"
"COMPUTER SYSTEMS MANAGER","190825.00"
"LEGAL SECRETARIAL ASSISTANT","54059.00"
"COMPUTER SPECIALIST","115854.00"
"ASSISTANT RETIREMENT BENEFITS EXAMINER","53174.00"
"COMPUTER SPECIALIST","122300.00"
"TELECOMMUNICATIONS ASSOCIATE","63152.00"
"ASSISTANT RETIREMENT BENEFITS EXAMINER","53174.00"
"COMPUTER SPECIALIST","144590.00"
"ACCOUNTANT","87706.00"
"ADMINISTRATIVE PROJECT MANAGER","195722.00"
"COMPUTER SYSTEMS MANAGER","174848.00"
"LABOR RELATIONS ANALYST","91109.00"
"CERTIFIED IT ADMINISTRATOR","112208.00"
"CYBER SECURITY ANALYST","93586.00"
"BOOKKEEPER","53174.00"
"CYBER SECURITY ANALYST","82872.00"
"COMPUTER ASSOCIATE","71532.00"
"ASSOCIATE RETIREMENT BENEFITS EXAMINER","68580.00"
"ASSISTANT RETIREMENT BENEFITS EXAMINER","58159.00"
"MANAGEMENT AUDITOR","80247.00"
"ASSISTANT RETIREMENT BENEFITS EXAMINER","60101.00"
"ASSISTANT RETIREMENT BENEFITS EXAMINER","53174.00"
"COMPUTER SYSTEMS MANAGER","173460.00"
"CUSTOMER INFORMATION REPRESENTATIVE MA L 1549","58741.00"
"ADMINISTRATIVE RETIREMENTS BENEFITS SPECIALIST","132152.00"
"EXECUTIVE AGENCY COUNSEL","154223.00"
"PRINCIPAL ADMINISTRATIVE ASSOCIATE -  NON SUPVR","94232.00"
"COMPUTER SPECIALIST","109518.00"
"ADMINISTRATIVE RETIREMENTS BENEFITS SPECIALIST","85078.00"
"ADMINISTRATIVE RETIREMENTS BENEFITS SPECIALIST","72275.00"
"CUSTOMER INFORMATION REPRESENTATIVE MA L 1549","53174.00"
"CYBER SECURITY ANALYST","63809.00"
"ADMINISTRATIVE ACCOUNTANT","100414.00"
"ADMINISTRATIVE RETIREMENT BENEFITS SPECIALIST","206274.00"
"CYBER SECURITY ANALYST","61800.00"
"COMPUTER SYSTEMS MANAGER","145688.00"
"COMPUTER SPECIALIST","109518.00"
"ASSOCIATE PUBLIC RECORDS OFFICER","80340.00"
"ASSISTANT RETIREMENT BENEFITS EXAMINER","58159.00"
"ADMINISTRATIVE RETIREMENT BENEFITS SPECIALIST","161881.00"
"COMPUTER SPECIALIST","155344.00"
"ASSISTANT RETIREMENT BENEFITS EXAMINER","53174.00"
"ADMINISTRATIVE RETIREMENTS BENEFITS SPECIALIST","110399.00"
"CYBER SECURITY ANALYST","74443.00"
"ADMINISTRATIVE RETIREMENTS BENEFITS SPECIALIST","112824.00"
"ACCOUNTANT","74855.00"
"ASSISTANT RETIREMENT BENEFITS EXAMINER","64744.00"
"ASSISTANT RETIREMENT BENEFITS EXAMINER","58159.00"
"CUSTOMER INFORMATION REPRESENTATIVE MA L 1549","56412.00"
"ASSISTANT RETIREMENT BENEFITS EXAMINER","62983.00"
"COMMUNITY ASSOCIATE","69178.00"
"ADMINISTRATIVE RETIREMENTS BENEFITS SPECIALIST","107184.00"
"ADMINISTRATIVE RETIREMENTS BENEFITS SPECIALIST","132004.00"
"CYBER SECURITY ANALYST","80535.00"
"ASSOCIATE RETIREMENT BENEFITS EXAMINER","63367.00"
"ASSOCIATE RETIREMENT BENEFITS EXAMINER","63367.00"
"COMPUTER SYSTEMS MANAGER","171328.00"
"COMPUTER SYSTEMS MANAGER","188877.00"
"ADMINISTRATIVE RETIREMENTS BENEFITS SPECIALIST","109538.00"
"AGENCY ATTORNEY","125806.00"
"COMMUNITY ASSOCIATE","72275.00"
"ASSOCIATE RETIREMENT BENEFITS EXAMINER","63367.00"
"COMPUTER SPECIALIST","128159.00"
"COMPUTER SPECIALIST","154515.00"
"ADMINISTRATIVE RETIREMENTS BENEFITS SPECIALIST","152367.00"
"ASSISTANT RETIREMENT BENEFITS EXAMINER","60618.00"
"ASSOCIATE RETIREMENT BENEFITS EXAMINER","63367.00"
"ASSISTANT RETIREMENT BENEFITS EXAMINER","58159.00"
"ASSISTANT RETIREMENT BENEFITS EXAMINER","58159.00"
"GRAPHIC ARTIST","76677.00"
"COMMUNITY ASSOCIATE","65874.00"
"CLERICAL ASSOCIATE MOST MAYORAL AG","53174.00"
"ADMINISTRATIVE RETIREMENTS BENEFITS SPECIALIST","109538.00"
"CLERICAL ASSOCIATE MOST MAYORAL AG","53174.00"
"ASSISTANT RETIREMENT BENEFITS EXAMINER","58159.00"
"ASSISTANT RETIREMENT BENEFITS EXAMINER","58159.00"
"ASSISTANT RETIREMENT BENEFITS EXAMINER","58159.00"
"CITY RESEARCH SCIENTIST","81991.00"
"PRINCIPAL ADMINISTRATIVE ASSOCIATE -  NON SUPVR","78507.00"
"CYBER SECURITY ANALYST","63809.00"
"CYBER SECURITY ANALYST","70189.00"
"CYBER SECURITY ANALYST","70189.00"
"ASSISTANT RETIREMENT BENEFITS EXAMINER","50000.00"
"ASSISTANT RETIREMENT BENEFITS EXAMINER","54769.00"
"ASSISTANT RETIREMENT BENEFITS EXAMINER","58000.00"
"ASSISTANT RETIREMENT BENEFITS EXAMINER","51500.00"
"ADMINISTRATIVE RETIREMENTS BENEFITS SPECIALIST","95713.00"
"ASSISTANT EXECUTIVE DIRECTOR","199556.00"
"CYBER SECURITY ANALYST","70189.00"
"ASSISTANT RETIREMENT BENEFITS EXAMINER","53174.00"
"ASSISTANT RETIREMENT BENEFITS EXAMINER","53174.00"
"ASSISTANT RETIREMENT BENEFITS EXAMINER","53174.00"
"ASSISTANT RETIREMENT BENEFITS EXAMINER","53174.00"
"OFFICE MACHINE AIDE","53174.00"
"CYBER SECURITY ANALYST","101030.00"
"ADMINISTRATIVE RETIREMENT BENEFITS SPECIALIST","170156.00"
"COMMUNITY ASSOCIATE","69126.00"
"ASSISTANT RETIREMENT BENEFITS EXAMINER","53174.00"
"ASSISTANT RETIREMENT BENEFITS EXAMINER","53174.00"
"ADMINISTRATIVE RETIREMENT BENEFITS SPECIALIST","160038.00"
"BOOKKEEPER","72275.00"
"BOOKKEEPER","64917.00"
"ADMINISTRATIVE RETIREMENT BENEFITS SPECIALIST","113575.00"
"ASSISTANT RETIREMENT BENEFITS EXAMINER","51625.00"
"ASSISTANT RETIREMENT BENEFITS EXAMINER","55755.00"
"ASSISTANT RETIREMENT BENEFITS EXAMINER","53174.00"
"ASSISTANT RETIREMENT BENEFITS EXAMINER","55755.00"
"COMMUNITY COORDINATOR","72275.00"
"ADMINISTRATIVE RETIREMENTS BENEFITS SPECIALIST","113575.00"
"ADMINISTRATIVE RETIREMENT BENEFITS SPECIALIST","154875.00"
"ASSOCIATE PUBLIC RECORDS OFFICER","95000.00"
"ADMINISTRATIVE PUBLIC INFORMATION SPECIALIST","102537.00"
"EXECUTIVE AGENCY COUNSEL","269925.00"
"COMPUTER SYSTEMS MANAGER","237791.00"
"ASSOCIATE RETIREMENT BENEFITS EXAMINER","91521.00"
"ADMINISTRATIVE ACCOUNTANT","106535.00"
"CLERICAL ASSOCIATE MOST MAYORAL AG","63476.00"
"ASSOCIATE RETIREMENT BENEFITS EXAMINER","78237.00"
"ADMINISTRATIVE RETIREMENT BENEFITS SPECIALIST","125000.00"
"ASSISTANT EXECUTIVE DIRECTOR","136992.00"
"PRINCIPAL ADMINISTRATIVE ASSOCIATE -  NON SUPVR","74823.00"
"CLERICAL ASSOCIATE MOST MAYORAL AG","70482.00"
"ADMINISTRATIVE RETIREMENT BENEFITS SPECIALIST","132796.00"
"ADMINISTRATIVE RETIREMENT BENEFITS SPECIALIST","152810.00"
"COMPUTER SYSTEMS MANAGER","172397.00"
"ADMINISTRATIVE RETIREMENT BENEFITS SPECIALIST","158218.00"
"COMPUTER SYSTEMS MANAGER","192546.00"
"EXECUTIVE DIRECTOR","289100.00"
"ADM MANAGER-NON-MGRL","94330.00"
"ASSOCIATE RETIREMENT BENEFITS EXAMINER","67178.00"
"ADMINISTRATIVE MANAGER","112472.00"
"CUSTOMER INFORMATION REPRESENTATIVE MA L 1549","72470.00"
"ASSOCIATE RETIREMENT BENEFITS EXAMINER","91850.00"
"ACCOUNTANT","76538.00"
"ASSISTANT RETIREMENT BENEFITS EXAMINER","53174.00"
"PRINCIPAL ADMINISTRATIVE ASSOCIATE -  NON SUPVR","61405.00"
"INVESTMENT ANALYST","62352.00"
"PRINCIPAL ADMINISTRATIVE ASSOCIATE -  NON SUPVR","85909.00"
"ADMINISTRATIVE RETIREMENT BENEFITS SPECIALIST","137819.00"
"COMPUTER SYSTEMS MANAGER","217546.00"
"ADMINISTRATIVE RETIREMENT BENEFITS SPECIALIST","164210.00"
"ADMINISTRATIVE RETIREMENT BENEFITS SPECIALIST","116982.00"
"ASSOCIATE RETIREMENT BENEFITS EXAMINER","70737.00"
"CLERICAL ASSOCIATE MOST MAYORAL AG","56228.00"
"DEPUTY EXECUTIVE DIRECTOR","276923.00"
"COMPUTER SPECIALIST","144641.00"
"SUPERVISOR OF STOCK WORKERS","59511.00"
"ADMINISTRATIVE RETIREMENT BENEFITS SPECIALIST","111608.00"
"CUSTOMER INFORMATION REPRESENTATIVE MA L 1549","96610.00"
"ADMINISTRATIVE ACCOUNTANT","100741.00"
"ADM MANAGER-NON-MGRL","85968.00"
"ASSOCIATE RETIREMENT BENEFITS EXAMINER","68665.00"
"ASSOCIATE RETIREMENT BENEFITS EXAMINER","63367.00"
"CLERICAL ASSOCIATE MOST MAYORAL AG","62844.00"
"ADMINISTRATIVE MANAGER","139915.00"
"ADMINISTRATIVE RETIREMENT BENEFITS SPECIALIST","193078.00"
"ASSOCIATE RETIREMENT BENEFITS EXAMINER","72278.00"
"PRINCIPAL ADMINISTRATIVE ASSOCIATE -  NON SUPVR","61639.00"
"COMPUTER SYSTEMS MANAGER","135842.00"
"ASSOCIATE RETIREMENT BENEFITS EXAMINER","103367.00"
"ADMINISTRATIVE RETIREMENT BENEFITS SPECIALIST","129747.00"
"ADMINISTRATIVE RETIREMENT BENEFITS SPECIALIST","200000.00"
"ASSOCIATE RETIREMENT BENEFITS EXAMINER","84793.00"
"ASSOCIATE RETIREMENT BENEFITS EXAMINER","78501.00"
"ASSOCIATE RETIREMENT BENEFITS EXAMINER","66227.00"
"CLERICAL ASSOCIATE MOST MAYORAL AG","73664.00"
"CUSTOMER INFORMATION REPRESENTATIVE MA L 1549","92189.00"
"COMPUTER SYSTEMS MANAGER","150163.00"
"COMPUTER SYSTEMS MANAGER","189980.00"
"ASSOCIATE RETIREMENT BENEFITS EXAMINER","87050.00"
"ASSOCIATE RETIREMENT BENEFITS EXAMINER","94041.00"
"COMPUTER SYSTEMS MANAGER","189904.00"
"PRINCIPAL ADMINISTRATIVE ASSOCIATE -  NON SUPVR","80998.00"
"ADM MANAGER-NON-MGRL","94586.00"
"ADMINISTRATIVE STAFF ANALYST","149944.00"
"ADMINISTRATIVE RETIREMENT BENEFITS SPECIALIST","204137.00"
"COMMUNITY ASSOCIATE","60099.00"
"COMPUTER SYSTEMS MANAGER","179013.00"
"ASSOCIATE RETIREMENT BENEFITS EXAMINER","85845.00"
"ASSOCIATE RETIREMENT BENEFITS EXAMINER","70270.00"
"ADMINISTRATIVE RETIREMENTS BENEFITS SPECIALIST","84163.00"
"OFFICE MACHINE AIDE","56375.00"
"COMPUTER SYSTEMS MANAGER","161088.00"
"COMPUTER SYSTEMS MANAGER","166390.00"
"ADMINISTRATIVE RETIREMENT BENEFITS SPECIALIST","97913.00"
"ASSOCIATE RETIREMENT BENEFITS EXAMINER","107692.00"
"COMPUTER SYSTEMS MANAGER","189893.00"
"CUSTOMER INFORMATION REPRESENTATIVE MA L 1549","84692.00"
"ADMINISTRATIVE RETIREMENT BENEFITS SPECIALIST","110121.00"
"ASSOCIATE RETIREMENT BENEFITS EXAMINER","75190.00"
"COMPUTER SYSTEMS MANAGER","146967.00"
"ADMINISTRATIVE ACCOUNTANT","96411.00"
"ASSOCIATE RETIREMENT BENEFITS EXAMINER","94946.00"
"ASSOCIATE RETIREMENT BENEFITS EXAMINER","79521.00"
"GRAPHIC ARTIST","85219.00"
"PRINCIPAL ADMINISTRATIVE ASSOCIATE -  NON SUPVR","75895.00"
"ASSOCIATE RETIREMENT BENEFITS EXAMINER","79981.00"
"ASSOCIATE RETIREMENT BENEFITS EXAMINER","67394.00"
"ADMINISTRATIVE RETIREMENT BENEFITS SPECIALIST","124669.00"
"ASSOCIATE RETIREMENT BENEFITS EXAMINER","95928.00"
"ASSOCIATE RETIREMENT BENEFITS EXAMINER","68364.00"
"ADMINISTRATIVE RETIREMENT BENEFITS SPECIALIST","121654.00"
"ADM MANAGER-NON-MGRL","84768.00"
"COMPUTER SYSTEMS MANAGER","182707.00"
"ASSISTANT EXECUTIVE DIRECTOR","239028.00"
"ADMINISTRATIVE RETIREMENT BENEFITS SPECIALIST","114234.00"
"ADMINISTRATIVE STAFF ANALYST","204435.00"
"ASSISTANT RETIREMENT BENEFITS EXAMINER","63957.00"
"ASSOCIATE RETIREMENT BENEFITS EXAMINER","70387.00"
"ASSOCIATE RETIREMENT BENEFITS EXAMINER","75554.00"
"ASSOCIATE RETIREMENT BENEFITS EXAMINER","81806.00"
"CUSTOMER INFORMATION REPRESENTATIVE MA L 1549","73160.00"
"COMPUTER ASSOCIATE","105766.00"
"ASSOCIATE RETIREMENT BENEFITS EXAMINER","70021.00"
"ADMINISTRATIVE ACCOUNTANT","121122.00"
"ASSOCIATE RETIREMENT BENEFITS EXAMINER","68580.00"
"ASSISTANT RETIREMENT BENEFITS EXAMINER","53571.00"
"ASSOCIATE RETIREMENT BENEFITS EXAMINER","76465.00"
"ADMINISTRATIVE STAFF ANALYST","188230.00"
"CLERICAL ASSOCIATE MOST MAYORAL AG","56375.00"
"ADMINISTRATIVE DIRECTOR OF SOCIAL SERVICES","160864.00"
"ADM MANAGER-NON-MGRL","118662.00"
"ADMINISTRATIVE MANAGER","118851.00"
"COMPUTER ASSOCIATE","89512.00"
"COMMUNITY ASSOCIATE","51590.00"
"COMMUNITY ASSOCIATE","53673.00"
"CONFIDENTIAL STRATEGY PLANNER","107087.00"
"IT SECURITY SPECIALIST","153656.00"
"CALL CENTER REPRESENTATIVE","46885.00"
"CALL CENTER REPRESENTATIVE","46885.00"
"COMMUNITY ASSOCIATE","51227.00"
"COMMUNITY ASSOCIATE","51227.00"
"ASSOCIATE CALL CENTER REPRESENTATIVE-NON-SPVR","63296.00"
"CALL CENTER REPRESENTATIVE","46885.00"
"CLERICAL ASSOCIATE MOST MAYORAL AG","72275.00"
"CALL CENTER REPRESENTATIVE","46885.00"
"EXECUTIVE AGENCY COUNSEL","165328.00"
"COMMUNITY COORDINATOR","82154.00"
"IT PROJECT SPECIALIST","132934.00"
"CALL CENTER REPRESENTATIVE","45155.00"
"CALL CENTER REPRESENTATIVE","46885.00"
"DEPUTY COMMISSIONER","122004.00"
"COMMUNITY COORDINATOR","82154.00"
"CYBER SECURITY ANALYST","116957.00"
"CALL CENTER REPRESENTATIVE","45155.00"
"CALL CENTER REPRESENTATIVE","40769.00"
"DEPUTY COMMISSIONER OF IT","267791.00"
"ADMINISTRATIVE GRAPHIC ARTIST","159521.00"
"CALL CENTER REPRESENTATIVE","40769.00"
"CYBER SECURITY ANALYST","105212.00"
"CYBER SECURITY ANALYST","91566.00"
"EXECUTIVE AGENCY COUNSEL","206500.00"
"CYBER SECURITY ANALYST","79568.00"
"IT SECURITY SPECIALIST","156883.00"
"TELECOMMUNICATION MANAGER","255538.00"
"DEPUTY COMMISSIONER OF IT","279104.00"
"CALL CENTER REPRESENTATIVE","40769.00"
"IT SECURITY SPECIALIST","127830.00"
"CALL CENTER REPRESENTATIVE","45155.00"
"CYBER SECURITY ANALYST","122895.00"
"IT AUTOMATION AND MONITORING ENGINEER","180124.00"
"TELECOMMUNICATIONS MANAGER","145261.00"
"COMPUTER SYSTEMS MANAGER","104587.00"
"IT SECURITY SPECIALIST","194696.00"
"TELECOMMUNICATIONS MANAGER","145261.00"
"CALL CENTER REPRESENTATIVE","37219.00"
"IT INFRASTRUCTURE ENGINEER","107184.00"
"CYBER SECURITY ANALYST","100149.00"
"CYBER SECURITY ANALYST","90259.00"
"CALL CENTER REPRESENTATIVE","45155.00"
"TELECOMMUNICATIONS ASSOCIATE","108909.00"
"IT INFRASTRUCTURE ENGINEER","202426.00"
"COMMUNITY COORDINATOR","82154.00"
"CALL CENTER REPRESENTATIVE","46885.00"
"IT SECURITY SPECIALIST","157954.00"
"DEPUTY COMMISSIONER","162234.00"
"CALL CENTER REPRESENTATIVE","46885.00"
"CALL CENTER REPRESENTATIVE","46885.00"
"PRINCIPAL ADMINISTRATIVE ASSOCIATE -  NON SUPVR","87418.00"
"TELECOMMUNICATIONS MANAGER","95901.00"
"CALL CENTER REPRESENTATIVE","39486.00"
"CALL CENTER REPRESENTATIVE","46885.00"
"IT PROJECT SPECIALIST","152313.00"
"SENIOR IT ARCHITECT","180518.00"
"INVESTIGATOR EMPL DISC","68145.00"
"COMPUTER ASSOCIATE","117217.00"
"TELECOMMUNICATIONS ASSOCIATE","83227.00"
"TELECOMMUNICATIONS ASSOCIATE","64718.00"
"CALL CENTER REPRESENTATIVE","46885.00"
"CALL CENTER REPRESENTATIVE","46885.00"
"CALL CENTER REPRESENTATIVE","46885.00"
"CALL CENTER REPRESENTATIVE","45409.00"
"IT SECURITY SPECIALIST","152313.00"
"CALL CENTER REPRESENTATIVE","45155.00"
"CALL CENTER REPRESENTATIVE","46885.00"
"IT SECURITY SPECIALIST","134406.00"
"IT PROJECT SPECIALIST","156640.00"
"IT SECURITY SPECIALIST","163595.00"
"IT PROJECT SPECIALIST","132934.00"
"IT SECURITY SPECIALIST","103250.00"
"CALL CENTER REPRESENTATIVE","40770.00"
"CYBER SECURITY ANALYST","104587.00"
"CYBER SECURITY ANALYST","105212.00"
"CYBER SECURITY ANALYST","104587.00"
"CALL CENTER REPRESENTATIVE","46885.00"
"TELECOMMUNICATION MANAGER","142072.00"
"CALL CENTER REPRESENTATIVE","45155.00"
"TELECOMMUNICATIONS ASSOCIATE","67695.00"
"Executive Program Specialist","151072.00"
"EXECUTIVE AGENCY COUNSEL","116673.00"
"CALL CENTER REPRESENTATIVE","39486.00"
"IT INFRASTRUCTURE ENGINEER","151500.00"
"PROGRAM PRODUCER","90317.00"
"COMMUNITY COORDINATOR","83797.00"
"CALL CENTER REPRESENTATIVE","39486.00"
"PROGRAM PRODUCER","90317.00"
"IT SECURITY SPECIALIST","155943.00"
"CALL CENTER REPRESENTATIVE","46885.00"
"IT AUTOMATION AND MONITORING ENGINEER","124107.00"
"CALL CENTER REPRESENTATIVE","43734.00"
"TELECOMMUNICATIONS ASSOCIATE","131804.00"
"CYBER SECURITY ANALYST","90259.00"
"CYBER SECURITY ANALYST","101541.00"
"CYBER SECURITY ANALYST","90259.00"
"COMMUNITY COORDINATOR","95713.00"
"CALL CENTER REPRESENTATIVE","46885.00"
"ASSOCIATE CALL CENTER REPRESENTATIVE-NON-SPVR","63296.00"
"CALL CENTER REPRESENTATIVE","46885.00"
"COMMUNITY COORDINATOR","79415.00"
"IT SECURITY SPECIALIST","153353.00"
"TELECOMMUNICATIONS ASSOCIATE","89186.00"
"CYBER SECURITY ANALYST","96023.00"
"IT PROJECT SPECIALIST","141962.00"
"CYBER SECURITY ANALYST","87550.00"
"CYBER SECURITY ANALYST","79761.00"
"TELECOMMUNICATIONS ASSOCIATE","81058.00"
"Deputy Commissioner Film Office","185850.00"
"IT SECURITY SPECIALIST","147877.00"
"CYBER SECURITY ANALYST","82154.00"
"IT SERVICE MANAGEMENT SPECIALIST","115015.00"
"CYBER SECURITY ANALYST","61880.00"
"COMMUNITY COORDINATOR","82154.00"
"IT PROJECT SPECIALIST","82154.00"
"COMMUNITY COORDINATOR","82154.00"
"IT AUTOMATION AND MONITORING ENGINEER","136923.00"
"COMPUTER ASSOCIATE","103259.00"
"CALL CENTER REPRESENTATIVE","46885.00"
"TELECOMMUNICATIONS ASSOCIATE","89186.00"
"TELECOMMUNICATIONS MANAGER","143569.00"
"CYBER SECURITY ANALYST","82154.00"
"EXECUTIVE AGENCY COUNSEL","188555.00"
"COMMUNITY COORDINATOR","82400.00"
"CYBER SECURITY ANALYST","82154.00"
"IT PROJECT SPECIALIST","148526.00"
"TELECOMMUNICATIONS ASSOCIATE","98982.00"
"CALL CENTER REPRESENTATIVE","39486.00"
"CALL CENTER REPRESENTATIVE","46885.00"
"CALL CENTER REPRESENTATIVE","45409.00"
"CALL CENTER REPRESENTATIVE","46885.00"
"Executive Program Specialist","107212.00"
"ADMINISTRATIVE GRAPHIC ARTIST","153353.00"
"RADIO AND TELEVISION OPERATOR","71200.00"
"CALL CENTER REPRESENTATIVE","46885.00"
"CALL CENTER REPRESENTATIVE","45409.00"
"CALL CENTER REPRESENTATIVE","45409.00"
"CALL CENTER REPRESENTATIVE","46885.00"
"CALL CENTER REPRESENTATIVE","46885.00"
"CALL CENTER REPRESENTATIVE","39486.00"
"TELECOMMUNICATIONS ASSOCIATE","78562.00"
"COMMUNITY ASSOCIATE","53673.00"
"COMMUNITY COORDINATOR","91991.00"
"TELECOMMUNICATIONS MANAGER","104062.00"
"CALL CENTER REPRESENTATIVE","40769.00"
"COMMUNITY ASSOCIATE","51590.00"
"CALL CENTER REPRESENTATIVE","42460.00"
"CALL CENTER REPRESENTATIVE","46885.00"
"TELECOMMUNICATIONS ASSOCIATE","65723.00"
"CALL CENTER REPRESENTATIVE","40769.00"
"CERTIFIED IT ADMINISTRATOR","120492.00"
"CALL CENTER REPRESENTATIVE","46885.00"
"CALL CENTER REPRESENTATIVE","43734.00"
"CALL CENTER REPRESENTATIVE","43734.00"
"CALL CENTER REPRESENTATIVE","46885.00"
"CALL CENTER REPRESENTATIVE","46885.00"
"COMMUNITY COORDINATOR","95506.00"
"COMMUNITY COORDINATOR","94750.00"
"COMMUNITY COORDINATOR","97055.00"
"COMMUNITY COORDINATOR","72298.00"
"PRINCIPAL ADMINISTRATIVE ASSOCIATE -  NON SUPVR","72000.00"
"COMMUNITY COORDINATOR","82154.00"
"CONFIDENTIAL STRATEGY PLANNER","100786.00"
"IT SECURITY SPECIALIST","175261.00"
"CALL CENTER REPRESENTATIVE","46885.00"
"CALL CENTER REPRESENTATIVE","43734.00"
"CALL CENTER REPRESENTATIVE","46885.00"
"CALL CENTER REPRESENTATIVE","46885.00"
"CALL CENTER REPRESENTATIVE","38336.00"
"CYBER SECURITY ANALYST","87630.00"
"ADMINISTRATIVE GRAPHIC ARTIST","147877.00"
"CALL CENTER REPRESENTATIVE","40769.00"
"CALL CENTER REPRESENTATIVE","39486.00"
"CALL CENTER REPRESENTATIVE","39486.00"
"COMPUTER SYSTEMS MANAGER","96106.00"
"CYBER SECURITY ANALYST","93000.00"
"COMMUNITY COORDINATOR","65935.00"
"AGENCY ATTORNEY INTERNE","72510.00"
"CYBER SECURITY ANALYST","103000.00"
"CYBER SECURITY ANALYST","103000.00"
"TELECOMMUNICATIONS MANAGER","123363.00"
"IT SECURITY SPECIALIST","122300.00"
"IT PROJECT SPECIALIST","132934.00"
"CALL CENTER REPRESENTATIVE","45155.00"
"CALL CENTER REPRESENTATIVE","43734.00"
"CALL CENTER REPRESENTATIVE","39486.00"
"CALL CENTER REPRESENTATIVE","45155.00"
"CALL CENTER REPRESENTATIVE","45155.00"
"CALL CENTER REPRESENTATIVE","45155.00"
"CALL CENTER REPRESENTATIVE","45155.00"
"CALL CENTER REPRESENTATIVE","45155.00"
"IT SECURITY SPECIALIST","127617.00"
"CALL CENTER REPRESENTATIVE","45155.00"
"CALL CENTER REPRESENTATIVE","43734.00"
"CALL CENTER REPRESENTATIVE","45155.00"
"CALL CENTER REPRESENTATIVE","45155.00"
"CALL CENTER REPRESENTATIVE","45155.00"
"CALL CENTER REPRESENTATIVE","43734.00"
"AGENCY ATTORNEY","107411.00"
"STRATEGIC INITIATIVE SPECIALIST","147890.00"
"CALL CENTER REPRESENTATIVE","43734.00"
"CALL CENTER REPRESENTATIVE","43734.00"
"IT PROJECT SPECIALIST","111665.00"
"COMMUNITY COORDINATOR","79464.00"
"TELECOMMUNICATIONS ASSOCIATE","74398.00"
"TELECOMMUNICATIONS ASSOCIATE","69126.00"
"CYBER SECURITY ANALYST","120492.00"
"IT PROJECT SPECIALIST","127617.00"
"COMMUNITY COORDINATOR","85078.00"
"COMMUNITY ASSOCIATE","52110.00"
"AGENCY ATTORNEY","118588.00"
"CYBER SECURITY ANALYST","79761.00"
"COMMUNITY ASSOCIATE","52110.00"
"AGENCY ATTORNEY","83943.00"
"CALL CENTER REPRESENTATIVE","45155.00"
"IT SECURITY SPECIALIST","135593.00"
"SIGN LANGUAGE INTERPRETER","142072.00"
"TELECOMMUNICATIONS ASSOCIATE","76487.00"
"CALL CENTER REPRESENTATIVE","45155.00"
"CALL CENTER REPRESENTATIVE","45155.00"
"CALL CENTER REPRESENTATIVE","45155.00"
"CALL CENTER REPRESENTATIVE","45155.00"
"CALL CENTER REPRESENTATIVE","45155.00"
"CALL CENTER REPRESENTATIVE","45155.00"
"CALL CENTER REPRESENTATIVE","45155.00"
"CALL CENTER REPRESENTATIVE","45155.00"
"COMMUNITY COORDINATOR","74902.00"
"TELECOMMUNICATION MANAGER","177001.00"
"CYBER SECURITY ANALYST","90259.00"
"IT SECURITY SPECIALIST","143569.00"
"TELECOMMUNICATION MANAGER","130463.00"
"EXECUTIVE PROGRAM SPECIALIST","147890.00"
"DEPUTY COMMISSIONER","157954.00"
"CALL CENTER REPRESENTATIVE","40770.00"
"IT PROJECT SPECIALIST","148887.00"
"COMMUNITY COORDINATOR","85078.00"
"CALL CENTER REPRESENTATIVE","40769.00"
"IT PROJECT SPECIALIST","128750.00"
"COMMUNITY ASSOCIATE","70071.00"
"CALL CENTER REPRESENTATIVE","45155.00"
"CALL CENTER REPRESENTATIVE","45155.00"
"CALL CENTER REPRESENTATIVE","45155.00"
"CALL CENTER REPRESENTATIVE","45155.00"
"CALL CENTER REPRESENTATIVE","45155.00"
"CALL CENTER REPRESENTATIVE","40769.00"
"CALL CENTER REPRESENTATIVE","45155.00"
"CALL CENTER REPRESENTATIVE","45155.00"
"CALL CENTER REPRESENTATIVE","45155.00"
"CALL CENTER REPRESENTATIVE","39486.00"
"CITY RESEARCH SCIENTIST","130053.00"
"CALL CENTER REPRESENTATIVE","45155.00"
"CALL CENTER REPRESENTATIVE","45155.00"
"CALL CENTER REPRESENTATIVE","39486.00"
"CALL CENTER REPRESENTATIVE","45155.00"
"IT PROJECT SPECIALIST","132934.00"
"CALL CENTER REPRESENTATIVE","40769.00"
"CALL CENTER REPRESENTATIVE","40769.00"
"CALL CENTER REPRESENTATIVE","40769.00"
"CALL CENTER REPRESENTATIVE","39486.00"
"TELECOMMUNICATIONS ASSOCIATE","74340.00"
"CYBER SECURITY ANALYST","116982.00"
"IT SECURITY SPECIALIST","154875.00"
"IT SECURITY SPECIALIST","139388.00"
"CALL CENTER REPRESENTATIVE","39486.00"
"CALL CENTER REPRESENTATIVE","40769.00"
"CALL CENTER REPRESENTATIVE","40769.00"
"CALL CENTER REPRESENTATIVE","39486.00"
"CALL CENTER REPRESENTATIVE","40769.00"
"CALL CENTER REPRESENTATIVE","40769.00"
"CALL CENTER REPRESENTATIVE","39486.00"
"CALL CENTER REPRESENTATIVE","40769.00"
"COMPUTER ASSOCIATE","88899.00"
"CYBER SECURITY ANALYST","82600.00"
"IT SECURITY SPECIALIST","185850.00"
"CALL CENTER REPRESENTATIVE","40769.00"
"CYBER SECURITY ANALYST","82600.00"
"IT SECURITY SPECIALIST","175525.00"
"IT SECURITY SPECIALIST","123900.00"
"IT SECURITY SPECIALIST","160038.00"
"IT SECURITY SPECIALIST","129063.00"
"CALL CENTER REPRESENTATIVE","40769.00"
"CALL CENTER REPRESENTATIVE","39486.00"
"IT SECURITY SPECIALIST","165200.00"
"Executive Program Specialist","107212.00"
"IT SECURITY SPECIALIST","134225.00"
"CYBER SECURITY ANALYST","113575.00"
"RADIO AND TELEVISION OPERATOR","62983.00"
"ADMINISTRATIVE GRAPHIC ARTIST","113575.00"
"TELECOMMUNICATIONS MANAGER","113575.00"
"CYBER SECURITY ANALYST","92925.00"
"CALL CENTER REPRESENTATIVE","40770.00"
"CALL CENTER REPRESENTATIVE","40769.00"
"CALL CENTER REPRESENTATIVE","40769.00"
"CALL CENTER REPRESENTATIVE","40769.00"
"CALL CENTER REPRESENTATIVE","39486.00"
"CALL CENTER REPRESENTATIVE","40769.00"
"TELECOMMUNICATIONS MANAGER","111665.00"
"COMMUNITY ASSOCIATE","66808.00"
"COMMUNITY ASSOCIATE","66808.00"
"CALL CENTER REPRESENTATIVE","40769.00"
"CALL CENTER REPRESENTATIVE","40769.00"
"CALL CENTER REPRESENTATIVE","39486.00"
"CALL CENTER REPRESENTATIVE","39486.00"
"TELECOMMUNICATION MANAGER","198240.00"
"IT AUTOMATION AND MONITORING ENGINEER","121522.00"
"TELECOMMUNICATION MANAGER","204435.00"
"TELECOMMUNICATIONS ASSOCIATE","74340.00"
"TELECOMMUNICATIONS ASSOCIATE","103250.00"
"CALL CENTER REPRESENTATIVE","39486.00"
"CALL CENTER REPRESENTATIVE","40769.00"
"CALL CENTER REPRESENTATIVE","40769.00"
"CALL CENTER REPRESENTATIVE","40769.00"
"CALL CENTER REPRESENTATIVE","40769.00"
"CALL CENTER REPRESENTATIVE","39486.00"
"COMMUNITY COORDINATOR","66080.00"
"COMMUNITY ASSOCIATE","52110.00"
"CONFIDENTIAL STRATEGY PLANNER","92000.00"
"CYBER SECURITY ANALYST","91566.00"
"TELECOMMUNICATIONS MANAGER","110478.00"
"TELECOMMUNICATION MANAGER","159521.00"
"COMMUNITY ASSOCIATE","52110.00"
"COMMUNITY ASSOCIATE","52110.00"
"CALL CENTER REPRESENTATIVE","40769.00"
"CALL CENTER REPRESENTATIVE","40769.00"
"CALL CENTER REPRESENTATIVE","40769.00"
"CALL CENTER REPRESENTATIVE","40769.00"
"CYBER SECURITY ANALYST","82600.00"
"CALL CENTER REPRESENTATIVE","40769.00"
"TELECOMMUNICATIONS MANAGER","149713.00"
"IT SECURITY SPECIALIST","80000.00"
"IT SECURITY SPECIALIST","134225.00"
"TELECOMMUNICATION MANAGER","191013.00"
"IT SECURITY SPECIALIST","98088.00"
"TELECOMMUNICATIONS ASSOCIATE","50425.00"
"EXECUTIVE AGENCY COUNSEL","272448.00"
"COMMUNITY ASSOCIATE","69178.00"
"CYBER SECURITY ANALYST","79761.00"
"Executive Program Specialist","134225.00"
"CALL CENTER REPRESENTATIVE","39486.00"
"CALL CENTER REPRESENTATIVE","40769.00"
"CALL CENTER REPRESENTATIVE","40769.00"
"CALL CENTER REPRESENTATIVE","39486.00"
"CALL CENTER REPRESENTATIVE","39486.00"
"CALL CENTER REPRESENTATIVE","39486.00"
"COMMUNITY ASSOCIATE","61021.00"
"COMMUNITY COORDINATOR","82154.00"
"COMMUNITY ASSOCIATE","61021.00"
"IT PROJECT SPECIALIST","105000.00"
"IT PROJECT SPECIALIST","160000.00"
"IT PROJECT SPECIALIST","110000.00"
"IT PROJECT SPECIALIST","130000.00"
"CALL CENTER REPRESENTATIVE","40770.00"
"CALL CENTER REPRESENTATIVE","40770.00"
"CALL CENTER REPRESENTATIVE","40770.00"
"COMPUTER SPECIALIST","124041.00"
"COMPUTER SYSTEMS MANAGER","224222.00"
"CALL CENTER REPRESENTATIVE","40769.00"
"CERTIFIED IT ADMINISTRATOR","137825.00"
"COMPUTER SYSTEMS MANAGER","151072.00"
"COMPUTER SYSTEMS MANAGER","124041.00"
"CALL CENTER REPRESENTATIVE","45155.00"
"ASSOCIATE STAFF ANALYST","91394.00"
"COMPUTER SYSTEMS MANAGER","154367.00"
"COMPUTER SPECIALIST","137825.00"
"COMPUTER SYSTEMS MANAGER","182164.00"
"CERTIFIED IT ADMINISTRATOR","141151.00"
"AGENCY CHIEF CONTRACTING OFFICER","186909.00"
"CALL CENTER REPRESENTATIVE","40770.00"
"COMPUTER SYSTEMS MANAGER","189149.00"
"COMPUTER SYSTEMS MANAGER","176464.00"
"PRINCIPAL ADMINISTRATIVE ASSOCIATE -  NON SUPVR","78386.00"
"CALL CENTER REPRESENTATIVE","40769.00"
"CERTIFIED IT ADMINISTRATOR","133915.00"
"IT SECURITY SPECIALIST","104783.00"
"IT SERVICE MANAGEMENT SPECIALIST","87157.00"
"CALL CENTER REPRESENTATIVE","46885.00"
"CALL CENTER REPRESENTATIVE","46885.00"
"CERTIFIED IT ADMINISTRATOR","140379.00"
"TELECOMMUNICATIONS ASSOCIATE","126673.00"
"COMPUTER SYSTEMS MANAGER","202848.00"
"ADMINISTRATIVE PUBLIC INFORMATION SPECIALIST","172557.00"
"COMPUTER SYSTEMS MANAGER","125544.00"
"CERTIFIED IT ADMINISTRATOR","128010.00"
"COMPUTER SYSTEMS MANAGER","212441.00"
"ADMINISTRATIVE STAFF ANALYST","107390.00"
"PRINCIPAL ADMINISTRATIVE ASSOCIATE -  NON SUPVR","65515.00"
"ADM MANAGER-NON-MGRL","155555.00"
"CALL CENTER REPRESENTATIVE","39486.00"
"ADM MANAGER-NON-MGRL","112114.00"
"CERTIFIED IT ADMINISTRATOR","148747.00"
"COMPUTER SYSTEMS MANAGER","132582.00"
"CALL CENTER REPRESENTATIVE","46885.00"
"ASSOCIATE CALL CENTER REPRESENTATIVE-NON-SPVR","82292.00"
"PRINCIPAL ADMINISTRATIVE ASSOCIATE -  NON SUPVR","76385.00"
"COMPUTER SYSTEMS MANAGER","161589.00"
"COMPUTER SYSTEMS MANAGER","229808.00"
"IT INFRASTRUCTURE ENGINEER","149378.00"
"CERTIFIED IT ADMINISTRATOR","164780.00"
"COMPUTER SYSTEMS MANAGER","161686.00"
"PRINCIPAL ADMINISTRATIVE ASSOCIATE -  NON SUPVR","68672.00"
"ADM MANAGER-NON-MGRL","92426.00"
"CALL CENTER REPRESENTATIVE","46885.00"
"CALL CENTER REPRESENTATIVE","46885.00"
"ASSOCIATE CALL CENTER REPRESENTATIVE-NON-SPVR","75998.00"
"CALL CENTER REPRESENTATIVE","40769.00"
"CALL CENTER REPRESENTATIVE","46885.00"
"ADM MANAGER-NON-MGRL","86173.00"
"COMPUTER SPECIALIST","135529.00"
"COMPUTER SYSTEMS MANAGER","136462.00"
"COMPUTER SYSTEMS MANAGER","148622.00"
"EXECUTIVE AGENCY COUNSEL","141304.00"
"ADM MANAGER-NON-MGRL","89177.00"
"CALL CENTER REPRESENTATIVE","39486.00"
"CALL CENTER REPRESENTATIVE","45155.00"
"IT PROJECT SPECIALIST","154875.00"
"COMPUTER SYSTEMS MANAGER","168888.00"
"EXECUTIVE AGENCY COUNSEL","161709.00"
"ADMINISTRATIVE STAFF ANALYST","128347.00"
"COMPUTER SPECIALIST","132170.00"
"CERTIFIED IT ADMINISTRATOR","134532.00"
"CERTIFIED IT ADMINISTRATOR","152504.00"
"ADMINISTRATIVE STAFF ANALYST","192354.00"
"COMPUTER SYSTEMS MANAGER","170203.00"
"CALL CENTER REPRESENTATIVE","46885.00"
"COMPUTER OPERATIONS MANAGER","275795.00"
"IT SECURITY SPECIALIST","191426.00"
"Associate Commissioner","233340.00"
"CALL CENTER REPRESENTATIVE","43734.00"
"COMPUTER SPECIALIST","122089.00"
"COMPUTER SYSTEMS MANAGER","178277.00"
"CERTIFIED IT ADMINISTRATOR","141866.00"
"CALL CENTER REPRESENTATIVE","46885.00"
"ADM MANAGER-NON-MGRL","89177.00"
"ADM MANAGER-NON-MGRL","150835.00"
"CALL CENTER REPRESENTATIVE","40770.00"
"CALL CENTER REPRESENTATIVE","45155.00"
"COMPUTER SYSTEMS MANAGER","149957.00"
"COMPUTER SYSTEMS MANAGER","152606.00"
"COMMUNITY ASSOCIATE","52110.00"
"COMPUTER OPERATIONS MANAGER","168746.00"
"DIRECTOR OF TELEVISION","74513.00"
"ADMINISTRATIVE STAFF ANALYST","116517.00"
"COMPUTER SYSTEMS MANAGER","193697.00"
"ADMINISTRATIVE STAFF ANALYST","97856.00"
"COMPUTER SYSTEMS MANAGER","141866.00"
"COMPUTER SYSTEMS MANAGER","119696.00"
"STAFF ANALYST","80856.00"
"COMPUTER SYSTEMS MANAGER","94939.00"
"CERTIFIED IT ADMINISTRATOR","127717.00"
"CALL CENTER REPRESENTATIVE","46885.00"
"CALL CENTER REPRESENTATIVE","45409.00"
"COMPUTER SPECIALIST","112057.00"
"PRINCIPAL ADMINISTRATIVE ASSOCIATE -  NON SUPVR","91793.00"
"COMPUTER SYSTEMS MANAGER","177100.00"
"COMMUNITY ASSOCIATE","64072.00"
"CALL CENTER REPRESENTATIVE","40770.00"
"CALL CENTER REPRESENTATIVE","39486.00"
"ASSOCIATE STAFF ANALYST","111211.00"
"COMPUTER ASSOCIATE","101331.00"
"CALL CENTER REPRESENTATIVE","45409.00"
"COMPUTER SPECIALIST","102405.00"
"COMPUTER SYSTEMS MANAGER","169403.00"
"CALL CENTER REPRESENTATIVE","40769.00"
"COMPUTER SYSTEMS MANAGER","121600.00"
"CERTIFIED IT ADMINISTRATOR","143944.00"
"CALL CENTER REPRESENTATIVE","39486.00"
"TELECOMMUNICATIONS MANAGER","80399.00"
"CALL CENTER REPRESENTATIVE","46885.00"
"COMPUTER SYSTEMS MANAGER","230361.00"
"CERTIFIED IT ADMINISTRATOR","162035.00"
"ASSOCIATE CALL CENTER REPRESENTATIVE-NON-SPVR","63296.00"
"CALL CENTER REPRESENTATIVE","46885.00"
"COMPUTER SPECIALIST","123072.00"
"CERTIFIED IT DEVELOPER","109518.00"
"CERTIFIED IT ADMINISTRATOR","129676.00"
"CALL CENTER REPRESENTATIVE","40770.00"
"IT SECURITY SPECIALIST","125028.00"
"IT PROJECT SPECIALIST","159521.00"
"COMPUTER SYSTEMS MANAGER","181354.00"
"CALL CENTER REPRESENTATIVE","40770.00"
"CERTIFIED IT ADMINISTRATOR","127084.00"
"ADMINISTRATIVE STAFF ANALYST","139275.00"
"TELECOMMUNICATION MANAGER","206500.00"
"IT SECURITY SPECIALIST","161414.00"
"ADM MANAGER-NON-MGRL","89177.00"
"ASSOCIATE CALL CENTER REPRESENTATIVE-NON-SPVR","63296.00"
"COMPUTER ASSOCIATE","103300.00"
"EXECUTIVE AGENCY COUNSEL","124913.00"
"COMPUTER SPECIALIST","123208.00"
"COMPUTER SYSTEMS MANAGER","132299.00"
"COMPUTER SPECIALIST","139443.00"
"CALL CENTER REPRESENTATIVE","46885.00"
"CALL CENTER REPRESENTATIVE","44086.00"
"CERTIFIED IT ADMINISTRATOR","118617.00"
"CERTIFIED IT ADMINISTRATOR","168503.00"
"CERTIFIED IT ADMINISTRATOR","147149.00"
"COMPUTER SYSTEMS MANAGER","140958.00"
"EXECUTIVE AGENCY COUNSEL","219851.00"
"CERTIFIED IT ADMINISTRATOR","162373.00"
"SECRETARY TO THE DEPUTY COMMISSIONER","90015.00"
"CALL CENTER REPRESENTATIVE","45409.00"
"CALL CENTER REPRESENTATIVE","39486.00"
"CERTIFIED IT ADMINISTRATOR","153838.00"
"COMPUTER OPERATIONS MANAGER","235636.00"
"ASSOCIATE CALL CENTER REPRESENTATIVE-NON-SPVR","63296.00"
"ASSOCIATE CALL CENTER REPRESENTATIVE-NON-SPVR","63296.00"
"CALL CENTER REPRESENTATIVE","46885.00"
"ADMINISTRATIVE PROCUREMENT ANALYST-NON-MGRL","113536.00"
"EXECUTIVE AGENCY COUNSEL","185752.00"
"COMPUTER SPECIALIST","132170.00"
"CERTIFIED IT ADMINISTRATOR","147149.00"
"ADMINISTRATIVE STAFF ANALYST","275185.00"
"CERTIFIED IT ADMINISTRATOR","124522.00"
"CALL CENTER REPRESENTATIVE","46885.00"
"COMPUTER ASSOCIATE","109518.00"
"COMPUTER ASSOCIATE","89003.00"
"COMPUTER SPECIALIST","137219.00"
"CERTIFIED IT ADMINISTRATOR","148996.00"
"TELECOMMUNICATIONS MANAGER","162170.00"
"ECONOMIST","99018.00"
"STRATEGIC INITIATIVE SPECIALIST","136273.00"
"ASSOCIATE STAFF ANALYST","105605.00"
"ADM MANAGER-NON-MGRL","108610.00"
"IT SECURITY SPECIALIST","123900.00"
"COMPUTER SPECIALIST","131078.00"
"COMPUTER SPECIALIST","109518.00"
"COMPUTER SYSTEMS MANAGER","161937.00"
"CLERICAL ASSOCIATE MOST MAYORAL AG","57182.00"
"ADMINISTRATIVE STAFF ANALYST","98128.00"
"COMMUNITY COORDINATOR","94750.00"
"COMPUTER SYSTEMS MANAGER","91743.00"
"STAFF ANALYST","80000.00"
"ADMINISTRATIVE BUSINESS PROMOTION COORDINATOR","256468.00"
"COMPUTER ASSOCIATE","124026.00"
"CALL CENTER REPRESENTATIVE","46885.00"
"CALL CENTER REPRESENTATIVE","45409.00"
"COMMUNITY ASSOCIATE","65832.00"
"ADMINISTRATIVE STAFF ANALYST","223289.00"
"COMPUTER ASSOCIATE","101541.00"
"COMPUTER SPECIALIST","137007.00"
"EXECUTIVE AGENCY COUNSEL","206400.00"
"COMPUTER SPECIALIST","153250.00"
"CALL CENTER REPRESENTATIVE","39486.00"
"ADMINISTRATIVE BUSINESS PROMOTION COORDINATOR","130559.00"
"COMPUTER ASSOCIATE","92258.00"
"CALL CENTER REPRESENTATIVE","43734.00"
"COMMUNITY COORDINATOR","86740.00"
"COMMUNITY ASSOCIATE","51227.00"
"CALL CENTER REPRESENTATIVE","39486.00"
"ADMINISTRATIVE STAFF ANALYST","202925.00"
"COMPUTER SPECIALIST","142339.00"
"IT PROJECT SPECIALIST","127119.00"
"COMPUTER SYSTEMS MANAGER","151608.00"
"IT PROJECT SPECIALIST","113706.00"
"COMPUTER SPECIALIST","155759.00"
"COMPUTER SPECIALIST","144977.00"
"CERTIFIED IT ADMINISTRATOR","173473.00"
"COMPUTER SYSTEMS MANAGER","179241.00"
"COMPUTER SPECIALIST","138385.00"
"COMPUTER SPECIALIST","125205.00"
"CERTIFIED IT ADMINISTRATOR","151565.00"
"EXECUTIVE AGENCY COUNSEL","165328.00"
"COMPUTER SPECIALIST","158155.00"
"CALL CENTER REPRESENTATIVE","46885.00"
"ADM MANAGER-NON-MGRL","97864.00"
"COMPUTER SYSTEMS MANAGER","213509.00"
"CERTIFIED IT ADMINISTRATOR","160791.00"
"COMPUTER SYSTEMS MANAGER","143634.00"
"CALL CENTER REPRESENTATIVE","43734.00"
"COMPUTER SPECIALIST","151565.00"
"CITY RESEARCH SCIENTIST","112932.00"
"COMPUTER ASSOCIATE","66458.00"
"COMPUTER SPECIALIST","123208.00"
"IT PROJECT SPECIALIST","139388.00"
"CALL CENTER REPRESENTATIVE","46885.00"
"ASSOCIATE CALL CENTER REPRESENTATIVE-NON-SPVR","69625.00"
"IT SECURITY SPECIALIST","174313.00"
"COMPUTER SYSTEMS MANAGER","147612.00"
"RADIO AND TELEVISION OPERATOR","64226.00"
"COMPUTER SYSTEMS MANAGER","175854.00"
"COMPUTER SPECIALIST","130228.00"
"PRINCIPAL ADMINISTRATIVE ASSOCIATE -  NON SUPVR","75998.00"
"COMPUTER SPECIALIST","129255.00"
"COMPUTER SPECIALIST","158155.00"
"ADMINISTRATIVE STAFF ANALYST","130332.00"
"PROGRAM PRODUCER","95906.00"
"TELECOMMUNICATION MANAGER","138254.00"
"CERTIFIED IT ADMINISTRATOR","119541.00"
"COMPUTER ASSOCIATE","98037.00"
"ADMINISTRATIVE BUSINESS PROMOTION COORDINATOR","163674.00"
"COMPUTER SPECIALIST","158155.00"
"Chief Advisor, Public Space Policy","153030.00"
"COMPUTER SPECIALIST","124919.00"
"COMMUNITY COORDINATOR","72298.00"
"CERTIFIED IT ADMINISTRATOR","158198.00"
"COMPUTER SPECIALIST","151565.00"
"COMPUTER SPECIALIST","144977.00"
"COMMUNITY COORDINATOR","74443.00"
"Deputy Commissioner","211133.00"
"COMPUTER SPECIALIST","138385.00"
"COMPUTER SYSTEMS MANAGER","148887.00"
"PROGRAM PRODUCER","90317.00"
"STAFF ANALYST","80856.00"
"TELECOMMUNICATION MANAGER","146510.00"
"IT SECURITY SPECIALIST","197240.00"
"COMMUNITY COORDINATOR","84141.00"
"COMPUTER SPECIALIST","144977.00"
"CALL CENTER REPRESENTATIVE","46885.00"
"ASSOCIATE CALL CENTER REPRESENTATIVE-NON-SPVR","63296.00"
"CALL CENTER REPRESENTATIVE","45409.00"
"COMPUTER SYSTEMS MANAGER","205075.00"
"COMPUTER SPECIALIST","122389.00"
"COMPUTER SPECIALIST","138385.00"
"EXECUTIVE AGENCY COUNSEL","204435.00"
"COMPUTER OPERATIONS MANAGER","144977.00"
"COMPUTER SPECIALIST","144798.00"
"CALL CENTER REPRESENTATIVE","39486.00"
"COMPUTER SPECIALIST","144977.00"
"COMPUTER SPECIALIST","138385.00"
"COMPUTER SYSTEMS MANAGER","214512.00"
"TELECOMMUNICATIONS ASSOCIATE","83987.00"
"COMPUTER SPECIALIST","123208.00"
"COMPUTER ASSOCIATE","68468.00"
"CERTIFIED IT ADMINISTRATOR","126374.00"
"COMPUTER OPERATIONS MANAGER","227446.00"
"COMPUTER ASSOCIATE","115613.00"
"CERTIFIED IT ADMINISTRATOR","150680.00"
"CALL CENTER REPRESENTATIVE","45155.00"
"COMPUTER ASSOCIATE","115721.00"
"CERTIFIED IT ADMINISTRATOR","109518.00"
"ADMINISTRATIVE COMMUNITY RELATIONS SPECIALIST","173795.00"
"COMPUTER OPERATIONS MANAGER","147867.00"
"COMPUTER ASSOCIATE","115721.00"
"CERTIFIED IT DEVELOPER","143270.00"
"CERTIFIED IT ADMINISTRATOR","134700.00"
"PROGRAM PRODUCER","96585.00"
"COMPUTER SYSTEMS MANAGER","237670.00"
"COMPUTER SYSTEMS MANAGER","223425.00"
"TELECOMMUNICATIONS ASSOCIATE","71253.00"
"CERTIFIED IT ADMINISTRATOR","140702.00"
"AGENCY ATTORNEY","144294.00"
"CERTIFIED IT ADMINISTRATOR","141439.00"
"CERTIFIED IT ADMINISTRATOR","135011.00"
"COMPUTER SPECIALIST","141439.00"
"ADM MANAGER-NON-MGRL","89108.00"
"ASSOCIATE CALL CENTER REPRESENTATIVE-NON-SPVR","82292.00"
"ASSOCIATE CALL CENTER REPRESENTATIVE-NON-SPVR","63296.00"
"ASSOCIATE CALL CENTER REPRESENTATIVE-NON-SPVR","63296.00"
"COMPUTER SYSTEMS MANAGER","164224.00"
"CALL CENTER REPRESENTATIVE","46885.00"
"ADMINISTRATIVE PUBLIC INFORMATION SPECIALIST NM FORMER M1/M2","151616.00"
"TELECOMMUNICATIONS ASSOCIATE","115721.00"
"COMPUTER ASSOCIATE","98037.00"
"COMPUTER ASSOCIATE","85300.00"
"ASSOCIATE STAFF ANALYST","91394.00"
"COMPUTER ASSOCIATE","111867.00"
"CERTIFIED IT ADMINISTRATOR","157173.00"
"CALL CENTER REPRESENTATIVE","40770.00"
"COMPUTER SPECIALIST","122152.00"
"CERTIFIED IT ADMINISTRATOR","115721.00"
"CERTIFIED IT ADMINISTRATOR","156800.00"
"COMPUTER SYSTEMS MANAGER","216704.00"
"CALL CENTER REPRESENTATIVE","39486.00"
"COMPUTER SPECIALIST","126877.00"
"IT SECURITY SPECIALIST","136517.00"
"COMPUTER SPECIALIST","139842.00"
"COMPUTER ASSOCIATE","116982.00"
"COMPUTER SPECIALIST","115721.00"
"COMPUTER ASSOCIATE","82149.00"
"COMPUTER ASSOCIATE","111867.00"
"COMPUTER SPECIALIST","109518.00"
"ADMINISTRATIVE CONSTRUCTION PROJECT MANAGER","186758.00"
"COMPUTER ASSOCIATE","98037.00"
"CERTIFIED IT ADMINISTRATOR","171342.00"
"IT INFRASTRUCTURE ENGINEER","112351.00"
"COMPUTER SPECIALIST","127399.00"
"SENIOR IT ARCHITECT","188558.00"
"CALL CENTER REPRESENTATIVE","40769.00"
"IT SECURITY SPECIALIST","143569.00"
"CERTIFIED IT DEVELOPER","148117.00"
"COMPUTER SPECIALIST","117537.00"
"CERTIFIED IT ADMINISTRATOR","139872.00"
"COMPUTER SPECIALIST","154298.00"
"COMPUTER SYSTEMS MANAGER","152051.00"
"COMPUTER ASSOCIATE","115721.00"
"COMPUTER SPECIALIST","141439.00"
"CERTIFIED IT ADMINISTRATOR","167156.00"
"CERTIFIED IT ADMINISTRATOR","109518.00"
"COMPUTER SPECIALIST","123208.00"
"COMPUTER ASSOCIATE","98294.00"
"COMPUTER OPERATIONS MANAGER","166641.00"
"COMMUNITY ASSOCIATE","68227.00"
"COMPUTER SYSTEMS MANAGER","167838.00"
"COMPUTER SPECIALIST","147867.00"
"CALL CENTER REPRESENTATIVE","39486.00"
"IT PROJECT SPECIALIST","99356.00"
"TELECOMMUNICATIONS ASSOCIATE","73377.00"
"CERTIFIED IT ADMINISTRATOR","115721.00"
"COMMUNITY COORDINATOR","72298.00"
"CALL CENTER REPRESENTATIVE","46885.00"
"BUSINESS PROMOTION COORDINATOR","109323.00"
"COMPUTER SPECIALIST","154298.00"
"CERTIFIED IT ADMINISTRATOR","109518.00"
"COMPUTER ASSOCIATE","92675.00"
"CERTIFIED IT DEVELOPER","141439.00"
"COMPUTER SPECIALIST","128581.00"
"STAFF ANALYST","88566.00"
"COMPUTER SYSTEMS MANAGER","111867.00"
"COMPUTER ASSOCIATE","130282.00"
"COMPUTER SPECIALIST","147867.00"
"COMPUTER OPERATIONS MANAGER","73441.00"
"CERTIFIED IT ADMINISTRATOR","130282.00"
"Executive Program Specialist","118738.00"
"IT PROJECT SPECIALIST","136256.00"
"COMPUTER SYSTEMS MANAGER","147867.00"
"IT PROJECT SPECIALIST","165200.00"
"COMPUTER OPERATIONS MANAGER","182164.00"
"IT PROJECT SPECIALIST","152313.00"
"COMPUTER SYSTEMS MANAGER","182641.00"
"COMPUTER SPECIALIST","115721.00"
"IT SECURITY SPECIALIST","171480.00"
"COMPUTER ASSOCIATE","102865.00"
"SUPERVISOR OF RADIO AND TELEVISION OPERATORS","90414.00"
"CALL CENTER REPRESENTATIVE","46885.00"
"CALL CENTER REPRESENTATIVE","39486.00"
"COMPUTER ASSOCIATE","70510.00"
"CALL CENTER REPRESENTATIVE","46885.00"
"COMPUTER ASSOCIATE","80492.00"
"CALL CENTER REPRESENTATIVE","46885.00"
"CERTIFIED IT ADMINISTRATOR","173102.00"
"CALL CENTER REPRESENTATIVE","39486.00"
"COMPUTER ASSOCIATE","96436.00"
"COMPUTER ASSOCIATE","68468.00"
"COMPUTER SPECIALIST","134949.00"
"COMPUTER ASSOCIATE","96436.00"
"COMPUTER SYSTEMS MANAGER","158666.00"
"COMPUTER ASSOCIATE","96436.00"
"CALL CENTER REPRESENTATIVE","40769.00"
"CALL CENTER REPRESENTATIVE","45155.00"
"ASSOCIATE STAFF ANALYST","91394.00"
"COMPUTER ASSOCIATE","102990.00"
"COMPUTER SYSTEMS MANAGER","158666.00"
"EXECUTIVE AGENCY COUNSEL","136658.00"
"CALL CENTER REPRESENTATIVE","43734.00"
"COMPUTER SYSTEMS MANAGER","141871.00"
"CALL CENTER REPRESENTATIVE","46885.00"
"CALL CENTER REPRESENTATIVE","46885.00"
"CYBER SECURITY ANALYST","114875.00"
"ADMINISTRATIVE BUSINESS PROMOTION COORDINATOR","162288.00"
"COMPUTER SPECIALIST","159151.00"
"COMPUTER SYSTEMS MANAGER","279487.00"
"COMPUTER OPERATIONS MANAGER","134824.00"
"COMPUTER SYSTEMS MANAGER","126515.00"
"COMPUTER ASSOCIATE","99444.00"
"COMPUTER SPECIALIST","143561.00"
"COMPUTER SPECIALIST","114407.00"
"COMPUTER SPECIALIST","143561.00"
"CALL CENTER REPRESENTATIVE","39486.00"
"ADMINISTRATIVE PROCUREMENT ANALYST-NON-MGRL","110672.00"
"COMPUTER SYSTEMS MANAGER","153439.00"
"COMPUTER SPECIALIST","153432.00"
"CERTIFIED IT ADMINISTRATOR","138476.00"
"COMPUTER SPECIALIST","123588.00"
"CALL CENTER REPRESENTATIVE","40769.00"
"CERTIFIED IT ADMINISTRATOR","136170.00"
"COMPUTER ASSOCIATE","93627.00"
"CERTIFIED IT DEVELOPER","150743.00"
"COMPUTER SPECIALIST","112351.00"
"COMPUTER SPECIALIST","159151.00"
"ADMINISTRATIVE BUSINESS PROMOTION COORDINATOR","163201.00"
"CALL CENTER REPRESENTATIVE","39486.00"
"COMPUTER ASSOCIATE","112351.00"
"COMPUTER SPECIALIST","124836.00"
"COMPUTER SYSTEMS MANAGER","163512.00"
"COMPUTER SYSTEMS MANAGER","149803.00"
"CERTIFIED IT ADMINISTRATOR","149553.00"
"COMPUTER SYSTEMS MANAGER","202373.00"
"COMPUTER SYSTEMS MANAGER","129440.00"
"COMPUTER OPERATIONS MANAGER","179542.00"
"COMPUTER SYSTEMS MANAGER","109518.00"
"COMPUTER PROGRAMMER ANALYST","96115.00"
"CITY RESEARCH SCIENTIST","133954.00"
"COMPUTER SPECIALIST","112351.00"
"COMPUTER SYSTEMS MANAGER","96179.00"
"COMPUTER OPERATIONS MANAGER","124836.00"
"RADIO AND TELEVISION OPERATOR","64176.00"
"IT SECURITY SPECIALIST","184114.00"
"COMPUTER SYSTEMS MANAGER","146058.00"
"COMPUTER SPECIALIST","112351.00"
"TELECOMMUNICATIONS ASSOCIATE","87386.00"
"CALL CENTER REPRESENTATIVE","46885.00"
"ASSOCIATE CALL CENTER REPRESENTATIVE-NON-SPVR","63296.00"
"COMPUTER SPECIALIST","134949.00"
"COMPUTER AIDE-NON-SPVR","54779.00"
"BUSINESS PROMOTION COORDINATOR","72851.00"
"CYBER SECURITY ANALYST","94281.00"
"ADMINISTRATIVE STAFF ANALYST","95051.00"
"COMPUTER OPERATIONS MANAGER","120907.00"
"COMPUTER ASSOCIATE","93627.00"
"ADMINISTRATIVE STAFF ANALYST","104556.00"
"COMPUTER SPECIALIST","112351.00"
"COMPUTER ASSOCIATE","78023.00"
"COMPUTER ASSOCIATE","89501.00"
"COMPUTER SPECIALIST","102865.00"
"ASSOCIATE STAFF ANALYST","91394.00"
"CERTIFIED IT ADMINISTRATOR","132327.00"
"COMPUTER SPECIALIST","148887.00"
"TELECOMMUNICATIONS MANAGER","104587.00"
"COMPUTER SYSTEMS MANAGER","109619.00"
"CALL CENTER REPRESENTATIVE","39486.00"
"COMPUTER SYSTEMS MANAGER","109518.00"
"COMPUTER SYSTEMS MANAGER","162288.00"
"CERTIFIED IT DEVELOPER","124836.00"
"COMPUTER SYSTEMS MANAGER","187253.00"
"SIGN LANGUAGE INTERPRETER","142072.00"
"ADMINISTRATIVE PROJECT MANAGER","199273.00"
"CALL CENTER REPRESENTATIVE","39486.00"
"TELECOMMUNICATIONS ASSOCIATE","98037.00"
"COMMUNITY COORDINATOR","96932.00"
"COMPUTER SPECIALIST","133318.00"
"IT PROJECT SPECIALIST","99869.00"
"COMPUTER SYSTEMS MANAGER","191122.00"
"COMPUTER SPECIALIST","131078.00"
"COMPUTER SPECIALIST","118593.00"
"STAFF ANALYST","80856.00"
"IT SECURITY SPECIALIST","129961.00"
"COMPUTER ASSOCIATE","128581.00"
"CALL CENTER REPRESENTATIVE","39486.00"
"CERTIFIED IT ADMINISTRATOR","132327.00"
"ADMINISTRATIVE STAFF ANALYST","109721.00"
"PRINCIPAL ADMINISTRATIVE ASSOCIATE -  NON SUPVR","64801.00"
"CALL CENTER REPRESENTATIVE","45155.00"
"AGENCY ATTORNEY","123508.00"
"COMPUTER SPECIALIST","112351.00"
"CERTIFIED IT ADMINISTRATOR","137320.00"
"COMPUTER ASSOCIATE","87386.00"
"RADIO AND TELEVISION OPERATOR","69518.00"
"COMPUTER SYSTEMS MANAGER","141576.00"
"QUALITY ASSURANCE SPECIALIST","64264.00"
"ADMINISTRATIVE PUBLIC INFORMATION SPECIALIST","231450.00"
"ASSOCIATE LABOR RELATIONS ANALYST","116880.00"
"COMPUTER SPECIALIST","137320.00"
"CALL CENTER REPRESENTATIVE","46885.00"
"COMPUTER SYSTEMS MANAGER","164783.00"
"COMPUTER SYSTEMS MANAGER","182948.00"
"CALL CENTER REPRESENTATIVE","45409.00"
"COMPUTER SYSTEMS MANAGER","172800.00"
"COMPUTER SYSTEMS MANAGER","214853.00"
"CALL CENTER REPRESENTATIVE","46885.00"
"COMMUNITY ASSOCIATE","51227.00"
"CALL CENTER REPRESENTATIVE","46885.00"
"COMMUNITY ASSOCIATE","51227.00"
"CERTIFIED IT ADMINISTRATOR","149803.00"
"CALL CENTER REPRESENTATIVE","40770.00"
"IT SECURITY SPECIALIST","191506.00"
"CERTIFIED IT ADMINISTRATOR","109518.00"
"COMPUTER ASSOCIATE","82996.00"
"STAFF ANALYST","69631.00"
"COMPUTER SYSTEMS MANAGER","192154.00"
"CERTIFIED IT ADMINISTRATOR","150395.00"
"COMMUNITY COORDINATOR","84619.00"
"CYBER SECURITY ANALYST","107085.00"
"CALL CENTER REPRESENTATIVE","46885.00"
"CALL CENTER REPRESENTATIVE","46885.00"
"COMMUNITY ASSOCIATE","63316.00"
"CALL CENTER REPRESENTATIVE","39486.00"
"COMPUTER ASSOCIATE","98037.00"
"RADIO AND TELEVISION OPERATOR","64125.00"
"TELECOMMUNICATION MANAGER","176946.00"
"CALL CENTER REPRESENTATIVE","46885.00"
"IT PROJECT SPECIALIST","110957.00"
"TELECOMMUNICATIONS ASSOCIATE","71253.00"
"COMPUTER SYSTEMS MANAGER","162136.00"
"TELECOMMUNICATIONS MANAGER","144550.00"
"CALL CENTER REPRESENTATIVE","46885.00"
"COMMUNITY COORDINATOR","95562.00"
"CYBER SECURITY ANALYST","79761.00"
"CYBER SECURITY ANALYST","98088.00"
"COMPUTER SPECIALIST","119882.00"
"IT PROJECT SPECIALIST","164800.00"
"IT SECURITY SPECIALIST","145261.00"
"COMPUTER SYSTEMS MANAGER","152986.00"
"COMPUTER OPERATIONS MANAGER","140746.00"
"CERTIFIED IT DEVELOPER","109518.00"
"COMPUTER SYSTEMS MANAGER","144300.00"
"CALL CENTER REPRESENTATIVE","39486.00"
"COMMUNITY COORDINATOR","84178.00"
"COMMUNITY ASSOCIATE","53340.00"
"COMMUNITY COORDINATOR","72298.00"
"IT SECURITY SPECIALIST","160648.00"
"CALL CENTER REPRESENTATIVE","46885.00"
"COMMUNITY ASSOCIATE","51227.00"
"COMMUNITY ASSOCIATE","51227.00"
"COMMUNITY ASSOCIATE","51227.00"
"COMPUTER SYSTEMS MANAGER","144550.00"
"CALL CENTER REPRESENTATIVE","45409.00"
"COMPUTER SPECIALIST","128509.00"
"CERTIFIED IT ADMINISTRATOR","128509.00"
"CERTIFIED IT ADMINISTRATOR","135233.00"
"COMPUTER SYSTEMS MANAGER","192184.00"
"COMPUTER ASSOCIATE","91792.00"
"COMPUTER OPERATIONS MANAGER","199273.00"
"TELECOMMUNICATION MANAGER","157838.00"
"COMPUTER ASSOCIATE","116270.00"
"CERTIFIED IT ADMINISTRATOR","152917.00"
"COMPUTER SPECIALIST","136270.00"
"COMPUTER SYSTEMS MANAGER","232124.00"
"CERTIFIED IT DEVELOPER","128509.00"
"CERTIFIED IT ADMINISTRATOR","119330.00"
"COMPUTER SYSTEMS MANAGER","131233.00"
"IT AUTOMATION AND MONITORING ENGINEER","155132.00"
"CALL CENTER REPRESENTATIVE","39486.00"
"COMPUTER SYSTEMS MANAGER","139388.00"
"COMPUTER SPECIALIST","136270.00"
"CITY RESEARCH SCIENTIST","114808.00"
"CERTIFIED IT ADMINISTRATOR","123208.00"
"COMPUTER ASSOCIATE","104031.00"
"ADMINISTRATIVE PUBLIC INFORMATION SPECIALIST NM FORMER M1/M2","125664.00"
"COMPUTER SYSTEMS MANAGER","143428.00"
"COMPUTER SPECIALIST","136270.00"
"COMPUTER SYSTEMS MANAGER","229237.00"
"COMPUTER SYSTEMS MANAGER","176946.00"
"COMPUTER SYSTEMS MANAGER","124137.00"
"COMPUTER SYSTEMS MANAGER","126214.00"
"Executive Program Specialist","115000.00"
"COMPUTER ASSOCIATE","116982.00"
"IT SECURITY SPECIALIST","208444.00"
"COMMUNITY ASSOCIATE","59807.00"
"CALL CENTER REPRESENTATIVE","46885.00"
"CYBER SECURITY ANALYST","84619.00"
"CALL CENTER REPRESENTATIVE","46885.00"
"CALL CENTER REPRESENTATIVE","46885.00"
"CALL CENTER REPRESENTATIVE","46885.00"
"CALL CENTER REPRESENTATIVE","46885.00"
"CALL CENTER REPRESENTATIVE","46885.00"
"COMPUTER SYSTEMS MANAGER","182164.00"
"CALL CENTER REPRESENTATIVE","45155.00"
"CALL CENTER REPRESENTATIVE","46885.00"
"TELECOMMUNICATION MANAGER","205990.00"
"COMPUTER ASSOCIATE","124919.00"
"TELECOMMUNICATIONS ASSOCIATE","92925.00"
"TELECOMMUNICATIONS ASSOCIATE","95756.00"
"CALL CENTER REPRESENTATIVE","43734.00"
"CALL CENTER REPRESENTATIVE","43734.00"
"CALL CENTER REPRESENTATIVE","46885.00"
"CALL CENTER REPRESENTATIVE","46885.00"
"COMMUNITY ASSOCIATE","51227.00"
"STAFF ANALYST","77703.00"
"TELECOMMUNICATIONS ASSOCIATE","89772.00"
"TELECOMMUNICATIONS ASSOCIATE","65833.00"
"CYBER SECURITY ANALYST","107028.00"
"COMPUTER SPECIALIST","119696.00"
"CERTIFIED IT ADMINISTRATOR","122304.00"
"CERTIFIED IT ADMINISTRATOR","155605.00"
"TELECOMMUNICATIONS ASSOCIATE","89772.00"
"TELECOMMUNICATION MANAGER","233855.00"
"IT PROJECT SPECIALIST","95481.00"
"CYBER SECURITY ANALYST","89772.00"
"CALL CENTER REPRESENTATIVE","39486.00"
"IT SECURITY SPECIALIST","169693.00"
"COMPUTER OPERATIONS MANAGER","183785.00"
"ADMINISTRATIVE BUSINESS PROMOTION COORDINATOR","149342.00"
"COMPUTER OPERATIONS MANAGER","179181.00"
"CLERICAL ASSOCIATE MOST MAYORAL AG","58828.00"
"CALL CENTER REPRESENTATIVE","46885.00"
"TELECOMMUNICATIONS MANAGER","105211.00"
"CERTIFIED IT ADMINISTRATOR","123208.00"
"COMPUTER OPERATIONS MANAGER","110354.00"
"IT PROJECT SPECIALIST","107725.00"
"Executive Program Specialist","107212.00"
"CALL CENTER REPRESENTATIVE","40770.00"
"PRINCIPAL ADMINISTRATIVE ASSOCIATE -  NON SUPVR","61376.00"
"AGENCY ATTORNEY","95450.00"
"COMMUNITY ASSOCIATE","56351.00"
"IT SECURITY SPECIALIST","209176.00"
"CERTIFIED IT ADMINISTRATOR","153980.00"
"ASSOCIATE CALL CENTER REPRESENTATIVE-NON-SPVR","63296.00"
"CALL CENTER REPRESENTATIVE","42460.00"
"PRINCIPAL ADMINISTRATIVE ASSOCIATE -  NON SUPVR","65371.00"
"COMPUTER SPECIALIST","137650.00"
"IT PROJECT SPECIALIST","119696.00"
"COMMUNITY COORDINATOR","89772.00"
"CALL CENTER REPRESENTATIVE","40770.00"
"CERTIFIED IT ADMINISTRATOR","161894.00"
"CERTIFIED IT ADMINISTRATOR","131664.00"
"COMPUTER AIDE-NON-SPVR","60097.00"
"CALL CENTER REPRESENTATIVE","46885.00"
"TELECOMMUNICATIONS ASSOCIATE","65833.00"
"TELECOMMUNICATIONS ASSOCIATE","86964.00"
"COMPUTER SPECIALIST","142604.00"
"COMPUTER SPECIALIST","150707.00"
"CALL CENTER REPRESENTATIVE","46885.00"
"CLERICAL ASSOCIATE MOST MAYORAL AG","56201.00"
"CALL CENTER REPRESENTATIVE","46885.00"
"COMMUNITY ASSOCIATE","59807.00"
"CALL CENTER REPRESENTATIVE","46885.00"
"CALL CENTER REPRESENTATIVE","46885.00"
"IT SECURITY SPECIALIST","152313.00"
"IT SECURITY SPECIALIST","161589.00"
"CALL CENTER REPRESENTATIVE","40769.00"
"CLERICAL ASSOCIATE MOST MAYORAL AG","64705.00"
"IT PROJECT SPECIALIST","101740.00"
"COMPUTER SPECIALIST","146067.00"
"CERTIFIED IT ADMINISTRATOR","131664.00"
"CALL CENTER REPRESENTATIVE","46885.00"
"CALL CENTER REPRESENTATIVE","46885.00"
"CALL CENTER REPRESENTATIVE","46885.00"
"SENIOR IT ARCHITECT","202807.00"
"CYBER SECURITY ANALYST","107377.00"
"IT PROJECT SPECIALIST","124919.00"
"CALL CENTER REPRESENTATIVE","40769.00"
"COMPUTER SYSTEMS MANAGER","199690.00"
"STRATEGIC INITIATIVE SPECIALIST","95265.00"
"TELECOMMUNICATIONS MANAGER","109664.00"
"CYBER SECURITY ANALYST","127027.00"
"TELECOMMUNICATIONS ASSOCIATE","127027.00"
"COMPUTER ASSOCIATE","66458.00"
"CALL CENTER REPRESENTATIVE","46885.00"
"SENIOR IT ARCHITECT","209467.00"
"CYBER SECURITY ANALYST","84103.00"
"COMPUTER SPECIALIST","131664.00"
"COMPUTER SYSTEMS MANAGER","149620.00"
"Executive Program Specialist","165200.00"
"CERTIFIED IT ADMINISTRATOR","131664.00"
"COMPUTER SPECIALIST","115721.00"
"SENIOR IT ARCHITECT","209467.00"
"CYBER SECURITY ANALYST","80000.00"
"TELECOMMUNICATIONS ASSOCIATE","58327.00"
"COMPUTER ASSOCIATE","66458.00"
"COMPUTER SPECIALIST","136648.00"
"CYBER SECURITY ANALYST","107377.00"
"SENIOR IT ARCHITECT","209467.00"
"CALL CENTER REPRESENTATIVE","46885.00"
"CALL CENTER REPRESENTATIVE","46885.00"
"CALL CENTER REPRESENTATIVE","39486.00"
"Executive Program Specialist","107212.00"
"COMPUTER SYSTEMS MANAGER","130267.00"
"COMMUNITY COORDINATOR","87157.00"
"COMPUTER SYSTEMS MANAGER","148756.00"
"EXECUTIVE AGENCY COUNSEL","179723.00"
"CERTIFIED IT ADMINISTRATOR","153910.00"
"CERTIFIED IT ADMINISTRATOR","131639.00"
"COMPUTER SYSTEMS MANAGER","179616.00"
"CERTIFIED IT ADMINISTRATOR","147837.00"
"COMMUNITY ASSOCIATE","63915.00"
"CALL CENTER REPRESENTATIVE","46885.00"
"CALL CENTER REPRESENTATIVE","46885.00"
"CALL CENTER REPRESENTATIVE","46885.00"
"COMPUTER SYSTEMS MANAGER","142072.00"
"IT PROJECT SPECIALIST","147004.00"
"COMPUTER SYSTEMS MANAGER","168503.00"
"CYBER SECURITY ANALYST","91893.00"
"CERTIFIED IT ADMINISTRATOR","172085.00"
"COMPUTER SPECIALIST","123778.00"
"CERTIFIED IT ADMINISTRATOR","164780.00"
"TELECOMMUNICATION MANAGER","154875.00"
"CYBER SECURITY ANALYST","93341.00"
"ASSOCIATE LABOR RELATIONS ANALYST","106512.00"
"CYBER SECURITY ANALYST","92595.00"
"CYBER SECURITY ANALYST","93961.00"
"CALL CENTER REPRESENTATIVE","46885.00"
"IT PROJECT SPECIALIST","105173.00"
"CALL CENTER REPRESENTATIVE","45409.00"
"CLERICAL ASSOCIATE MOST MAYORAL AG","57456.00"
"COMMUNITY COORDINATOR","74443.00"
"AGENCY ATTORNEY","106348.00"
"COMPUTER ASSOCIATE","77401.00"
"COMPUTER ASSOCIATE","93798.00"
"COMPUTER SYSTEMS MANAGER","175611.00"
"CALL CENTER REPRESENTATIVE","45155.00"
"CALL CENTER REPRESENTATIVE","45155.00"
"TELECOMMUNICATION MANAGER","162997.00"
"COMPUTER SYSTEMS MANAGER","148981.00"
"COMPUTER SYSTEMS MANAGER","161589.00"
"COMPUTER SYSTEMS MANAGER","171133.00"
"GRAPHIC ARTIST","60958.00"
"COMPUTER SPECIALIST","109544.00"
"ASSOCIATE CALL CENTER REPRESENTATIVE-NON-SPVR","63296.00"
"CALL CENTER REPRESENTATIVE","46885.00"
"ASSOCIATE CALL CENTER REPRESENTATIVE-NON-SPVR","63296.00"
"CALL CENTER REPRESENTATIVE","46885.00"
"CERTIFIED IT ADMINISTRATOR","114696.00"
"COMPUTER SYSTEMS MANAGER","134627.00"
"ADMINISTRATIVE STAFF ANALYST","158717.00"
"COMPUTER SYSTEMS MANAGER","140945.00"
"CALL CENTER REPRESENTATIVE","40769.00"
"CALL CENTER REPRESENTATIVE","46911.00"
"ADMINISTRATIVE BUSINESS PROMOTION COORDINATOR","164651.00"
"TELECOMMUNICATIONS MANAGER","138252.00"
"BUSINESS PROMOTION COORDINATOR","75606.00"
"CERTIFIED IT ADMINISTRATOR","109544.00"
"COMPUTER SYSTEMS MANAGER","151608.00"
"COMPUTER SPECIALIST","109544.00"
"CALL CENTER REPRESENTATIVE","46911.00"
"COMPUTER SYSTEMS MANAGER","182714.00"
"COMMUNITY ASSOCIATE","74089.00"
"ADMINISTRATIVE STAFF ANALYST","129005.00"
"ADM MANAGER-NON-MGRL","128584.00"
"ADM MANAGER-NON-MGRL","103992.00"
"COMPUTER SYSTEMS MANAGER","209286.00"
"COMPUTER SYSTEMS MANAGER","102614.00"
"COMPUTER SPECIALIST","122089.00"
"CALL CENTER REPRESENTATIVE","39486.00"
"CALL CENTER REPRESENTATIVE","39486.00"
"TELECOMMUNICATION MANAGER","195642.00"
"CALL CENTER REPRESENTATIVE","39486.00"
"ADMINISTRATIVE STAFF ANALYST","133816.00"
"SENIOR IT ARCHITECT","189824.00"
"PRINCIPAL ADMINISTRATIVE ASSOCIATE -  NON SUPVR","87194.00"
"ADMINISTRATIVE STAFF ANALYST","149279.00"
"EXECUTIVE AGENCY COUNSEL","184702.00"
"COMPUTER ASSOCIATE","73450.00"
"CERTIFIED IT DEVELOPER","141931.00"
"COMPUTER SYSTEMS MANAGER","114670.00"
"COMPUTER SPECIALIST","114641.00"
"CERTIFIED IT ADMINISTRATOR","129031.00"
"COMPUTER SYSTEMS MANAGER","181876.00"
"INSPECTOR","67055.00"
"IT SECURITY SPECIALIST","161907.00"
"DIRECTOR OF TELEVISION","66650.00"
"COMPUTER SYSTEMS MANAGER","121839.00"
"PRINCIPAL ADMINISTRATIVE ASSOCIATE -  NON SUPVR","91603.00"
"PRINCIPAL ADMINISTRATIVE ASSOCIATE -  NON SUPVR","83472.00"
"ADM MANAGER-NON-MGRL","99574.00"
"CYBER SECURITY ANALYST","80619.00"
"CERTIFIED IT DEVELOPER","162743.00"
"CERTIFIED IT DEVELOPER","141672.00"
"TELECOMMUNICATIONS ASSOCIATE","97159.00"
"COMPUTER SYSTEMS MANAGER","186765.00"
"COMPUTER SYSTEMS MANAGER","140127.00"
"COMPUTER SYSTEMS MANAGER","178137.00"
"COMPUTER SYSTEMS MANAGER","179155.00"
"IT PROJECT SPECIALIST","92535.00"
"CERTIFIED IT ADMINISTRATOR","173499.00"
"ADM MANAGER-NON-MGRL","118280.00"
"ADMINISTRATIVE MANAGEMENT AUDITOR","143569.00"
"COMPUTER SYSTEMS MANAGER","182754.00"
"CALL CENTER REPRESENTATIVE","46936.00"
"PRINCIPAL ADMINISTRATIVE ASSOCIATE -  NON SUPVR","82322.00"
"COMPUTER SYSTEMS MANAGER","111804.00"
"COMPUTER SYSTEMS MANAGER","230361.00"
"CERTIFIED IT ADMINISTRATOR","168710.00"
"ADMINISTRATIVE STAFF ANALYST","163734.00"
"ASSOCIATE CALL CENTER REPRESENTATIVE-NON-SPVR","63326.00"
"CALL CENTER REPRESENTATIVE","46885.00"
"ADM MANAGER-NON-MGRL","89207.00"
"IT PROJECT SPECIALIST","122300.00"
"COMPUTER SYSTEMS MANAGER","182754.00"
"COMPUTER SYSTEMS MANAGER","181783.00"
"COMPUTER ASSOCIATE","90166.00"
"EXECUTIVE AGENCY COUNSEL","263872.00"
"COMPUTER SYSTEMS MANAGER","188144.00"
"COMPUTER SYSTEMS MANAGER","160000.00"
"COMPUTER ASSOCIATE","87113.00"
"COMPUTER SYSTEMS MANAGER","205468.00"
"ADM MANAGER-NON-MGRL","155637.00"
"COMPUTER SYSTEMS MANAGER","136748.00"
"CERTIFIED IT ADMINISTRATOR","141732.00"
"ASSOCIATE CALL CENTER REPRESENTATIVE-NON-SPVR","101644.00"
"ADM MANAGER-NON-MGRL","152188.00"
"ADMINISTRATIVE PUBLIC INFORMATION SPECIALIST NM FORMER M1/M2","131552.00"
"ADMINISTRATIVE BUSINESS PROMOTION COORDINATOR","153844.00"
"COMPUTER SYSTEMS MANAGER","142801.00"
"EXECUTIVE AGENCY COUNSEL","276349.00"
"COMPUTER SYSTEMS MANAGER","108662.00"
"PRINCIPAL ADMINISTRATIVE ASSOCIATE -  NON SUPVR","78195.00"
"ADMINISTRATIVE STAFF ANALYST","228057.00"
"CALL CENTER REPRESENTATIVE","43734.00"
"COMPUTER SPECIALIST","109569.00"
"SUPERVISOR OF RADIO AND TELEVISION OPERATORS","96417.00"
"EXECUTIVE AGENCY COUNSEL","172876.00"
"CALL CENTER REPRESENTATIVE","46936.00"
"TELECOMMUNICATIONS ASSOCIATE","89374.00"
"CALL CENTER REPRESENTATIVE","46911.00"
"CERTIFIED IT ADMINISTRATOR","173524.00"
"CERTIFIED IT ADMINISTRATOR","148708.00"
"CERTIFIED IT ADMINISTRATOR","113347.00"
"ASSOCIATE CALL CENTER REPRESENTATIVE-NON-SPVR","69691.00"
"COMPUTER SYSTEMS MANAGER","131664.00"
"CERTIFIED IT ADMINISTRATOR","109595.00"
"ADMINISTRATIVE STAFF ANALYST","152575.00"
"IT PROJECT SPECIALIST","131446.00"
"COMPUTER SYSTEMS MANAGER","217624.00"
"TELECOMMUNICATIONS ASSOCIATE","101081.00"
"IT SECURITY SPECIALIST","185934.00"
"CALL CENTER REPRESENTATIVE","46885.00"
"IT INFRASTRUCTURE ENGINEER","89613.00"
"COMPUTER SYSTEMS MANAGER","261344.00"
"COMPUTER SPECIALIST","140536.00"
"ADMINISTRATIVE STAFF ANALYST","195901.00"
"COMPUTER SYSTEMS MANAGER","147222.00"
"CALL CENTER REPRESENTATIVE","46885.00"
"CALL CENTER REPRESENTATIVE","46885.00"
"BUSINESS PROMOTION COORDINATOR","85726.00"
"COMPUTER SYSTEMS MANAGER","132777.00"
"COMPUTER SPECIALIST","147362.00"
"COMPUTER SYSTEMS MANAGER","148898.00"
"CERTIFIED IT ADMINISTRATOR","172524.00"
"ADM MANAGER-NON-MGRL","89275.00"
"ADM MANAGER-NON-MGRL","89275.00"
"COMMUNITY COORDINATOR","88268.00"
"COMPUTER SYSTEMS MANAGER","146293.00"
"ADMINISTRATIVE STAFF ANALYST","129282.00"
"CERTIFIED IT ADMINISTRATOR","115797.00"
"TELECOMMUNICATIONS ASSOCIATE","93284.00"
"COMPUTER SYSTEMS MANAGER","159099.00"
"CALL CENTER REPRESENTATIVE","39486.00"
"COMPUTER SYSTEMS MANAGER","121342.00"
"ADMINISTRATIVE PROJECT MANAGER","278835.00"
"COMPUTER SPECIALIST","102405.00"
"CALL CENTER REPRESENTATIVE","46885.00"
"ASSOCIATE CALL CENTER REPRESENTATIVE-NON-SPVR","63296.00"
"ADMINISTRATIVE COMMUNITY RELATIONS SPECIALIST","279487.00"
"COMPUTER SYSTEMS MANAGER","161535.00"
"COMPUTER SYSTEMS MANAGER","170882.00"
"ADMINISTRATIVE STAFF ANALYST","98903.00"
"ADMINISTRATIVE STAFF ANALYST","116337.00"
"COMPUTER ASSOCIATE","79656.00"
"CALL CENTER REPRESENTATIVE","46885.00"
"ADM MANAGER-NON-MGRL","85935.00"
"CALL CENTER REPRESENTATIVE","46885.00"
"COMPUTER SYSTEMS MANAGER","188959.00"
"CALL CENTER REPRESENTATIVE","39486.00"
"COMPUTER SYSTEMS MANAGER","156603.00"
"COMPUTER SYSTEMS MANAGER","174726.00"
"CERTIFIED IT ADMINISTRATOR","161376.00"
"CERTIFIED IT ADMINISTRATOR","151030.00"
"CALL CENTER REPRESENTATIVE","46987.00"
"ASSOCIATE STAFF ANALYST","91394.00"
"CERTIFIED IT ADMINISTRATOR","136186.00"
"COMPUTER SYSTEMS MANAGER","176919.00"
"SUPERVISOR OF RADIO AND TELEVISION OPERATORS","106051.00"
"TELECOMMUNICATION MANAGER","188948.00"
"COMPUTER SYSTEMS MANAGER","123695.00"
"CERTIFIED IT ADMINISTRATOR","157228.00"
"COMPUTER OPERATIONS MANAGER","220639.00"
"ADM MANAGER-NON-MGRL","96818.00"
"ASSOCIATE CALL CENTER REPRESENTATIVE-NON-SPVR","82385.00"
"COMPUTER ASSOCIATE","66458.00"
"ADMINISTRATIVE COMMUNITY RELATIONS SPECIALIST","160266.00"
"COMPUTER SYSTEMS MANAGER","185850.00"
"RADIO AND TELEVISION OPERATOR","67382.00"
"COMPUTER SYSTEMS MANAGER","135159.00"
"BUSINESS PROMOTION COORDINATOR","72837.00"
"COMPUTER SYSTEMS MANAGER","109852.00"
"TELECOMMUNICATIONS ASSOCIATE","79180.00"
"COMPUTER ASSOCIATE","122789.00"
"ASSOCIATE QUALITY ASSURANCE SPECIALIST","87418.00"
"ADM MANAGER-NON-MGRL","89310.00"
"COMPUTER SYSTEMS MANAGER","169663.00"
"RADIO AND TELEVISION OPERATOR","64967.00"
"RADIO AND TELEVISION OPERATOR","64967.00"
"CALL CENTER REPRESENTATIVE","45409.00"
"CLERICAL ASSOCIATE MOST MAYORAL AG","47174.00"
"CERTIFIED IT ADMINISTRATOR","165292.00"
"CALL CENTER REPRESENTATIVE","39486.00"
"ADM MANAGER-NON-MGRL","109154.00"
"ASSOCIATE CALL CENTER REPRESENTATIVE-NON-SPVR","82292.00"
"CALL CENTER REPRESENTATIVE","39486.00"
"CALL CENTER REPRESENTATIVE","46885.00"
"CALL CENTER REPRESENTATIVE","39486.00"
"CALL CENTER REPRESENTATIVE","39486.00"
"CALL CENTER REPRESENTATIVE","45155.00"
"TELECOMMUNICATIONS ASSOCIATE","98777.00"
"CALL CENTER REPRESENTATIVE","46885.00"
"ASSOCIATE CALL CENTER REPRESENTATIVE-NON-SPVR","82292.00"
"COMPUTER SYSTEMS MANAGER","167623.00"
"COMPUTER ASSOCIATE","66458.00"
"CALL CENTER REPRESENTATIVE","46885.00"
"EXECUTIVE AGENCY COUNSEL","185470.00"
"CALL CENTER REPRESENTATIVE","46885.00"
"CERTIFIED IT ADMINISTRATOR","112351.00"
"ASSOCIATE CALL CENTER REPRESENTATIVE-NON-SPVR","63296.00"
"ADM MANAGER-NON-MGRL","101140.00"
"IT SECURITY SPECIALIST","127617.00"
"ADM MANAGER-NON-MGRL","89310.00"
"CLERICAL ASSOCIATE MOST MAYORAL AG","56201.00"
"ADMINISTRATIVE STAFF ANALYST","226001.00"
"COMPUTER ASSOCIATE","73434.00"
"ADMINISTRATIVE STAFF ANALYST","230361.00"
"ASSOCIATE CALL CENTER REPRESENTATIVE-NON-SPVR","63296.00"
"CALL CENTER REPRESENTATIVE","46885.00"
"CALL CENTER REPRESENTATIVE","45155.00"
"CALL CENTER REPRESENTATIVE","46885.00"
"ASSOCIATE CALL CENTER REPRESENTATIVE-NON-SPVR","82322.00"
"CALL CENTER REPRESENTATIVE","39486.00"
"PRINCIPAL ADMINISTRATIVE ASSOCIATE -  NON SUPVR","84784.00"
"COMPUTER SYSTEMS MANAGER","186427.00"
"CALL CENTER REPRESENTATIVE","46885.00"
"COMPUTER SYSTEMS MANAGER","149620.00"
"ADMINISTRATIVE PROCUREMENT ANALYST-NON-MGRL","154930.00"
"COMMISSIONER OF DEPT OF INFO TECHNOLOGY & TELECOMMUNICATIONS","291821.00"
"CALL CENTER REPRESENTATIVE","46987.00"
"PRINCIPAL ADMINISTRATIVE ASSOCIATE -  NON SUPVR","100958.00"
"ADMINISTRATIVE STAFF ANALYST","141343.00"
"CERTIFIED IT ADMINISTRATOR","141540.00"
"ADMINISTRATIVE STAFF ANALYST","156485.00"
"PRINCIPAL ADMINISTRATIVE ASSOCIATE -  NON SUPVR","88208.00"
"ADM MANAGER-NON-MGRL","160503.00"
"RADIO AND TELEVISION OPERATOR","76363.00"
"COMPUTER SYSTEMS MANAGER","187844.00"
"ASSOCIATE CALL CENTER REPRESENTATIVE-NON-SPVR","82418.00"
"COMPUTER SYSTEMS MANAGER","159019.00"
"CYBER SECURITY ANALYST","84619.00"
"ASSOCIATE CALL CENTER REPRESENTATIVE-NON-SPVR","63421.00"
"ADM MANAGER-NON-MGRL","89137.00"
"TELECOMMUNICATIONS ASSOCIATE","85173.00"
"CALL CENTER REPRESENTATIVE","47014.00"
"CLERICAL ASSOCIATE MOST MAYORAL AG","58780.00"
"ASSOCIATE CALL CENTER REPRESENTATIVE-NON-SPVR","82353.00"
"ADM MANAGER-NON-MGRL","94264.00"
"BUSINESS PROMOTION COORDINATOR","87364.00"
"COMPUTER SPECIALIST","125048.00"
"COMPUTER ASSOCIATE","93344.00"
"TELECOMMUNICATIONS ASSOCIATE","82074.00"
"COMPUTER SPECIALIST","134627.00"
"CERTIFIED IT ADMINISTRATOR","156959.00"
"ADM MANAGER-NON-MGRL","87487.00"
"ADM MANAGER-NON-MGRL","132767.00"
"ASSOCIATE STAFF ANALYST","91538.00"
"ADM MANAGER-NON-MGRL","94580.00"
"ADM MANAGER-NON-MGRL","94493.00"
"COMPUTER OPERATIONS MANAGER","148166.00"
"COMPUTER SYSTEMS MANAGER","189875.00"
"ADMINISTRATIVE STAFF ANALYST","134494.00"
"CALL CENTER REPRESENTATIVE","46885.00"
"ADM MANAGER-NON-MGRL","108476.00"
"COMPUTER SYSTEMS MANAGER","186521.00"
"RADIO AND TELEVISION OPERATOR","78948.00"
"COMPUTER SYSTEMS MANAGER","115394.00"
"ADM MANAGER-NON-MGRL","89310.00"
"COMPUTER OPERATIONS MANAGER","194371.00"
"CALL CENTER REPRESENTATIVE","45409.00"
"COMPUTER SYSTEMS MANAGER","139864.00"
"COMPUTER SYSTEMS MANAGER","151256.00"
"ADM MANAGER-NON-MGRL","92686.00"
"*CERTIFIED LOCAL AREA NETWORK ADMINISTRATOR","114311.00"
"CALL CENTER REPRESENTATIVE","39486.00"
"COMPUTER SPECIALIST","149721.00"
"ADMINISTRATIVE STAFF ANALYST","114933.00"
"ASSOCIATE STAFF ANALYST","92329.00"
"COMPUTER ASSOCIATE","85592.00"
"CERTIFIED IT ADMINISTRATOR","109622.00"
"CERTIFIED IT ADMINISTRATOR","127668.00"
"TELECOMMUNICATIONS ASSOCIATE","101753.00"
"CERTIFIED IT ADMINISTRATOR","109650.00"
"SECRETARY OF COMMISSIONER","74453.00"
"COMPUTER SYSTEMS MANAGER","190573.00"
"TELECOMMUNICATIONS ASSOCIATE","94053.00"
"TELECOMMUNICATIONS ASSOCIATE","87094.00"
"TELECOMMUNICATIONS ASSOCIATE","84327.00"
"CALL CENTER REPRESENTATIVE","39486.00"
"COMPUTER ASSOCIATE","73036.00"
"COMPUTER SYSTEMS MANAGER","267806.00"
"COMPUTER SYSTEMS MANAGER","188364.00"
"COMPUTER SYSTEMS MANAGER","149300.00"
"COMPUTER SYSTEMS MANAGER","125242.00"
"TELECOMMUNICATIONS ASSOCIATE","101753.00"
"COMPUTER SYSTEMS MANAGER","165595.00"
"COMMUNITY ASSOCIATE","58621.00"
"CERTIFIED IT ADMINISTRATOR","149871.00"
"COMPUTER SYSTEMS MANAGER","255538.00"
"CERTIFIED IT ADMINISTRATOR","139984.00"
"COMMUNITY COORDINATOR","80106.00"
"COMPUTER SPECIALIST","109650.00"
"ADM MANAGER-NON-MGRL","96850.00"
"COMPUTER SPECIALIST","142756.00"
"COMPUTER SYSTEMS MANAGER","182621.00"
"COMPUTER SYSTEMS MANAGER","190227.00"
"CALL CENTER REPRESENTATIVE","48760.00"
"COMPUTER SYSTEMS MANAGER","167359.00"
"COMPUTER SYSTEMS MANAGER","158962.00"
"COMPUTER ASSOCIATE","89131.00"
"CALL CENTER REPRESENTATIVE","48760.00"
"CERTIFIED IT ADMINISTRATOR","143467.00"
"CALL CENTER REPRESENTATIVE","40769.00"
"COMPUTER SYSTEMS MANAGER","153596.00"
"ASSOCIATE CALL CENTER REPRESENTATIVE-NON-SPVR","82385.00"
"ADMINISTRATIVE STAFF ANALYST","95386.00"
"ADM MANAGER-NON-MGRL","118100.00"
"DEPUTY COMMISSIONER OF IT","274386.00"
"COMPUTER SYSTEMS MANAGER","179948.00"
"COMPUTER OPERATIONS MANAGER","216825.00"
"COMPUTER ASSOCIATE","101614.00"
"COMPUTER ASSOCIATE","68519.00"
"SUPERVISOR OF RADIO AND TELEVISION OPERATORS","89554.00"
"CALL CENTER REPRESENTATIVE","46987.00"
"COMPUTER SYSTEMS MANAGER","151345.00"
"RADIO AND TELEVISION OPERATOR","69326.00"
"TELECOMMUNICATION MANAGER","140832.00"
"CERTIFIED IT ADMINISTRATOR","127830.00"
"TELECOMMUNICATION MANAGER","168026.00"
"COMPUTER SYSTEMS MANAGER","180976.00"
"COMMUNITY COORDINATOR","80776.00"
"COMPUTER SYSTEMS MANAGER","206578.00"
"ADM MANAGER-NON-MGRL","94580.00"
"ADMINISTRATIVE STAFF ANALYST","163994.00"
"PRINCIPAL ADMINISTRATIVE ASSOCIATE -  NON SUPVR","61437.00"
"ADM MANAGER-NON-MGRL","110522.00"
"ASSOCIATE CALL CENTER REPRESENTATIVE-NON-SPVR","63479.00"
"ADM MANAGER-NON-MGRL","94481.00"
"ASSOCIATE CALL CENTER REPRESENTATIVE-NON-SPVR","63455.00"
"DEPUTY COMMISSIONER","158391.00"
"CALL CENTER REPRESENTATIVE","47042.00"
"COMPUTER SYSTEMS MANAGER","149528.00"
"ADMINISTRATIVE PROCUREMENT ANALYST-NON-MGRL","128074.00"
"COMPUTER SYSTEMS MANAGER","174482.00"
"CALL CENTER REPRESENTATIVE","46885.00"
"PRINCIPAL ADMINISTRATIVE ASSOCIATE -  NON SUPVR","65047.00"
"ADM MANAGER-NON-MGRL","92051.00"
"ADMINISTRATIVE MANAGER","230060.00"
"CALL CENTER REPRESENTATIVE","39486.00"
"CALL CENTER REPRESENTATIVE","47962.00"
"ADM MANAGER-NON-MGRL","89374.00"
"ADMINISTRATIVE PROCUREMENT ANALYST-NON-MGRL","130445.00"
"CALL CENTER REPRESENTATIVE","39486.00"
"EXECUTIVE AGENCY COUNSEL","230459.00"
"CALL CENTER REPRESENTATIVE","45409.00"
"CALL CENTER REPRESENTATIVE","39486.00"
"TELECOMMUNICATIONS ASSOCIATE","78187.00"
"ADMINISTRATIVE PROCUREMENT ANALYST-NON-MGRL","148395.00"
"COMPUTER SYSTEMS MANAGER","146475.00"
"COMPUTER SYSTEMS MANAGER","133313.00"
"ADM MANAGER-NON-MGRL","89275.00"
"ADMINISTRATIVE ACCOUNTANT","107278.00"
"GRAPHIC ARTIST","112562.00"
"ASSOCIATE CALL CENTER REPRESENTATIVE-NON-SPVR","63502.00"
"ASSOCIATE CALL CENTER REPRESENTATIVE-NON-SPVR","96190.00"
"CERTIFIED IT DEVELOPER","162913.00"
"COMPUTER SYSTEMS MANAGER","186207.00"
"RADIO AND TELEVISION OPERATOR","74662.00"
"ASSOCIATE CALL CENTER REPRESENTATIVE-NON-SPVR","63296.00"
"COMPUTER SYSTEMS MANAGER","131664.00"
"CALL CENTER REPRESENTATIVE","46885.00"
"ADM MANAGER-NON-MGRL","105835.00"
"COMPUTER SPECIALIST","132349.00"
"COMPUTER SPECIALIST","120475.00"
"CLERICAL ASSOCIATE MOST MAYORAL AG","71085.00"
"CERTIFIED IT ADMINISTRATOR","151202.00"
"COMPUTER SYSTEMS MANAGER","142221.00"
"ADMINISTRATIVE LABOR RELATIONS ANALYST","229719.00"
"CALL CENTER REPRESENTATIVE","40770.00"
"PRINCIPAL ADMINISTRATIVE ASSOCIATE -  NON SUPVR","74494.00"
"CERTIFIED IT ADMINISTRATOR","171204.00"
"CALL CENTER REPRESENTATIVE","39486.00"
"IT PROJECT SPECIALIST","164549.00"
"COMPUTER OPERATIONS MANAGER","168460.00"
"CERTIFIED IT ADMINISTRATOR","142498.00"
"COMPUTER SYSTEMS MANAGER","210409.00"
"CERTIFIED IT ADMINISTRATOR","150738.00"
"STAFF ANALYST","69774.00"
"IT PROJECT SPECIALIST","109522.00"
"ADM MANAGER-NON-MGRL","94900.00"
"COMPUTER ASSOCIATE","98602.00"
"CALL CENTER REPRESENTATIVE","47065.00"
"COMPUTER SYSTEMS MANAGER","212855.00"
"COMPUTER SYSTEMS MANAGER","151565.00"
"COMPUTER SPECIALIST","131794.00"
"CERTIFIED IT ADMINISTRATOR","151143.00"
"COMPUTER ASSOCIATE","66458.00"
"ADM MANAGER-NON-MGRL","131435.00"
"CALL CENTER REPRESENTATIVE","51426.00"
"COMPUTER SPECIALIST","131664.00"
"ADMINISTRATIVE PUBLIC INFORMATION SPECIALIST","97486.00"
"COMPUTER ASSOCIATE","100780.00"
"ADM MANAGER-NON-MGRL","134155.00"
"EXECUTIVE AGENCY COUNSEL","159521.00"
"COMPUTER SPECIALIST","150341.00"
"CERTIFIED IT ADMINISTRATOR","151202.00"
"RADIO AND TELEVISION OPERATOR","72120.00"
"ADMINISTRATIVE STAFF ANALYST","108085.00"
"COMPUTER ASSOCIATE","99281.00"
"ADMIN COMMUNITY RELATIONS SPECIALIST","105383.00"
"BUSINESS PROMOTION COORDINATOR","111575.00"
"COMPUTER SYSTEMS MANAGER","133660.00"
"COMPUTER SYSTEMS MANAGER","114090.00"
"COMPUTER SYSTEMS MANAGER","211541.00"
"ADMINISTRATIVE STAFF ANALYST","177250.00"
"COMPUTER SPECIALIST","157751.00"
"IT PROJECT SPECIALIST","146522.00"
"CERTIFIED IT ADMINISTRATOR","132385.00"
"COMMUNITY COORDINATOR","82352.00"
"COMMUNITY COORDINATOR","77049.00"
"COMPUTER SPECIALIST","126884.00"
"COMPUTER SPECIALIST","103093.00"
"BUSINESS PROMOTION COORDINATOR","89681.00"
"CERTIFIED IT ADMINISTRATOR","142339.00"
"COMPUTER SYSTEMS MANAGER","186291.00"
"ADM MANAGER-NON-MGRL","89484.00"
"CALL CENTER REPRESENTATIVE","46885.00"
"TELECOMMUNICATIONS ASSOCIATE","115821.00"
"ADM MANAGER-NON-MGRL","97721.00"
"ASSOCIATE CALL CENTER REPRESENTATIVE-NON-SPVR","86677.00"
"COMPUTER SYSTEMS MANAGER","136273.00"
"CERTIFIED IT ADMINISTRATOR","161915.00"
"ADMINISTRATIVE STAFF ANALYST","155997.00"
"COMPUTER AIDE-NON-SPVR","53130.00"
"COMPUTER SPECIALIST","126101.00"
"COMPUTER SPECIALIST","109792.00"
"COMPUTER SPECIALIST","123437.00"
"TELECOMMUNICATIONS ASSOCIATE","71168.00"
"CALL CENTER REPRESENTATIVE","39486.00"
"CLERICAL ASSOCIATE MOST MAYORAL AG","65805.00"
"COMPUTER SYSTEMS MANAGER","189875.00"
"RADIO AND TELEVISION OPERATOR","63138.00"
"CALL CENTER REPRESENTATIVE","46885.00"
"TELECOMMUNICATIONS ASSOCIATE","62038.00"
"COMPUTER SPECIALIST","132170.00"
"PRINCIPAL ADMINISTRATIVE ASSOCIATE -  NON SUPVR","61643.00"
"CALL CENTER REPRESENTATIVE","45155.00"
"IT PROJECT SPECIALIST","158528.00"
"COMPUTER SPECIALIST","156883.00"
"COMPUTER SYSTEMS MANAGER","195629.00"
"COMPUTER SYSTEMS MANAGER","183502.00"
"COMPUTER SPECIALIST","134653.00"
"COMMUNITY ASSOCIATE","52110.00"
"CERTIFIED IT ADMINISTRATOR","131664.00"
"COMPUTER SYSTEMS MANAGER","123943.00"
"COMPUTER SPECIALIST","124285.00"
"CALL CENTER REPRESENTATIVE","50508.00"
"COMMUNITY COORDINATOR","72371.00"
"EXECUTIVE AGENCY COUNSEL","274386.00"
"ADMINISTRATIVE STAFF ANALYST","183894.00"
"IT PROJECT SPECIALIST","159301.00"
"COMPUTER SPECIALIST","119853.00"
"TELECOMMUNICATIONS ASSOCIATE","97178.00"
"SUPERVISING COMPUTER SERVICE TECHNICIAN","82306.00"
"ASSOCIATE CALL CENTER REPRESENTATIVE-NON-SPVR","63614.00"
"ADMINISTRATIVE STAFF ANALYST","134516.00"
"IT PROJECT SPECIALIST","142550.00"
"ADMINISTRATIVE STAFF ANALYST","209681.00"
"SUPERVISOR OF RADIO AND TELEVISION OPERATORS","91344.00"
"ADM MANAGER-NON-MGRL","89464.00"
"COMPUTER OPERATIONS MANAGER","202459.00"
"COMPUTER SYSTEMS MANAGER","155616.00"
"COMPUTER OPERATIONS MANAGER","192846.00"
"COMPUTER ASSOCIATE","117380.00"
"ADMINISTRATIVE STAFF ANALYST","151600.00"
"COMPUTER AIDE-NON-SPVR","54779.00"
"TELECOMMUNICATIONS ASSOCIATE","98575.00"
"COMPUTER SYSTEMS MANAGER","194866.00"
"CERTIFIED IT ADMINISTRATOR","151429.00"
"COMPUTER SYSTEMS MANAGER","159503.00"
"COMPUTER SYSTEMS MANAGER","183413.00"
"TELECOMMUNICATIONS ASSOCIATE","99466.00"
"COMPUTER SYSTEMS MANAGER","201661.00"
"ADM MANAGER-NON-MGRL","111669.00"
"COMPUTER SYSTEMS MANAGER","166847.00"
"COMPUTER SPECIALIST","109935.00"
"ADM MANAGER-NON-MGRL","140798.00"
"ADMINISTRATIVE STAFF ANALYST","127199.00"
"COMPUTER SYSTEMS MANAGER","198325.00"
"ADM MANAGER-NON-MGRL","140032.00"
"COMPUTER SYSTEMS MANAGER","193473.00"
"IT SECURITY SPECIALIST","191511.00"
"IT SECURITY SPECIALIST","127617.00"
"COMPUTER SYSTEMS MANAGER","250812.00"
"PROGRAM PRODUCER","63608.00"
"SECRETARY","72831.00"
"COMPUTER SYSTEMS MANAGER","278788.00"
"ADMINISTRATIVE STAFF ANALYST","150597.00"
"COMPUTER SPECIALIST","109985.00"
"COMPUTER SPECIALIST","137985.00"
"CALL CENTER REPRESENTATIVE","46885.00"
"CLERICAL ASSOCIATE MOST MAYORAL AG","54865.00"
"ASSOCIATE CALL CENTER REPRESENTATIVE-NON-SPVR","68359.00"
"CLERICAL ASSOCIATE MOST MAYORAL AG","68726.00"
"ADMINISTRATIVE PROCUREMENT ANALYST","207638.00"
"ASSOCIATE STAFF ANALYST","100978.00"
"COMPUTER OPERATIONS MANAGER","225107.00"
"COMPUTER SPECIALIST","118270.00"
"COMPUTER SYSTEMS MANAGER","162133.00"
"COMPUTER ASSOCIATE","79992.00"
"CALL CENTER REPRESENTATIVE","49072.00"
"COMPUTER ASSOCIATE","103577.00"
"COMPUTER SPECIALIST","118810.00"
"TELECOMMUNICATIONS ASSOCIATE","103839.00"
"ADMINISTRATIVE STAFF ANALYST","145948.00"
"RADIO AND TELEVISION OPERATOR","71251.00"
"ADMINISTRATIVE STAFF ANALYST","126260.00"
"ADMINISTRATIVE STAFF ANALYST","199713.00"
"CERTIFIED IT ADMINISTRATOR","138088.00"
"TELECOMMUNICATIONS MANAGER","144415.00"
"CERTIFIED IT ADMINISTRATOR","146685.00"
"COMPUTER SYSTEMS MANAGER","189750.00"
"Executive Program Specialist","200183.00"
"ADM MANAGER-NON-MGRL","109556.00"
"COMPUTER ASSOCIATE","102972.00"
"COMPUTER SPECIALIST","123648.00"
"COMPUTER SPECIALIST","106573.00"
"CERTIFIED IT ADMINISTRATOR","154323.00"
"ADM MANAGER-NON-MGRL","145134.00"
"COMPUTER SPECIALIST","129958.00"
"COMPUTER ASSOCIATE","98037.00"
"ADMINISTRATIVE BUSINESS PROMOTION COORDINATOR","128836.00"
"CALL CENTER REPRESENTATIVE","49072.00"
"CALL CENTER REPRESENTATIVE","49138.00"
"TELECOMMUNICATIONS ASSOCIATE","115713.00"
"COMPUTER SPECIALIST","132349.00"
"ADMINISTRATIVE STAFF ANALYST","168894.00"
"COMPUTER SYSTEMS MANAGER","204796.00"
"CALL CENTER REPRESENTATIVE","40770.00"
"COMPUTER ASSOCIATE","122540.00"
"COMPUTER ASSOCIATE","86766.00"
"ADM MANAGER-NON-MGRL","89523.00"
"CALL CENTER REPRESENTATIVE","47389.00"
"ADMINISTRATIVE STAFF ANALYST","174387.00"
"COMPUTER SPECIALIST","145200.00"
"ADM MANAGER-NON-MGRL","99125.00"
"COMPUTER SPECIALIST","102562.00"
"ADM MANAGER-NON-MGRL","95647.00"
"ADMINISTRATIVE BUSINESS PROMOTION COORDINATOR","164745.00"
"ADM MANAGER-NON-MGRL","91015.00"
"COMPUTER ASSOCIATE","69163.00"
"COMPUTER SPECIALIST","135190.00"
"COMPUTER SPECIALIST","128310.00"
"ADMINISTRATIVE STAFF ANALYST","116926.00"
"COMPUTER SYSTEMS MANAGER","173848.00"
"ADMINISTRATIVE STAFF ANALYST","159001.00"
"SUPERVISOR OF RADIO AND TELEVISION OPERATORS","91439.00"
"COMPUTER SYSTEMS MANAGER","224072.00"
"COMPUTER SYSTEMS MANAGER","149121.00"
"RADIO AND TELEVISION OPERATOR","65216.00"
"ADMINISTRATIVE STAFF ANALYST","276778.00"
"ADMINISTRATIVE STAFF ANALYST","167051.00"
"COMPUTER SPECIALIST","139406.00"
"TELECOMMUNICATIONS ASSOCIATE","62581.00"
"CALL CENTER REPRESENTATIVE","46885.00"
"COMPUTER AIDE-NON-SPVR","74931.00"
"IT PROJECT SPECIALIST","122004.00"
"COMPUTER SPECIALIST","117153.00"
"IT SECURITY SPECIALIST","145261.00"
"COMPUTER ASSOCIATE","125000.00"
"CALL CENTER REPRESENTATIVE","39486.00"
"CERTIFIED IT ADMINISTRATOR","124836.00"
"COMPUTER SPECIALIST","145877.00"
"ADMINISTRATIVE PUBLIC INFORMATION SPECIALIST","174495.00"
"COMPUTER SYSTEMS MANAGER","199214.00"
"COMPUTER SYSTEMS MANAGER","177665.00"
"COMPUTER SPECIALIST","119634.00"
"Executive Program Specialist","95088.00"
"Executive Program Specialist","116982.00"
"CYBER SECURITY ANALYST","98584.00"
"CALL CENTER REPRESENTATIVE","46885.00"
"GRAPHIC ARTIST","99869.00"
"CALL CENTER REPRESENTATIVE","45155.00"
"CALL CENTER REPRESENTATIVE","46885.00"
"CALL CENTER REPRESENTATIVE","46885.00"
"ASSOCIATE CALL CENTER REPRESENTATIVE-NON-SPVR","63296.00"
"CALL CENTER REPRESENTATIVE","39486.00"
"COMPUTER SYSTEMS MANAGER","126251.00"
"COMMUNITY COORDINATOR","86994.00"
"CERTIFIED IT ADMINISTRATOR","144719.00"
"COMMUNITY ASSOCIATE","51227.00"
"ASSOCIATE CALL CENTER REPRESENTATIVE-NON-SPVR","69625.00"
"CERTIFIED IT ADMINISTRATOR","137825.00"
"CALL CENTER REPRESENTATIVE","39486.00"
"IT SECURITY SPECIALIST","134541.00"
"CALL CENTER REPRESENTATIVE","40769.00"
"CALL CENTER REPRESENTATIVE","46885.00"
"COMPUTER SPECIALIST","123208.00"
"COMPUTER SYSTEMS MANAGER","141659.00"
"COMPUTER ASSOCIATE","98037.00"
"COMPUTER ASSOCIATE","113516.00"
"CALL CENTER REPRESENTATIVE","40769.00"
"ADMINISTRATIVE PROCUREMENT ANALYST","191613.00"
"COMPUTER AIDE-NON-SPVR","60098.00"
"COMPUTER SYSTEMS MANAGER","195580.00"
"COMPUTER SYSTEMS MANAGER","103858.00"
"COMMUNITY COORDINATOR","72298.00"
"EXECUTIVE AGENCY COUNSEL","180100.00"
"PRINCIPAL ADMINISTRATIVE ASSOCIATE -  NON SUPVR","80046.00"
"ADMINISTRATIVE STAFF ANALYST","157657.00"
"CALL CENTER REPRESENTATIVE","46885.00"
"IT PROJECT SPECIALIST","128949.00"
"CYBER SECURITY ANALYST","126814.00"
"COMPUTER ASSOCIATE","68468.00"
"CALL CENTER REPRESENTATIVE","46885.00"
"Executive Program Specialist","115095.00"
"Executive Program Specialist","118460.00"
"IT SECURITY SPECIALIST","191745.00"
"COMPUTER SYSTEMS MANAGER","105846.00"
"CALL CENTER REPRESENTATIVE","46885.00"
"CERTIFIED IT ADMINISTRATOR","114090.00"
"COMPUTER SYSTEMS MANAGER","144902.00"
"PRINCIPAL ADMINISTRATIVE ASSOCIATE -  NON SUPVR","65615.00"
"TELECOMMUNICATIONS MANAGER","109518.00"
"COMPUTER SPECIALIST","109518.00"
"COMPUTER SYSTEMS MANAGER","149803.00"
"COMPUTER SPECIALIST","125680.00"
"CERTIFIED IT ADMINISTRATOR","164235.00"
"EXECUTIVE AGENCY COUNSEL","278775.00"
"CALL CENTER REPRESENTATIVE","46885.00"
"COMPUTER SYSTEMS MANAGER","191511.00"
"COMPUTER SYSTEMS MANAGER","198240.00"
"COMPUTER SYSTEMS MANAGER","133610.00"
"COMPUTER SYSTEMS MANAGER","166355.00"
"COMPUTER SYSTEMS MANAGER","200093.00"
"COMPUTER SYSTEMS MANAGER","218081.00"
"COMPUTER SYSTEMS MANAGER","130936.00"
"CALL CENTER REPRESENTATIVE","39486.00"
"COMPUTER SPECIALIST","146583.00"
"ADMINISTRATIVE PROCUREMENT ANALYST-NON-MGRL","98046.00"
"CALL CENTER REPRESENTATIVE","46885.00"
"ASSOCIATE CALL CENTER REPRESENTATIVE-NON-SPVR","63296.00"
"IT SECURITY SPECIALIST","129543.00"
"ASSOCIATE CALL CENTER REPRESENTATIVE-NON-SPVR","69625.00"
"CALL CENTER REPRESENTATIVE","45409.00"
"COMPUTER SYSTEMS MANAGER","133641.00"
"CALL CENTER REPRESENTATIVE","39486.00"
"COMPUTER ASSOCIATE","82149.00"
"PRINCIPAL ADMINISTRATIVE ASSOCIATE -  NON SUPVR","84880.00"
"COMPUTER OPERATIONS MANAGER","115587.00"
"IT PROJECT SPECIALIST","108858.00"
"PROGRAM PRODUCER","96959.00"
"COMPUTER OPERATIONS MANAGER","199282.00"
"CALL CENTER REPRESENTATIVE","46885.00"
"COMPUTER SPECIALIST","109518.00"
"PROGRAM PRODUCER","90317.00"
"COMPUTER SPECIALIST","123208.00"
